dataset,split,fold,kc_id,train_freq,valid_freq,test_freq,bucket
xes3g5m,learner_based,0,0,5381,800,1624,dense
xes3g5m,learner_based,0,1,5941,820,1660,dense
xes3g5m,learner_based,0,10,27284,3880,8033,dense
xes3g5m,learner_based,0,100,2031,339,608,dense
xes3g5m,learner_based,0,101,7186,1081,2022,dense
xes3g5m,learner_based,0,102,24291,3585,6854,dense
xes3g5m,learner_based,0,103,1778,258,489,dense
xes3g5m,learner_based,0,104,32065,4753,8837,dense
xes3g5m,learner_based,0,105,2405,335,677,dense
xes3g5m,learner_based,0,106,27954,4096,8156,dense
xes3g5m,learner_based,0,107,3527,544,952,dense
xes3g5m,learner_based,0,108,34327,4831,9869,dense
xes3g5m,learner_based,0,109,31486,4314,8862,dense
xes3g5m,learner_based,0,11,13197,1862,3890,dense
xes3g5m,learner_based,0,110,755,114,212,dense
xes3g5m,learner_based,0,111,1026,156,288,dense
xes3g5m,learner_based,0,112,14011,2071,3943,dense
xes3g5m,learner_based,0,113,806,130,227,dense
xes3g5m,learner_based,0,114,11081,1659,3153,dense
xes3g5m,learner_based,0,115,3997,595,1122,dense
xes3g5m,learner_based,0,116,3065,472,895,dense
xes3g5m,learner_based,0,117,6937,977,2021,dense
xes3g5m,learner_based,0,118,5697,808,1653,dense
xes3g5m,learner_based,0,119,8738,1245,2532,dense
xes3g5m,learner_based,0,12,10023,1447,2914,dense
xes3g5m,learner_based,0,120,1588,215,445,dense
xes3g5m,learner_based,0,121,13254,1913,3722,dense
xes3g5m,learner_based,0,122,1576,220,483,dense
xes3g5m,learner_based,0,123,19408,2879,5624,dense
xes3g5m,learner_based,0,124,13987,2088,4047,dense
xes3g5m,learner_based,0,125,2440,368,717,dense
xes3g5m,learner_based,0,126,1478,229,454,dense
xes3g5m,learner_based,0,127,9648,1423,2879,dense
xes3g5m,learner_based,0,128,5727,864,1699,dense
xes3g5m,learner_based,0,129,1256,204,353,dense
xes3g5m,learner_based,0,13,4763,675,1392,dense
xes3g5m,learner_based,0,130,4869,691,1403,dense
xes3g5m,learner_based,0,131,10297,1552,3035,dense
xes3g5m,learner_based,0,132,13713,1990,4061,dense
xes3g5m,learner_based,0,133,7604,1020,2228,dense
xes3g5m,learner_based,0,134,8664,1251,2461,dense
xes3g5m,learner_based,0,135,14311,2059,4009,dense
xes3g5m,learner_based,0,136,387,60,103,medium
xes3g5m,learner_based,0,137,2127,314,644,dense
xes3g5m,learner_based,0,138,65152,8926,18054,dense
xes3g5m,learner_based,0,139,21267,2916,6201,dense
xes3g5m,learner_based,0,14,27046,3832,7642,dense
xes3g5m,learner_based,0,140,34870,4604,10052,dense
xes3g5m,learner_based,0,141,4260,618,1191,dense
xes3g5m,learner_based,0,142,14674,2157,4390,dense
xes3g5m,learner_based,0,143,4137,595,1169,dense
xes3g5m,learner_based,0,144,8509,1275,2515,dense
xes3g5m,learner_based,0,145,8288,1169,2383,dense
xes3g5m,learner_based,0,146,8839,1304,2639,dense
xes3g5m,learner_based,0,147,14687,2144,4235,dense
xes3g5m,learner_based,0,148,11874,1688,3598,dense
xes3g5m,learner_based,0,149,6016,892,1795,dense
xes3g5m,learner_based,0,15,2511,368,775,dense
xes3g5m,learner_based,0,150,5858,856,1756,dense
xes3g5m,learner_based,0,151,2339,361,687,dense
xes3g5m,learner_based,0,152,5544,789,1700,dense
xes3g5m,learner_based,0,153,4099,574,1263,dense
xes3g5m,learner_based,0,154,7761,1123,2424,dense
xes3g5m,learner_based,0,155,73913,10395,21152,dense
xes3g5m,learner_based,0,156,3662,517,1009,dense
xes3g5m,learner_based,0,157,20870,2974,5830,dense
xes3g5m,learner_based,0,158,2466,371,676,dense
xes3g5m,learner_based,0,159,2038,303,557,dense
xes3g5m,learner_based,0,16,12511,1790,3626,dense
xes3g5m,learner_based,0,160,9070,1266,2628,dense
xes3g5m,learner_based,0,161,12619,1678,3498,dense
xes3g5m,learner_based,0,162,21348,3036,6088,dense
xes3g5m,learner_based,0,163,5587,774,1525,dense
xes3g5m,learner_based,0,164,16709,2354,4721,dense
xes3g5m,learner_based,0,165,19437,2685,5523,dense
xes3g5m,learner_based,0,166,60567,8496,17254,dense
xes3g5m,learner_based,0,167,10560,1492,3020,dense
xes3g5m,learner_based,0,168,32159,4636,9016,dense
xes3g5m,learner_based,0,169,13624,1855,3812,dense
xes3g5m,learner_based,0,17,6339,861,1886,dense
xes3g5m,learner_based,0,170,29397,4093,8267,dense
xes3g5m,learner_based,0,171,5073,681,1412,dense
xes3g5m,learner_based,0,172,19164,2687,5314,dense
xes3g5m,learner_based,0,173,6906,987,2033,dense
xes3g5m,learner_based,0,174,7877,1090,2265,dense
xes3g5m,learner_based,0,175,8485,1207,2352,dense
xes3g5m,learner_based,0,176,11362,1523,3105,dense
xes3g5m,learner_based,0,177,30867,4241,8635,dense
xes3g5m,learner_based,0,178,5873,811,1630,dense
xes3g5m,learner_based,0,179,35623,5028,9922,dense
xes3g5m,learner_based,0,18,105754,14759,29954,dense
xes3g5m,learner_based,0,180,38368,5279,10779,dense
xes3g5m,learner_based,0,181,5729,810,1631,dense
xes3g5m,learner_based,0,182,7662,1059,2183,dense
xes3g5m,learner_based,0,183,37484,5220,10448,dense
xes3g5m,learner_based,0,184,6179,855,1723,dense
xes3g5m,learner_based,0,185,4299,619,1180,dense
xes3g5m,learner_based,0,186,1767,228,464,dense
xes3g5m,learner_based,0,187,23444,3407,6761,dense
xes3g5m,learner_based,0,188,31497,4512,9061,dense
xes3g5m,learner_based,0,189,8719,1190,2527,dense
xes3g5m,learner_based,0,19,702,144,210,dense
xes3g5m,learner_based,0,190,2613,344,786,dense
xes3g5m,learner_based,0,191,3865,536,1122,dense
xes3g5m,learner_based,0,192,24277,3369,6824,dense
xes3g5m,learner_based,0,193,9039,1251,2474,dense
xes3g5m,learner_based,0,194,7653,1069,2116,dense
xes3g5m,learner_based,0,195,5564,766,1580,dense
xes3g5m,learner_based,0,196,5326,751,1481,dense
xes3g5m,learner_based,0,197,3154,435,890,dense
xes3g5m,learner_based,0,198,31245,4349,8763,dense
xes3g5m,learner_based,0,199,8702,1196,2392,dense
xes3g5m,learner_based,0,2,33805,4766,9680,dense
xes3g5m,learner_based,0,20,5764,932,1758,dense
xes3g5m,learner_based,0,200,21194,2931,6155,dense
xes3g5m,learner_based,0,201,3493,487,1031,dense
xes3g5m,learner_based,0,202,7544,1024,2211,dense
xes3g5m,learner_based,0,203,16221,2297,4781,dense
xes3g5m,learner_based,0,204,33767,4709,9335,dense
xes3g5m,learner_based,0,205,11378,1527,3193,dense
xes3g5m,learner_based,0,206,36781,5017,10289,dense
xes3g5m,learner_based,0,207,13524,1808,3759,dense
xes3g5m,learner_based,0,208,62770,8727,17665,dense
xes3g5m,learner_based,0,209,11308,1578,3145,dense
xes3g5m,learner_based,0,21,445,78,138,medium
xes3g5m,learner_based,0,210,4749,646,1347,dense
xes3g5m,learner_based,0,211,6179,867,1759,dense
xes3g5m,learner_based,0,212,14502,1953,4028,dense
xes3g5m,learner_based,0,213,24151,3280,6786,dense
xes3g5m,learner_based,0,214,36404,4733,10123,dense
xes3g5m,learner_based,0,215,1767,213,475,dense
xes3g5m,learner_based,0,216,3733,495,1033,dense
xes3g5m,learner_based,0,217,5775,744,1570,dense
xes3g5m,learner_based,0,218,5536,760,1539,dense
xes3g5m,learner_based,0,219,3525,455,975,dense
xes3g5m,learner_based,0,22,2081,329,639,dense
xes3g5m,learner_based,0,220,20542,2822,5874,dense
xes3g5m,learner_based,0,221,7673,1108,2220,dense
xes3g5m,learner_based,0,222,25531,3470,7139,dense
xes3g5m,learner_based,0,223,14760,2024,4138,dense
xes3g5m,learner_based,0,224,4684,645,1300,dense
xes3g5m,learner_based,0,225,9401,1209,2507,dense
xes3g5m,learner_based,0,226,5290,672,1379,dense
xes3g5m,learner_based,0,227,14549,1971,3910,dense
xes3g5m,learner_based,0,228,5550,802,1644,dense
xes3g5m,learner_based,0,229,12150,1701,3478,dense
xes3g5m,learner_based,0,23,20989,2919,6029,dense
xes3g5m,learner_based,0,230,3163,441,984,dense
xes3g5m,learner_based,0,231,13249,1969,3855,dense
xes3g5m,learner_based,0,232,28123,4167,8411,dense
xes3g5m,learner_based,0,233,7526,1028,2177,dense
xes3g5m,learner_based,0,234,7852,1077,2256,dense
xes3g5m,learner_based,0,235,9322,1290,2653,dense
xes3g5m,learner_based,0,236,12133,1692,3472,dense
xes3g5m,learner_based,0,237,13779,1956,3870,dense
xes3g5m,learner_based,0,238,8186,1144,2307,dense
xes3g5m,learner_based,0,239,8518,1163,2473,dense
xes3g5m,learner_based,0,24,70202,9633,19992,dense
xes3g5m,learner_based,0,240,8523,1251,2572,dense
xes3g5m,learner_based,0,241,11976,1702,3396,dense
xes3g5m,learner_based,0,242,7010,1042,2158,dense
xes3g5m,learner_based,0,243,8307,1237,2496,dense
xes3g5m,learner_based,0,244,6126,880,1786,dense
xes3g5m,learner_based,0,245,1502,213,451,dense
xes3g5m,learner_based,0,246,1609,244,507,dense
xes3g5m,learner_based,0,247,4472,615,1271,dense
xes3g5m,learner_based,0,248,10266,1488,2935,dense
xes3g5m,learner_based,0,249,6153,940,1724,dense
xes3g5m,learner_based,0,25,6718,970,2035,dense
xes3g5m,learner_based,0,250,3938,562,1173,dense
xes3g5m,learner_based,0,251,3987,593,1155,dense
xes3g5m,learner_based,0,252,20363,2792,5748,dense
xes3g5m,learner_based,0,253,6721,984,1990,dense
xes3g5m,learner_based,0,254,1073,147,337,dense
xes3g5m,learner_based,0,255,1221,170,369,dense
xes3g5m,learner_based,0,256,3398,485,1006,dense
xes3g5m,learner_based,0,257,60349,8257,16828,dense
xes3g5m,learner_based,0,258,13745,1929,3959,dense
xes3g5m,learner_based,0,259,2820,407,808,dense
xes3g5m,learner_based,0,26,7140,970,2006,dense
xes3g5m,learner_based,0,260,21692,3005,6138,dense
xes3g5m,learner_based,0,261,14459,2139,4151,dense
xes3g5m,learner_based,0,262,8060,1182,2244,dense
xes3g5m,learner_based,0,263,20536,2978,5865,dense
xes3g5m,learner_based,0,264,7365,1049,2121,dense
xes3g5m,learner_based,0,265,6472,915,1848,dense
xes3g5m,learner_based,0,266,41099,5462,11175,dense
xes3g5m,learner_based,0,267,1309,195,356,dense
xes3g5m,learner_based,0,268,1423,196,377,dense
xes3g5m,learner_based,0,269,787,96,246,dense
xes3g5m,learner_based,0,27,349,57,98,medium
xes3g5m,learner_based,0,270,3164,435,905,dense
xes3g5m,learner_based,0,271,7520,1097,2101,dense
xes3g5m,learner_based,0,272,16501,2398,4636,dense
xes3g5m,learner_based,0,273,658,89,207,dense
xes3g5m,learner_based,0,274,827,136,217,dense
xes3g5m,learner_based,0,275,1053,162,316,dense
xes3g5m,learner_based,0,276,1475,226,419,dense
xes3g5m,learner_based,0,277,6072,922,1694,dense
xes3g5m,learner_based,0,278,1733,265,470,dense
xes3g5m,learner_based,0,279,2926,424,842,dense
xes3g5m,learner_based,0,28,2792,364,808,dense
xes3g5m,learner_based,0,280,1519,233,477,dense
xes3g5m,learner_based,0,281,301,46,78,medium
xes3g5m,learner_based,0,282,1849,288,489,dense
xes3g5m,learner_based,0,283,4464,648,1248,dense
xes3g5m,learner_based,0,284,1648,244,479,dense
xes3g5m,learner_based,0,285,4293,621,1194,dense
xes3g5m,learner_based,0,286,508,93,171,dense
xes3g5m,learner_based,0,287,2364,345,690,dense
xes3g5m,learner_based,0,288,1730,256,557,dense
xes3g5m,learner_based,0,289,800,114,248,dense
xes3g5m,learner_based,0,29,3954,598,1203,dense
xes3g5m,learner_based,0,290,1706,240,493,dense
xes3g5m,learner_based,0,291,3352,505,983,dense
xes3g5m,learner_based,0,292,2862,389,794,dense
xes3g5m,learner_based,0,293,2290,319,628,dense
xes3g5m,learner_based,0,294,3923,559,1124,dense
xes3g5m,learner_based,0,295,1955,277,537,dense
xes3g5m,learner_based,0,296,2626,400,737,dense
xes3g5m,learner_based,0,297,1188,180,339,dense
xes3g5m,learner_based,0,298,575,87,167,dense
xes3g5m,learner_based,0,299,3110,459,888,dense
xes3g5m,learner_based,0,3,11205,1704,3357,dense
xes3g5m,learner_based,0,30,14188,2052,4081,dense
xes3g5m,learner_based,0,300,3959,551,1145,dense
xes3g5m,learner_based,0,301,13042,1744,3679,dense
xes3g5m,learner_based,0,302,1357,181,372,dense
xes3g5m,learner_based,0,303,9427,1247,2592,dense
xes3g5m,learner_based,0,304,3501,496,1012,dense
xes3g5m,learner_based,0,305,1063,164,311,dense
xes3g5m,learner_based,0,306,999,142,307,dense
xes3g5m,learner_based,0,307,11692,1618,3383,dense
xes3g5m,learner_based,0,308,1525,235,466,dense
xes3g5m,learner_based,0,309,60,10,22,sparse
xes3g5m,learner_based,0,31,5240,784,1461,dense
xes3g5m,learner_based,0,310,1171,164,391,dense
xes3g5m,learner_based,0,311,7936,1172,2438,dense
xes3g5m,learner_based,0,312,614,84,195,dense
xes3g5m,learner_based,0,313,11035,1671,3259,dense
xes3g5m,learner_based,0,314,717,116,225,dense
xes3g5m,learner_based,0,315,1247,195,363,dense
xes3g5m,learner_based,0,316,536,82,161,dense
xes3g5m,learner_based,0,317,1601,245,493,dense
xes3g5m,learner_based,0,318,1079,164,321,dense
xes3g5m,learner_based,0,319,392,53,93,medium
xes3g5m,learner_based,0,32,44876,6465,12933,dense
xes3g5m,learner_based,0,320,1521,224,444,dense
xes3g5m,learner_based,0,321,1056,142,310,dense
xes3g5m,learner_based,0,322,1394,221,443,dense
xes3g5m,learner_based,0,323,1481,206,409,dense
xes3g5m,learner_based,0,324,1579,224,434,dense
xes3g5m,learner_based,0,325,2651,343,718,dense
xes3g5m,learner_based,0,326,4873,655,1476,dense
xes3g5m,learner_based,0,327,3249,527,951,dense
xes3g5m,learner_based,0,328,119,19,42,medium
xes3g5m,learner_based,0,329,6379,885,1830,dense
xes3g5m,learner_based,0,33,41847,6050,12070,dense
xes3g5m,learner_based,0,330,17256,2378,4838,dense
xes3g5m,learner_based,0,331,424,64,130,medium
xes3g5m,learner_based,0,332,2084,289,587,dense
xes3g5m,learner_based,0,333,381,46,121,medium
xes3g5m,learner_based,0,334,2013,289,554,dense
xes3g5m,learner_based,0,335,18554,2626,5361,dense
xes3g5m,learner_based,0,336,23239,3304,6730,dense
xes3g5m,learner_based,0,337,5197,723,1491,dense
xes3g5m,learner_based,0,338,2056,283,572,dense
xes3g5m,learner_based,0,339,4049,609,1150,dense
xes3g5m,learner_based,0,34,51780,7298,14687,dense
xes3g5m,learner_based,0,340,13490,1981,3765,dense
xes3g5m,learner_based,0,341,5020,694,1408,dense
xes3g5m,learner_based,0,342,5020,694,1408,dense
xes3g5m,learner_based,0,343,10630,1487,2962,dense
xes3g5m,learner_based,0,344,3141,434,887,dense
xes3g5m,learner_based,0,345,364,51,134,medium
xes3g5m,learner_based,0,346,177,24,66,medium
xes3g5m,learner_based,0,347,183,24,66,medium
xes3g5m,learner_based,0,348,440,69,154,medium
xes3g5m,learner_based,0,349,10199,1353,2893,dense
xes3g5m,learner_based,0,35,12824,1904,3720,dense
xes3g5m,learner_based,0,350,1852,278,528,dense
xes3g5m,learner_based,0,351,3767,491,1098,dense
xes3g5m,learner_based,0,352,9815,1356,2797,dense
xes3g5m,learner_based,0,353,331,40,93,medium
xes3g5m,learner_based,0,354,336,47,96,medium
xes3g5m,learner_based,0,355,2880,362,803,dense
xes3g5m,learner_based,0,356,1787,242,479,dense
xes3g5m,learner_based,0,357,2306,324,674,dense
xes3g5m,learner_based,0,358,970,132,258,dense
xes3g5m,learner_based,0,359,17399,2426,4941,dense
xes3g5m,learner_based,0,36,12216,1664,3561,dense
xes3g5m,learner_based,0,360,5132,681,1396,dense
xes3g5m,learner_based,0,361,6828,939,1913,dense
xes3g5m,learner_based,0,362,9012,1247,2539,dense
xes3g5m,learner_based,0,363,11284,1506,3060,dense
xes3g5m,learner_based,0,364,992,135,277,dense
xes3g5m,learner_based,0,365,8548,1267,2513,dense
xes3g5m,learner_based,0,366,6621,914,1920,dense
xes3g5m,learner_based,0,367,6435,936,1878,dense
xes3g5m,learner_based,0,368,2698,383,750,dense
xes3g5m,learner_based,0,369,1743,239,428,dense
xes3g5m,learner_based,0,37,11905,1779,3478,dense
xes3g5m,learner_based,0,370,1374,200,371,dense
xes3g5m,learner_based,0,371,4006,546,1095,dense
xes3g5m,learner_based,0,372,1887,286,593,dense
xes3g5m,learner_based,0,373,5931,847,1771,dense
xes3g5m,learner_based,0,374,6261,918,1809,dense
xes3g5m,learner_based,0,375,1329,193,373,dense
xes3g5m,learner_based,0,376,3226,474,940,dense
xes3g5m,learner_based,0,377,1779,266,487,dense
xes3g5m,learner_based,0,378,8937,1314,2547,dense
xes3g5m,learner_based,0,379,16890,2380,4814,dense
xes3g5m,learner_based,0,38,8199,1193,2406,dense
xes3g5m,learner_based,0,380,3759,521,1055,dense
xes3g5m,learner_based,0,381,3253,435,952,dense
xes3g5m,learner_based,0,382,2735,425,797,dense
xes3g5m,learner_based,0,383,1008,146,250,dense
xes3g5m,learner_based,0,384,1501,221,394,dense
xes3g5m,learner_based,0,385,1145,143,306,dense
xes3g5m,learner_based,0,386,2425,324,688,dense
xes3g5m,learner_based,0,387,2835,391,791,dense
xes3g5m,learner_based,0,388,3323,445,969,dense
xes3g5m,learner_based,0,389,7477,1018,2241,dense
xes3g5m,learner_based,0,39,9617,1405,2935,dense
xes3g5m,learner_based,0,390,5229,704,1459,dense
xes3g5m,learner_based,0,391,2801,382,813,dense
xes3g5m,learner_based,0,392,7429,1015,2103,dense
xes3g5m,learner_based,0,393,2511,346,720,dense
xes3g5m,learner_based,0,394,3910,537,1104,dense
xes3g5m,learner_based,0,395,1841,274,554,dense
xes3g5m,learner_based,0,396,1544,232,502,dense
xes3g5m,learner_based,0,397,657,89,234,dense
xes3g5m,learner_based,0,398,888,120,278,dense
xes3g5m,learner_based,0,399,644,104,199,dense
xes3g5m,learner_based,0,4,633,115,197,dense
xes3g5m,learner_based,0,40,5705,889,1775,dense
xes3g5m,learner_based,0,400,886,133,268,dense
xes3g5m,learner_based,0,401,5796,843,1680,dense
xes3g5m,learner_based,0,402,11275,1786,3203,dense
xes3g5m,learner_based,0,403,914,131,269,dense
xes3g5m,learner_based,0,404,1150,153,368,dense
xes3g5m,learner_based,0,405,2772,389,875,dense
xes3g5m,learner_based,0,406,834,97,238,dense
xes3g5m,learner_based,0,407,3837,539,1173,dense
xes3g5m,learner_based,0,408,5276,742,1533,dense
xes3g5m,learner_based,0,409,4590,684,1304,dense
xes3g5m,learner_based,0,41,31759,4663,8881,dense
xes3g5m,learner_based,0,410,3415,495,959,dense
xes3g5m,learner_based,0,411,3612,522,1015,dense
xes3g5m,learner_based,0,412,3583,525,1005,dense
xes3g5m,learner_based,0,413,7933,1126,2285,dense
xes3g5m,learner_based,0,414,1547,244,478,dense
xes3g5m,learner_based,0,415,223,27,77,medium
xes3g5m,learner_based,0,416,70,8,26,sparse
xes3g5m,learner_based,0,417,70,8,26,sparse
xes3g5m,learner_based,0,418,314,62,99,medium
xes3g5m,learner_based,0,419,535,85,141,dense
xes3g5m,learner_based,0,42,2553,375,772,dense
xes3g5m,learner_based,0,420,1033,148,281,dense
xes3g5m,learner_based,0,421,190,28,54,medium
xes3g5m,learner_based,0,422,3951,549,1143,dense
xes3g5m,learner_based,0,423,49,8,19,sparse
xes3g5m,learner_based,0,424,2744,431,842,dense
xes3g5m,learner_based,0,425,3381,557,1000,dense
xes3g5m,learner_based,0,426,445,78,141,medium
xes3g5m,learner_based,0,427,959,143,300,dense
xes3g5m,learner_based,0,428,71,6,27,sparse
xes3g5m,learner_based,0,429,210,29,60,medium
xes3g5m,learner_based,0,43,12617,1836,3583,dense
xes3g5m,learner_based,0,430,1281,179,349,dense
xes3g5m,learner_based,0,431,4453,698,1230,dense
xes3g5m,learner_based,0,432,237,42,87,medium
xes3g5m,learner_based,0,433,136,14,44,medium
xes3g5m,learner_based,0,434,186,25,61,medium
xes3g5m,learner_based,0,435,2174,319,670,dense
xes3g5m,learner_based,0,436,775,120,229,dense
xes3g5m,learner_based,0,437,288,43,99,medium
xes3g5m,learner_based,0,438,490,77,125,medium
xes3g5m,learner_based,0,439,490,77,125,medium
xes3g5m,learner_based,0,44,5840,857,1641,dense
xes3g5m,learner_based,0,440,331,38,78,medium
xes3g5m,learner_based,0,441,1081,155,262,dense
xes3g5m,learner_based,0,442,65,16,16,sparse
xes3g5m,learner_based,0,443,618,90,172,dense
xes3g5m,learner_based,0,444,183,24,42,medium
xes3g5m,learner_based,0,445,62,13,18,sparse
xes3g5m,learner_based,0,446,622,71,161,dense
xes3g5m,learner_based,0,447,6215,897,1577,dense
xes3g5m,learner_based,0,448,16635,2424,4315,dense
xes3g5m,learner_based,0,449,161,21,41,medium
xes3g5m,learner_based,0,45,371,66,121,medium
xes3g5m,learner_based,0,450,709,106,197,dense
xes3g5m,learner_based,0,451,1183,185,317,dense
xes3g5m,learner_based,0,452,305,55,83,medium
xes3g5m,learner_based,0,453,93,19,32,sparse
xes3g5m,learner_based,0,454,51,9,15,sparse
xes3g5m,learner_based,0,455,49,7,16,sparse
xes3g5m,learner_based,0,456,123,24,36,medium
xes3g5m,learner_based,0,457,374,64,113,medium
xes3g5m,learner_based,0,458,120,24,37,medium
xes3g5m,learner_based,0,459,163,25,49,medium
xes3g5m,learner_based,0,46,8656,1297,2647,dense
xes3g5m,learner_based,0,460,163,25,49,medium
xes3g5m,learner_based,0,461,192,36,63,medium
xes3g5m,learner_based,0,462,3581,530,1079,dense
xes3g5m,learner_based,0,463,929,106,276,dense
xes3g5m,learner_based,0,464,695,87,202,dense
xes3g5m,learner_based,0,465,926,121,265,dense
xes3g5m,learner_based,0,466,2586,373,769,dense
xes3g5m,learner_based,0,467,1696,243,491,dense
xes3g5m,learner_based,0,468,11796,1703,3354,dense
xes3g5m,learner_based,0,469,1105,159,330,dense
xes3g5m,learner_based,0,47,2435,353,745,dense
xes3g5m,learner_based,0,470,4873,694,1485,dense
xes3g5m,learner_based,0,471,9660,1388,2819,dense
xes3g5m,learner_based,0,472,1792,263,482,dense
xes3g5m,learner_based,0,473,2748,415,763,dense
xes3g5m,learner_based,0,474,2471,363,667,dense
xes3g5m,learner_based,0,475,1103,145,301,dense
xes3g5m,learner_based,0,476,1423,201,391,dense
xes3g5m,learner_based,0,477,3828,584,1157,dense
xes3g5m,learner_based,0,478,3701,562,1095,dense
xes3g5m,learner_based,0,479,2016,302,585,dense
xes3g5m,learner_based,0,48,2011,307,613,dense
xes3g5m,learner_based,0,480,6369,888,1930,dense
xes3g5m,learner_based,0,481,1734,248,508,dense
xes3g5m,learner_based,0,482,1427,221,413,dense
xes3g5m,learner_based,0,483,1881,277,541,dense
xes3g5m,learner_based,0,484,2048,292,592,dense
xes3g5m,learner_based,0,485,1515,209,418,dense
xes3g5m,learner_based,0,486,2498,350,715,dense
xes3g5m,learner_based,0,487,1614,231,401,dense
xes3g5m,learner_based,0,488,2284,349,678,dense
xes3g5m,learner_based,0,489,2419,313,686,dense
xes3g5m,learner_based,0,49,227,40,67,medium
xes3g5m,learner_based,0,490,670,94,199,dense
xes3g5m,learner_based,0,491,1310,182,407,dense
xes3g5m,learner_based,0,492,839,110,227,dense
xes3g5m,learner_based,0,493,407,57,121,medium
xes3g5m,learner_based,0,494,501,53,125,dense
xes3g5m,learner_based,0,495,312,30,77,medium
xes3g5m,learner_based,0,496,1005,150,309,dense
xes3g5m,learner_based,0,497,1091,189,326,dense
xes3g5m,learner_based,0,498,1315,190,432,dense
xes3g5m,learner_based,0,499,976,149,292,dense
xes3g5m,learner_based,0,5,18609,2577,5266,dense
xes3g5m,learner_based,0,50,235,41,69,medium
xes3g5m,learner_based,0,500,673,120,239,dense
xes3g5m,learner_based,0,501,1867,251,515,dense
xes3g5m,learner_based,0,502,1614,220,467,dense
xes3g5m,learner_based,0,503,875,118,262,dense
xes3g5m,learner_based,0,504,2042,277,537,dense
xes3g5m,learner_based,0,505,1343,172,351,dense
xes3g5m,learner_based,0,506,473,60,152,medium
xes3g5m,learner_based,0,507,342,50,107,medium
xes3g5m,learner_based,0,508,1511,237,458,dense
xes3g5m,learner_based,0,509,325,58,119,medium
xes3g5m,learner_based,0,51,4638,688,1374,dense
xes3g5m,learner_based,0,510,600,110,195,dense
xes3g5m,learner_based,0,511,398,68,130,medium
xes3g5m,learner_based,0,512,577,89,192,dense
xes3g5m,learner_based,0,513,911,139,285,dense
xes3g5m,learner_based,0,514,343,56,107,medium
xes3g5m,learner_based,0,515,416,46,116,medium
xes3g5m,learner_based,0,516,607,107,199,dense
xes3g5m,learner_based,0,517,482,75,155,medium
xes3g5m,learner_based,0,518,1287,214,370,dense
xes3g5m,learner_based,0,519,684,103,218,dense
xes3g5m,learner_based,0,52,1362,213,405,dense
xes3g5m,learner_based,0,520,248,46,96,medium
xes3g5m,learner_based,0,521,501,64,170,dense
xes3g5m,learner_based,0,522,552,102,171,dense
xes3g5m,learner_based,0,523,200,37,60,medium
xes3g5m,learner_based,0,524,295,58,94,medium
xes3g5m,learner_based,0,525,68,14,27,sparse
xes3g5m,learner_based,0,526,1514,251,445,dense
xes3g5m,learner_based,0,527,160,24,40,medium
xes3g5m,learner_based,0,528,474,72,130,medium
xes3g5m,learner_based,0,529,553,62,155,dense
xes3g5m,learner_based,0,53,662,114,198,dense
xes3g5m,learner_based,0,530,876,120,252,dense
xes3g5m,learner_based,0,531,950,129,277,dense
xes3g5m,learner_based,0,532,154,23,46,medium
xes3g5m,learner_based,0,533,137,24,46,medium
xes3g5m,learner_based,0,534,270,35,86,medium
xes3g5m,learner_based,0,535,399,58,114,medium
xes3g5m,learner_based,0,536,1779,253,450,dense
xes3g5m,learner_based,0,537,241,49,78,medium
xes3g5m,learner_based,0,538,173,30,63,medium
xes3g5m,learner_based,0,539,173,30,63,medium
xes3g5m,learner_based,0,54,4528,690,1344,dense
xes3g5m,learner_based,0,540,221,38,81,medium
xes3g5m,learner_based,0,541,293,49,107,medium
xes3g5m,learner_based,0,542,120,16,42,medium
xes3g5m,learner_based,0,543,302,58,85,medium
xes3g5m,learner_based,0,544,142,26,49,medium
xes3g5m,learner_based,0,545,713,112,189,dense
xes3g5m,learner_based,0,546,5135,761,1490,dense
xes3g5m,learner_based,0,547,220,31,63,medium
xes3g5m,learner_based,0,548,210,35,81,medium
xes3g5m,learner_based,0,549,242,42,88,medium
xes3g5m,learner_based,0,55,83840,12025,24052,dense
xes3g5m,learner_based,0,550,149,32,49,medium
xes3g5m,learner_based,0,551,38,6,14,sparse
xes3g5m,learner_based,0,552,24,6,6,sparse
xes3g5m,learner_based,0,553,130,26,38,medium
xes3g5m,learner_based,0,554,170,29,42,medium
xes3g5m,learner_based,0,555,56,11,14,sparse
xes3g5m,learner_based,0,556,42,9,12,sparse
xes3g5m,learner_based,0,557,33,9,11,sparse
xes3g5m,learner_based,0,558,605,72,153,dense
xes3g5m,learner_based,0,559,68,13,28,sparse
xes3g5m,learner_based,0,56,48306,7009,13896,dense
xes3g5m,learner_based,0,560,91,15,39,sparse
xes3g5m,learner_based,0,561,44,7,19,sparse
xes3g5m,learner_based,0,562,954,130,338,dense
xes3g5m,learner_based,0,563,107,13,49,medium
xes3g5m,learner_based,0,564,228,27,100,medium
xes3g5m,learner_based,0,565,408,53,155,medium
xes3g5m,learner_based,0,566,240,39,77,medium
xes3g5m,learner_based,0,567,279,41,89,medium
xes3g5m,learner_based,0,568,203,32,58,medium
xes3g5m,learner_based,0,569,252,46,83,medium
xes3g5m,learner_based,0,57,60464,8579,17194,dense
xes3g5m,learner_based,0,570,112,15,33,medium
xes3g5m,learner_based,0,571,273,36,97,medium
xes3g5m,learner_based,0,572,146,20,48,medium
xes3g5m,learner_based,0,573,124,15,51,medium
xes3g5m,learner_based,0,574,302,44,98,medium
xes3g5m,learner_based,0,575,121,25,40,medium
xes3g5m,learner_based,0,576,298,54,99,medium
xes3g5m,learner_based,0,577,253,41,70,medium
xes3g5m,learner_based,0,578,311,49,95,medium
xes3g5m,learner_based,0,579,615,109,190,dense
xes3g5m,learner_based,0,58,17967,2657,5189,dense
xes3g5m,learner_based,0,580,613,83,141,dense
xes3g5m,learner_based,0,581,816,105,225,dense
xes3g5m,learner_based,0,582,1534,220,408,dense
xes3g5m,learner_based,0,583,761,110,203,dense
xes3g5m,learner_based,0,584,357,36,81,medium
xes3g5m,learner_based,0,585,713,102,203,dense
xes3g5m,learner_based,0,586,3210,447,983,dense
xes3g5m,learner_based,0,587,588,72,228,dense
xes3g5m,learner_based,0,588,293,36,114,medium
xes3g5m,learner_based,0,589,275,36,118,medium
xes3g5m,learner_based,0,59,8750,1309,2613,dense
xes3g5m,learner_based,0,590,51,6,23,sparse
xes3g5m,learner_based,0,591,56,5,22,sparse
xes3g5m,learner_based,0,592,67,9,30,sparse
xes3g5m,learner_based,0,593,269,37,112,medium
xes3g5m,learner_based,0,594,323,42,134,medium
xes3g5m,learner_based,0,595,363,48,137,medium
xes3g5m,learner_based,0,596,93,13,37,sparse
xes3g5m,learner_based,0,597,138,24,49,medium
xes3g5m,learner_based,0,598,361,38,107,medium
xes3g5m,learner_based,0,599,55,6,22,sparse
xes3g5m,learner_based,0,6,31549,4426,9073,dense
xes3g5m,learner_based,0,60,1864,270,536,dense
xes3g5m,learner_based,0,600,71,14,35,sparse
xes3g5m,learner_based,0,601,88,15,27,sparse
xes3g5m,learner_based,0,602,87,11,29,sparse
xes3g5m,learner_based,0,603,216,31,57,medium
xes3g5m,learner_based,0,604,288,41,87,medium
xes3g5m,learner_based,0,605,312,43,82,medium
xes3g5m,learner_based,0,606,409,63,90,medium
xes3g5m,learner_based,0,607,485,67,146,medium
xes3g5m,learner_based,0,608,466,57,115,medium
xes3g5m,learner_based,0,609,108,19,34,medium
xes3g5m,learner_based,0,61,7009,1002,2009,dense
xes3g5m,learner_based,0,610,238,32,67,medium
xes3g5m,learner_based,0,611,211,31,58,medium
xes3g5m,learner_based,0,612,921,134,259,dense
xes3g5m,learner_based,0,613,484,68,139,medium
xes3g5m,learner_based,0,614,359,54,103,medium
xes3g5m,learner_based,0,615,85,16,25,sparse
xes3g5m,learner_based,0,616,68,14,25,sparse
xes3g5m,learner_based,0,617,65,11,30,sparse
xes3g5m,learner_based,0,618,469,61,122,medium
xes3g5m,learner_based,0,619,307,54,82,medium
xes3g5m,learner_based,0,62,16085,2351,4675,dense
xes3g5m,learner_based,0,620,105,17,33,medium
xes3g5m,learner_based,0,621,33,5,8,sparse
xes3g5m,learner_based,0,622,29,5,7,sparse
xes3g5m,learner_based,0,623,332,43,102,medium
xes3g5m,learner_based,0,624,848,121,232,dense
xes3g5m,learner_based,0,625,1055,150,295,dense
xes3g5m,learner_based,0,626,586,106,166,dense
xes3g5m,learner_based,0,627,312,38,78,medium
xes3g5m,learner_based,0,628,217,28,61,medium
xes3g5m,learner_based,0,629,454,62,124,medium
xes3g5m,learner_based,0,63,4894,725,1350,dense
xes3g5m,learner_based,0,630,132,19,37,medium
xes3g5m,learner_based,0,631,59,10,19,sparse
xes3g5m,learner_based,0,632,56,11,20,sparse
xes3g5m,learner_based,0,633,160,21,47,medium
xes3g5m,learner_based,0,634,423,55,100,medium
xes3g5m,learner_based,0,635,2617,373,784,dense
xes3g5m,learner_based,0,636,265,35,88,medium
xes3g5m,learner_based,0,637,233,31,69,medium
xes3g5m,learner_based,0,638,196,40,59,medium
xes3g5m,learner_based,0,639,161,24,45,medium
xes3g5m,learner_based,0,64,24463,3653,6952,dense
xes3g5m,learner_based,0,640,415,68,124,medium
xes3g5m,learner_based,0,641,83,17,26,sparse
xes3g5m,learner_based,0,642,33,6,7,sparse
xes3g5m,learner_based,0,643,1084,159,330,dense
xes3g5m,learner_based,0,644,1410,179,433,dense
xes3g5m,learner_based,0,645,714,106,216,dense
xes3g5m,learner_based,0,646,667,94,208,dense
xes3g5m,learner_based,0,647,509,67,172,dense
xes3g5m,learner_based,0,648,230,29,78,medium
xes3g5m,learner_based,0,649,942,140,285,dense
xes3g5m,learner_based,0,65,30450,4564,8944,dense
xes3g5m,learner_based,0,650,942,141,285,dense
xes3g5m,learner_based,0,651,199,25,50,medium
xes3g5m,learner_based,0,652,191,23,41,medium
xes3g5m,learner_based,0,653,340,35,89,medium
xes3g5m,learner_based,0,654,415,67,104,medium
xes3g5m,learner_based,0,655,536,49,160,dense
xes3g5m,learner_based,0,656,450,67,141,medium
xes3g5m,learner_based,0,657,1228,171,414,dense
xes3g5m,learner_based,0,658,1335,183,449,dense
xes3g5m,learner_based,0,659,1831,268,549,dense
xes3g5m,learner_based,0,66,16295,2211,4747,dense
xes3g5m,learner_based,0,660,375,45,98,medium
xes3g5m,learner_based,0,661,120,19,31,medium
xes3g5m,learner_based,0,662,66,11,17,sparse
xes3g5m,learner_based,0,663,59,11,16,sparse
xes3g5m,learner_based,0,664,50,9,17,sparse
xes3g5m,learner_based,0,665,202,37,73,medium
xes3g5m,learner_based,0,666,71,18,26,sparse
xes3g5m,learner_based,0,667,22,4,13,sparse
xes3g5m,learner_based,0,668,70,14,26,sparse
xes3g5m,learner_based,0,669,24,3,12,sparse
xes3g5m,learner_based,0,67,19048,2805,5417,dense
xes3g5m,learner_based,0,670,80,13,29,sparse
xes3g5m,learner_based,0,671,93,12,27,sparse
xes3g5m,learner_based,0,672,45,6,13,sparse
xes3g5m,learner_based,0,673,45,7,15,sparse
xes3g5m,learner_based,0,674,42,6,15,sparse
xes3g5m,learner_based,0,675,82,10,33,sparse
xes3g5m,learner_based,0,676,57,9,19,sparse
xes3g5m,learner_based,0,677,48,10,19,sparse
xes3g5m,learner_based,0,678,76,12,27,sparse
xes3g5m,learner_based,0,679,209,33,58,medium
xes3g5m,learner_based,0,68,7246,1057,2138,dense
xes3g5m,learner_based,0,680,281,46,76,medium
xes3g5m,learner_based,0,681,660,109,188,dense
xes3g5m,learner_based,0,682,248,40,60,medium
xes3g5m,learner_based,0,683,100,16,33,medium
xes3g5m,learner_based,0,684,158,30,44,medium
xes3g5m,learner_based,0,685,114,13,35,medium
xes3g5m,learner_based,0,686,49,4,17,sparse
xes3g5m,learner_based,0,687,191,26,49,medium
xes3g5m,learner_based,0,688,158,20,51,medium
xes3g5m,learner_based,0,689,339,37,77,medium
xes3g5m,learner_based,0,69,9072,1328,2584,dense
xes3g5m,learner_based,0,690,206,30,60,medium
xes3g5m,learner_based,0,691,217,33,69,medium
xes3g5m,learner_based,0,692,210,28,58,medium
xes3g5m,learner_based,0,693,192,30,54,medium
xes3g5m,learner_based,0,694,153,18,40,medium
xes3g5m,learner_based,0,695,400,64,106,medium
xes3g5m,learner_based,0,696,586,95,158,dense
xes3g5m,learner_based,0,697,103,18,29,medium
xes3g5m,learner_based,0,698,381,54,107,medium
xes3g5m,learner_based,0,699,160,21,40,medium
xes3g5m,learner_based,0,7,11934,1656,3542,dense
xes3g5m,learner_based,0,70,186,39,52,medium
xes3g5m,learner_based,0,700,247,39,73,medium
xes3g5m,learner_based,0,701,29,11,14,sparse
xes3g5m,learner_based,0,702,238,37,69,medium
xes3g5m,learner_based,0,703,202,30,47,medium
xes3g5m,learner_based,0,704,247,47,61,medium
xes3g5m,learner_based,0,705,149,7,43,medium
xes3g5m,learner_based,0,706,45,9,15,sparse
xes3g5m,learner_based,0,707,60,9,23,sparse
xes3g5m,learner_based,0,708,30,7,15,sparse
xes3g5m,learner_based,0,709,284,41,81,medium
xes3g5m,learner_based,0,71,2786,432,822,dense
xes3g5m,learner_based,0,710,46,5,17,sparse
xes3g5m,learner_based,0,711,62,11,19,sparse
xes3g5m,learner_based,0,712,100,18,32,medium
xes3g5m,learner_based,0,713,672,81,180,dense
xes3g5m,learner_based,0,714,107,16,39,medium
xes3g5m,learner_based,0,715,82,13,33,sparse
xes3g5m,learner_based,0,716,42,6,15,sparse
xes3g5m,learner_based,0,717,25,5,7,sparse
xes3g5m,learner_based,0,718,21,3,10,sparse
xes3g5m,learner_based,0,719,108,18,21,medium
xes3g5m,learner_based,0,72,3760,572,1078,dense
xes3g5m,learner_based,0,720,103,15,30,medium
xes3g5m,learner_based,0,721,192,30,46,medium
xes3g5m,learner_based,0,722,51,10,11,sparse
xes3g5m,learner_based,0,723,65,8,22,sparse
xes3g5m,learner_based,0,724,4,1,0,very_sparse
xes3g5m,learner_based,0,725,46,9,12,sparse
xes3g5m,learner_based,0,726,46,6,22,sparse
xes3g5m,learner_based,0,727,81,11,20,sparse
xes3g5m,learner_based,0,728,101,19,31,medium
xes3g5m,learner_based,0,729,47,6,14,sparse
xes3g5m,learner_based,0,73,54222,7797,15354,dense
xes3g5m,learner_based,0,730,44,5,10,sparse
xes3g5m,learner_based,0,731,24,3,10,sparse
xes3g5m,learner_based,0,732,80,16,29,sparse
xes3g5m,learner_based,0,733,98,19,36,sparse
xes3g5m,learner_based,0,734,142,28,60,medium
xes3g5m,learner_based,0,735,45,11,26,sparse
xes3g5m,learner_based,0,736,46,11,26,sparse
xes3g5m,learner_based,0,737,30,3,15,sparse
xes3g5m,learner_based,0,738,29,3,15,sparse
xes3g5m,learner_based,0,739,9,0,2,very_sparse
xes3g5m,learner_based,0,74,5299,744,1528,dense
xes3g5m,learner_based,0,740,50,7,14,sparse
xes3g5m,learner_based,0,741,184,21,53,medium
xes3g5m,learner_based,0,742,184,21,53,medium
xes3g5m,learner_based,0,743,31,6,4,sparse
xes3g5m,learner_based,0,744,61,5,19,sparse
xes3g5m,learner_based,0,745,29,2,11,sparse
xes3g5m,learner_based,0,746,37,6,15,sparse
xes3g5m,learner_based,0,747,37,6,15,sparse
xes3g5m,learner_based,0,748,46,10,13,sparse
xes3g5m,learner_based,0,749,46,10,12,sparse
xes3g5m,learner_based,0,75,307,55,102,medium
xes3g5m,learner_based,0,750,61,6,13,sparse
xes3g5m,learner_based,0,751,72,11,20,sparse
xes3g5m,learner_based,0,752,16,1,2,very_sparse
xes3g5m,learner_based,0,753,16,1,2,very_sparse
xes3g5m,learner_based,0,754,29,5,10,sparse
xes3g5m,learner_based,0,755,44,6,15,sparse
xes3g5m,learner_based,0,756,55,7,16,sparse
xes3g5m,learner_based,0,757,21,2,4,sparse
xes3g5m,learner_based,0,758,41,5,11,sparse
xes3g5m,learner_based,0,759,33,6,11,sparse
xes3g5m,learner_based,0,76,19408,2718,5503,dense
xes3g5m,learner_based,0,760,32,5,13,sparse
xes3g5m,learner_based,0,761,54,6,10,sparse
xes3g5m,learner_based,0,762,43,5,9,sparse
xes3g5m,learner_based,0,763,62,6,12,sparse
xes3g5m,learner_based,0,764,52,6,11,sparse
xes3g5m,learner_based,0,765,143,18,41,medium
xes3g5m,learner_based,0,766,39,1,10,sparse
xes3g5m,learner_based,0,767,22,5,12,sparse
xes3g5m,learner_based,0,768,35,4,11,sparse
xes3g5m,learner_based,0,769,14,4,10,very_sparse
xes3g5m,learner_based,0,77,18625,2557,5304,dense
xes3g5m,learner_based,0,770,44,7,14,sparse
xes3g5m,learner_based,0,771,44,7,14,sparse
xes3g5m,learner_based,0,772,93,14,29,sparse
xes3g5m,learner_based,0,773,122,13,36,medium
xes3g5m,learner_based,0,774,9,2,2,very_sparse
xes3g5m,learner_based,0,775,46,6,18,sparse
xes3g5m,learner_based,0,776,21,3,4,sparse
xes3g5m,learner_based,0,777,21,4,9,sparse
xes3g5m,learner_based,0,778,23,2,8,sparse
xes3g5m,learner_based,0,779,29,4,10,sparse
xes3g5m,learner_based,0,78,97596,13956,27722,dense
xes3g5m,learner_based,0,780,63,7,16,sparse
xes3g5m,learner_based,0,781,40,2,6,sparse
xes3g5m,learner_based,0,782,6,1,2,very_sparse
xes3g5m,learner_based,0,783,89,12,27,sparse
xes3g5m,learner_based,0,784,15,1,4,very_sparse
xes3g5m,learner_based,0,785,75,12,24,sparse
xes3g5m,learner_based,0,786,205,35,53,medium
xes3g5m,learner_based,0,787,11,0,1,very_sparse
xes3g5m,learner_based,0,788,16,3,8,very_sparse
xes3g5m,learner_based,0,789,3,0,0,very_sparse
xes3g5m,learner_based,0,79,1245,185,411,dense
xes3g5m,learner_based,0,790,2,0,0,very_sparse
xes3g5m,learner_based,0,791,6,0,0,very_sparse
xes3g5m,learner_based,0,792,2,0,0,very_sparse
xes3g5m,learner_based,0,793,6,0,0,very_sparse
xes3g5m,learner_based,0,794,2,0,0,very_sparse
xes3g5m,learner_based,0,795,2,0,0,very_sparse
xes3g5m,learner_based,0,796,9,3,2,very_sparse
xes3g5m,learner_based,0,797,11,1,2,very_sparse
xes3g5m,learner_based,0,798,11,1,3,very_sparse
xes3g5m,learner_based,0,799,15,6,5,very_sparse
xes3g5m,learner_based,0,8,4673,691,1394,dense
xes3g5m,learner_based,0,80,2637,394,739,dense
xes3g5m,learner_based,0,800,1,1,1,very_sparse
xes3g5m,learner_based,0,801,9,0,1,very_sparse
xes3g5m,learner_based,0,802,7,0,1,very_sparse
xes3g5m,learner_based,0,803,1,1,1,very_sparse
xes3g5m,learner_based,0,804,10,0,5,very_sparse
xes3g5m,learner_based,0,805,11,0,4,very_sparse
xes3g5m,learner_based,0,806,10,0,4,very_sparse
xes3g5m,learner_based,0,807,7,0,2,very_sparse
xes3g5m,learner_based,0,808,1,1,2,very_sparse
xes3g5m,learner_based,0,809,54,10,7,sparse
xes3g5m,learner_based,0,81,43085,6214,12365,dense
xes3g5m,learner_based,0,810,10,0,3,very_sparse
xes3g5m,learner_based,0,811,0,2,0,strict_cold_start
xes3g5m,learner_based,0,812,0,1,0,strict_cold_start
xes3g5m,learner_based,0,813,0,1,0,strict_cold_start
xes3g5m,learner_based,0,814,0,1,0,strict_cold_start
xes3g5m,learner_based,0,815,0,2,0,strict_cold_start
xes3g5m,learner_based,0,816,0,1,0,strict_cold_start
xes3g5m,learner_based,0,817,0,1,0,strict_cold_start
xes3g5m,learner_based,0,818,0,1,0,strict_cold_start
xes3g5m,learner_based,0,819,1,0,0,very_sparse
xes3g5m,learner_based,0,82,7970,1186,2303,dense
xes3g5m,learner_based,0,820,56,6,18,sparse
xes3g5m,learner_based,0,821,143,17,42,medium
xes3g5m,learner_based,0,822,77,14,11,sparse
xes3g5m,learner_based,0,823,77,14,11,sparse
xes3g5m,learner_based,0,824,138,24,22,medium
xes3g5m,learner_based,0,825,16,1,7,very_sparse
xes3g5m,learner_based,0,826,89,9,27,sparse
xes3g5m,learner_based,0,827,137,10,42,medium
xes3g5m,learner_based,0,828,105,9,29,medium
xes3g5m,learner_based,0,829,1,0,0,very_sparse
xes3g5m,learner_based,0,83,3777,607,1070,dense
xes3g5m,learner_based,0,830,70,8,18,sparse
xes3g5m,learner_based,0,831,25,3,10,sparse
xes3g5m,learner_based,0,832,74,10,27,sparse
xes3g5m,learner_based,0,833,15,0,5,very_sparse
xes3g5m,learner_based,0,834,15,0,5,very_sparse
xes3g5m,learner_based,0,835,3,1,0,very_sparse
xes3g5m,learner_based,0,836,35,3,9,sparse
xes3g5m,learner_based,0,837,1,0,0,very_sparse
xes3g5m,learner_based,0,838,1,2,2,very_sparse
xes3g5m,learner_based,0,839,15,5,3,very_sparse
xes3g5m,learner_based,0,84,1950,313,544,dense
xes3g5m,learner_based,0,840,0,0,1,strict_cold_start
xes3g5m,learner_based,0,841,3,1,2,very_sparse
xes3g5m,learner_based,0,842,0,1,2,strict_cold_start
xes3g5m,learner_based,0,843,1,0,0,very_sparse
xes3g5m,learner_based,0,844,5,1,1,very_sparse
xes3g5m,learner_based,0,845,5,1,1,very_sparse
xes3g5m,learner_based,0,846,4,0,1,very_sparse
xes3g5m,learner_based,0,847,1,0,0,very_sparse
xes3g5m,learner_based,0,848,6,0,1,very_sparse
xes3g5m,learner_based,0,849,13,1,2,very_sparse
xes3g5m,learner_based,0,85,1590,282,426,dense
xes3g5m,learner_based,0,850,6,1,2,very_sparse
xes3g5m,learner_based,0,851,1,0,0,very_sparse
xes3g5m,learner_based,0,852,2,0,0,very_sparse
xes3g5m,learner_based,0,853,6,0,0,very_sparse
xes3g5m,learner_based,0,854,4,0,0,very_sparse
xes3g5m,learner_based,0,855,2,0,0,very_sparse
xes3g5m,learner_based,0,856,2,0,0,very_sparse
xes3g5m,learner_based,0,857,3,0,0,very_sparse
xes3g5m,learner_based,0,858,5,0,1,very_sparse
xes3g5m,learner_based,0,859,9,1,1,very_sparse
xes3g5m,learner_based,0,86,7861,1244,2080,dense
xes3g5m,learner_based,0,860,1,0,0,very_sparse
xes3g5m,learner_based,0,861,1,0,0,very_sparse
xes3g5m,learner_based,0,862,1,0,0,very_sparse
xes3g5m,learner_based,0,863,0,1,1,strict_cold_start
xes3g5m,learner_based,0,864,4,0,0,very_sparse
xes3g5m,learner_based,0,87,7238,992,1983,dense
xes3g5m,learner_based,0,88,35167,4839,9375,dense
xes3g5m,learner_based,0,89,813,137,236,dense
xes3g5m,learner_based,0,9,24243,3441,7120,dense
xes3g5m,learner_based,0,90,122,28,28,medium
xes3g5m,learner_based,0,91,26482,3641,7206,dense
xes3g5m,learner_based,0,92,5250,819,1441,dense
xes3g5m,learner_based,0,93,3338,523,920,dense
xes3g5m,learner_based,0,94,896,145,259,dense
xes3g5m,learner_based,0,95,1217,198,316,dense
xes3g5m,learner_based,0,96,2892,455,808,dense
xes3g5m,learner_based,0,97,1375,218,368,dense
xes3g5m,learner_based,0,98,5311,809,1362,dense
xes3g5m,learner_based,0,99,10860,1632,3111,dense
xes3g5m,learner_based,1,0,5342,817,1646,dense
xes3g5m,learner_based,1,1,5809,882,1730,dense
xes3g5m,learner_based,1,10,27310,4027,7860,dense
xes3g5m,learner_based,1,100,1971,336,671,dense
xes3g5m,learner_based,1,101,7120,1099,2070,dense
xes3g5m,learner_based,1,102,24220,3657,6853,dense
xes3g5m,learner_based,1,103,1742,269,514,dense
xes3g5m,learner_based,1,104,31868,4842,8945,dense
xes3g5m,learner_based,1,105,2342,361,714,dense
xes3g5m,learner_based,1,106,27852,4180,8174,dense
xes3g5m,learner_based,1,107,3539,508,976,dense
xes3g5m,learner_based,1,108,34376,4718,9933,dense
xes3g5m,learner_based,1,109,31263,4270,9129,dense
xes3g5m,learner_based,1,11,13236,1924,3789,dense
xes3g5m,learner_based,1,110,726,117,238,dense
xes3g5m,learner_based,1,111,997,158,315,dense
xes3g5m,learner_based,1,112,13927,2055,4043,dense
xes3g5m,learner_based,1,113,788,124,251,dense
xes3g5m,learner_based,1,114,10993,1653,3247,dense
xes3g5m,learner_based,1,115,3966,588,1160,dense
xes3g5m,learner_based,1,116,3124,449,859,dense
xes3g5m,learner_based,1,117,6847,993,2095,dense
xes3g5m,learner_based,1,118,5606,847,1705,dense
xes3g5m,learner_based,1,119,8777,1156,2582,dense
xes3g5m,learner_based,1,12,9988,1490,2906,dense
xes3g5m,learner_based,1,120,1548,249,451,dense
xes3g5m,learner_based,1,121,13237,1900,3752,dense
xes3g5m,learner_based,1,122,1562,244,473,dense
xes3g5m,learner_based,1,123,19464,2951,5496,dense
xes3g5m,learner_based,1,124,14029,2114,3979,dense
xes3g5m,learner_based,1,125,2440,379,706,dense
xes3g5m,learner_based,1,126,1465,223,473,dense
xes3g5m,learner_based,1,127,9659,1488,2803,dense
xes3g5m,learner_based,1,128,5729,873,1688,dense
xes3g5m,learner_based,1,129,1268,193,352,dense
xes3g5m,learner_based,1,13,4719,712,1399,dense
xes3g5m,learner_based,1,130,4853,730,1380,dense
xes3g5m,learner_based,1,131,10335,1524,3025,dense
xes3g5m,learner_based,1,132,13831,1970,3963,dense
xes3g5m,learner_based,1,133,7619,1062,2171,dense
xes3g5m,learner_based,1,134,8646,1290,2440,dense
xes3g5m,learner_based,1,135,14271,2107,4001,dense
xes3g5m,learner_based,1,136,371,57,122,medium
xes3g5m,learner_based,1,137,2119,320,646,dense
xes3g5m,learner_based,1,138,64933,8799,18400,dense
xes3g5m,learner_based,1,139,21350,3009,6025,dense
xes3g5m,learner_based,1,14,27164,3917,7439,dense
xes3g5m,learner_based,1,140,34806,4843,9877,dense
xes3g5m,learner_based,1,141,4242,610,1217,dense
xes3g5m,learner_based,1,142,14827,2012,4382,dense
xes3g5m,learner_based,1,143,4160,519,1222,dense
xes3g5m,learner_based,1,144,8627,1125,2547,dense
xes3g5m,learner_based,1,145,8218,1155,2467,dense
xes3g5m,learner_based,1,146,9015,1233,2534,dense
xes3g5m,learner_based,1,147,14670,2112,4284,dense
xes3g5m,learner_based,1,148,12073,1592,3495,dense
xes3g5m,learner_based,1,149,6023,818,1862,dense
xes3g5m,learner_based,1,15,2563,370,721,dense
xes3g5m,learner_based,1,150,5923,806,1741,dense
xes3g5m,learner_based,1,151,2362,343,682,dense
xes3g5m,learner_based,1,152,5632,767,1634,dense
xes3g5m,learner_based,1,153,4155,565,1216,dense
xes3g5m,learner_based,1,154,7892,1096,2320,dense
xes3g5m,learner_based,1,155,74289,10149,21022,dense
xes3g5m,learner_based,1,156,3676,486,1026,dense
xes3g5m,learner_based,1,157,20761,2953,5960,dense
xes3g5m,learner_based,1,158,2495,315,703,dense
xes3g5m,learner_based,1,159,2039,254,605,dense
xes3g5m,learner_based,1,16,12534,1866,3527,dense
xes3g5m,learner_based,1,160,9076,1245,2643,dense
xes3g5m,learner_based,1,161,12496,1720,3579,dense
xes3g5m,learner_based,1,162,21275,3076,6121,dense
xes3g5m,learner_based,1,163,5538,749,1599,dense
xes3g5m,learner_based,1,164,16806,2214,4764,dense
xes3g5m,learner_based,1,165,19299,2770,5576,dense
xes3g5m,learner_based,1,166,60942,8281,17094,dense
xes3g5m,learner_based,1,167,10522,1481,3069,dense
xes3g5m,learner_based,1,168,32180,4635,8996,dense
xes3g5m,learner_based,1,169,13510,1879,3902,dense
xes3g5m,learner_based,1,17,6361,934,1791,dense
xes3g5m,learner_based,1,170,29334,4120,8303,dense
xes3g5m,learner_based,1,171,5021,704,1441,dense
xes3g5m,learner_based,1,172,19081,2696,5388,dense
xes3g5m,learner_based,1,173,6994,993,1939,dense
xes3g5m,learner_based,1,174,7834,1125,2273,dense
xes3g5m,learner_based,1,175,8508,1150,2386,dense
xes3g5m,learner_based,1,176,11226,1542,3222,dense
xes3g5m,learner_based,1,177,30692,4219,8832,dense
xes3g5m,learner_based,1,178,5814,799,1701,dense
xes3g5m,learner_based,1,179,35442,4954,10177,dense
xes3g5m,learner_based,1,18,105576,14908,29983,dense
xes3g5m,learner_based,1,180,38493,5156,10777,dense
xes3g5m,learner_based,1,181,5746,767,1657,dense
xes3g5m,learner_based,1,182,7695,1033,2176,dense
xes3g5m,learner_based,1,183,37326,5200,10626,dense
xes3g5m,learner_based,1,184,6208,814,1735,dense
xes3g5m,learner_based,1,185,4325,566,1207,dense
xes3g5m,learner_based,1,186,1717,231,511,dense
xes3g5m,learner_based,1,187,23535,3356,6721,dense
xes3g5m,learner_based,1,188,31554,4518,8998,dense
xes3g5m,learner_based,1,189,8750,1197,2489,dense
xes3g5m,learner_based,1,19,716,123,217,dense
xes3g5m,learner_based,1,190,2657,341,745,dense
xes3g5m,learner_based,1,191,3913,518,1092,dense
xes3g5m,learner_based,1,192,24523,3222,6725,dense
xes3g5m,learner_based,1,193,9075,1201,2488,dense
xes3g5m,learner_based,1,194,7737,1030,2071,dense
xes3g5m,learner_based,1,195,5644,752,1514,dense
xes3g5m,learner_based,1,196,5339,717,1502,dense
xes3g5m,learner_based,1,197,3130,432,917,dense
xes3g5m,learner_based,1,198,31604,4203,8550,dense
xes3g5m,learner_based,1,199,8714,1150,2426,dense
xes3g5m,learner_based,1,2,33856,4754,9641,dense
xes3g5m,learner_based,1,20,5838,960,1656,dense
xes3g5m,learner_based,1,200,21359,2949,5972,dense
xes3g5m,learner_based,1,201,3549,460,1002,dense
xes3g5m,learner_based,1,202,7560,997,2222,dense
xes3g5m,learner_based,1,203,16370,2321,4608,dense
xes3g5m,learner_based,1,204,33530,4590,9691,dense
xes3g5m,learner_based,1,205,11305,1534,3259,dense
xes3g5m,learner_based,1,206,36620,4945,10522,dense
xes3g5m,learner_based,1,207,13415,1825,3851,dense
xes3g5m,learner_based,1,208,62648,8689,17825,dense
xes3g5m,learner_based,1,209,11272,1513,3246,dense
xes3g5m,learner_based,1,21,432,85,144,medium
xes3g5m,learner_based,1,210,4835,631,1276,dense
xes3g5m,learner_based,1,211,6246,847,1712,dense
xes3g5m,learner_based,1,212,14359,2003,4121,dense
xes3g5m,learner_based,1,213,24055,3254,6908,dense
xes3g5m,learner_based,1,214,36221,4855,10184,dense
xes3g5m,learner_based,1,215,1760,223,472,dense
xes3g5m,learner_based,1,216,3695,528,1038,dense
xes3g5m,learner_based,1,217,5719,745,1625,dense
xes3g5m,learner_based,1,218,5463,744,1628,dense
xes3g5m,learner_based,1,219,3471,463,1021,dense
xes3g5m,learner_based,1,22,2130,318,601,dense
xes3g5m,learner_based,1,220,20433,2946,5859,dense
xes3g5m,learner_based,1,221,7673,1071,2257,dense
xes3g5m,learner_based,1,222,25469,3446,7225,dense
xes3g5m,learner_based,1,223,14685,2015,4222,dense
xes3g5m,learner_based,1,224,4696,636,1297,dense
xes3g5m,learner_based,1,225,9239,1272,2606,dense
xes3g5m,learner_based,1,226,5151,698,1492,dense
xes3g5m,learner_based,1,227,14441,1949,4040,dense
xes3g5m,learner_based,1,228,5596,818,1582,dense
xes3g5m,learner_based,1,229,12038,1823,3468,dense
xes3g5m,learner_based,1,23,20931,3044,5962,dense
xes3g5m,learner_based,1,230,3171,466,951,dense
xes3g5m,learner_based,1,231,13300,1812,3961,dense
xes3g5m,learner_based,1,232,28161,4046,8494,dense
xes3g5m,learner_based,1,233,7518,1157,2056,dense
xes3g5m,learner_based,1,234,7831,1219,2135,dense
xes3g5m,learner_based,1,235,9321,1372,2572,dense
xes3g5m,learner_based,1,236,12092,1836,3369,dense
xes3g5m,learner_based,1,237,13786,1948,3871,dense
xes3g5m,learner_based,1,238,8203,1125,2309,dense
xes3g5m,learner_based,1,239,8525,1206,2423,dense
xes3g5m,learner_based,1,24,69907,10000,19920,dense
xes3g5m,learner_based,1,240,8636,1238,2472,dense
xes3g5m,learner_based,1,241,11995,1663,3416,dense
xes3g5m,learner_based,1,242,7027,1055,2128,dense
xes3g5m,learner_based,1,243,8441,1259,2340,dense
xes3g5m,learner_based,1,244,6134,903,1755,dense
xes3g5m,learner_based,1,245,1491,238,437,dense
xes3g5m,learner_based,1,246,1636,264,460,dense
xes3g5m,learner_based,1,247,4488,656,1214,dense
xes3g5m,learner_based,1,248,10280,1508,2901,dense
xes3g5m,learner_based,1,249,6106,956,1755,dense
xes3g5m,learner_based,1,25,6731,1027,1965,dense
xes3g5m,learner_based,1,250,3930,595,1148,dense
xes3g5m,learner_based,1,251,4016,587,1132,dense
xes3g5m,learner_based,1,252,20160,2964,5779,dense
xes3g5m,learner_based,1,253,6789,1018,1888,dense
xes3g5m,learner_based,1,254,1086,162,309,dense
xes3g5m,learner_based,1,255,1232,187,341,dense
xes3g5m,learner_based,1,256,3352,526,1011,dense
xes3g5m,learner_based,1,257,59632,9000,16802,dense
xes3g5m,learner_based,1,258,13735,2055,3843,dense
xes3g5m,learner_based,1,259,2817,431,787,dense
xes3g5m,learner_based,1,26,7059,1003,2054,dense
xes3g5m,learner_based,1,260,21595,3226,6014,dense
xes3g5m,learner_based,1,261,14418,2237,4094,dense
xes3g5m,learner_based,1,262,8020,1225,2241,dense
xes3g5m,learner_based,1,263,20496,3099,5784,dense
xes3g5m,learner_based,1,264,7313,1116,2106,dense
xes3g5m,learner_based,1,265,6481,952,1802,dense
xes3g5m,learner_based,1,266,40313,5952,11471,dense
xes3g5m,learner_based,1,267,1302,199,359,dense
xes3g5m,learner_based,1,268,1400,215,381,dense
xes3g5m,learner_based,1,269,755,121,253,dense
xes3g5m,learner_based,1,27,334,51,119,medium
xes3g5m,learner_based,1,270,3166,410,928,dense
xes3g5m,learner_based,1,271,7403,1141,2174,dense
xes3g5m,learner_based,1,272,16478,2381,4676,dense
xes3g5m,learner_based,1,273,660,92,202,dense
xes3g5m,learner_based,1,274,802,124,254,dense
xes3g5m,learner_based,1,275,1065,168,298,dense
xes3g5m,learner_based,1,276,1457,207,456,dense
xes3g5m,learner_based,1,277,6063,923,1702,dense
xes3g5m,learner_based,1,278,1726,263,479,dense
xes3g5m,learner_based,1,279,2891,449,852,dense
xes3g5m,learner_based,1,28,2750,416,798,dense
xes3g5m,learner_based,1,280,1504,216,509,dense
xes3g5m,learner_based,1,281,293,44,88,medium
xes3g5m,learner_based,1,282,1874,258,494,dense
xes3g5m,learner_based,1,283,4451,646,1263,dense
xes3g5m,learner_based,1,284,1625,242,504,dense
xes3g5m,learner_based,1,285,4256,597,1255,dense
xes3g5m,learner_based,1,286,549,75,148,dense
xes3g5m,learner_based,1,287,2372,376,651,dense
xes3g5m,learner_based,1,288,1777,268,498,dense
xes3g5m,learner_based,1,289,812,125,225,dense
xes3g5m,learner_based,1,29,3990,598,1167,dense
xes3g5m,learner_based,1,290,1694,253,492,dense
xes3g5m,learner_based,1,291,3359,515,966,dense
xes3g5m,learner_based,1,292,2845,436,764,dense
xes3g5m,learner_based,1,293,2238,352,647,dense
xes3g5m,learner_based,1,294,3930,575,1101,dense
xes3g5m,learner_based,1,295,1929,285,555,dense
xes3g5m,learner_based,1,296,2636,393,734,dense
xes3g5m,learner_based,1,297,1192,177,338,dense
xes3g5m,learner_based,1,298,581,83,165,dense
xes3g5m,learner_based,1,299,3083,460,914,dense
xes3g5m,learner_based,1,3,11216,1754,3296,dense
xes3g5m,learner_based,1,30,14201,1961,4159,dense
xes3g5m,learner_based,1,300,3992,538,1125,dense
xes3g5m,learner_based,1,301,13021,1761,3683,dense
xes3g5m,learner_based,1,302,1311,165,434,dense
xes3g5m,learner_based,1,303,9312,1239,2715,dense
xes3g5m,learner_based,1,304,3469,489,1051,dense
xes3g5m,learner_based,1,305,1070,155,313,dense
xes3g5m,learner_based,1,306,974,154,320,dense
xes3g5m,learner_based,1,307,11619,1623,3451,dense
xes3g5m,learner_based,1,308,1522,221,483,dense
xes3g5m,learner_based,1,309,56,9,27,sparse
xes3g5m,learner_based,1,31,5273,677,1535,dense
xes3g5m,learner_based,1,310,1156,185,385,dense
xes3g5m,learner_based,1,311,8126,1189,2231,dense
xes3g5m,learner_based,1,312,625,91,177,dense
xes3g5m,learner_based,1,313,11166,1686,3113,dense
xes3g5m,learner_based,1,314,743,103,212,dense
xes3g5m,learner_based,1,315,1252,169,384,dense
xes3g5m,learner_based,1,316,539,81,159,dense
xes3g5m,learner_based,1,317,1617,228,494,dense
xes3g5m,learner_based,1,318,1085,154,325,dense
xes3g5m,learner_based,1,319,369,56,113,medium
xes3g5m,learner_based,1,32,44852,6746,12676,dense
xes3g5m,learner_based,1,320,1519,228,442,dense
xes3g5m,learner_based,1,321,1042,162,304,dense
xes3g5m,learner_based,1,322,1403,195,460,dense
xes3g5m,learner_based,1,323,1445,201,450,dense
xes3g5m,learner_based,1,324,1546,218,473,dense
xes3g5m,learner_based,1,325,2550,373,789,dense
xes3g5m,learner_based,1,326,4929,697,1378,dense
xes3g5m,learner_based,1,327,3240,478,1009,dense
xes3g5m,learner_based,1,328,121,18,41,medium
xes3g5m,learner_based,1,329,6368,913,1813,dense
xes3g5m,learner_based,1,33,41680,6360,11927,dense
xes3g5m,learner_based,1,330,17220,2450,4802,dense
xes3g5m,learner_based,1,331,428,64,126,medium
xes3g5m,learner_based,1,332,2056,297,607,dense
xes3g5m,learner_based,1,333,389,53,106,medium
xes3g5m,learner_based,1,334,1974,291,591,dense
xes3g5m,learner_based,1,335,18638,2547,5356,dense
xes3g5m,learner_based,1,336,23382,3193,6698,dense
xes3g5m,learner_based,1,337,5181,725,1505,dense
xes3g5m,learner_based,1,338,2026,307,578,dense
xes3g5m,learner_based,1,339,4131,537,1140,dense
xes3g5m,learner_based,1,34,51877,7290,14598,dense
xes3g5m,learner_based,1,340,13554,1871,3811,dense
xes3g5m,learner_based,1,341,4980,680,1462,dense
xes3g5m,learner_based,1,342,4980,680,1462,dense
xes3g5m,learner_based,1,343,10575,1446,3058,dense
xes3g5m,learner_based,1,344,3187,417,858,dense
xes3g5m,learner_based,1,345,374,47,128,medium
xes3g5m,learner_based,1,346,183,22,62,medium
xes3g5m,learner_based,1,347,189,22,62,medium
xes3g5m,learner_based,1,348,463,74,126,medium
xes3g5m,learner_based,1,349,10250,1456,2739,dense
xes3g5m,learner_based,1,35,12878,1962,3608,dense
xes3g5m,learner_based,1,350,1881,266,511,dense
xes3g5m,learner_based,1,351,3770,522,1064,dense
xes3g5m,learner_based,1,352,9802,1380,2786,dense
xes3g5m,learner_based,1,353,326,40,98,medium
xes3g5m,learner_based,1,354,331,45,103,medium
xes3g5m,learner_based,1,355,2840,385,820,dense
xes3g5m,learner_based,1,356,1761,258,489,dense
xes3g5m,learner_based,1,357,2281,338,685,dense
xes3g5m,learner_based,1,358,967,135,258,dense
xes3g5m,learner_based,1,359,17551,2352,4863,dense
xes3g5m,learner_based,1,36,12124,1754,3563,dense
xes3g5m,learner_based,1,360,5091,702,1416,dense
xes3g5m,learner_based,1,361,6796,933,1951,dense
xes3g5m,learner_based,1,362,8980,1256,2562,dense
xes3g5m,learner_based,1,363,11054,1619,3177,dense
xes3g5m,learner_based,1,364,974,137,293,dense
xes3g5m,learner_based,1,365,8655,1176,2497,dense
xes3g5m,learner_based,1,366,6627,917,1911,dense
xes3g5m,learner_based,1,367,6549,930,1770,dense
xes3g5m,learner_based,1,368,2706,375,750,dense
xes3g5m,learner_based,1,369,1690,216,504,dense
xes3g5m,learner_based,1,37,11971,1826,3365,dense
xes3g5m,learner_based,1,370,1376,178,391,dense
xes3g5m,learner_based,1,371,3986,548,1113,dense
xes3g5m,learner_based,1,372,1968,256,542,dense
xes3g5m,learner_based,1,373,6001,845,1703,dense
xes3g5m,learner_based,1,374,6312,931,1745,dense
xes3g5m,learner_based,1,375,1330,188,377,dense
xes3g5m,learner_based,1,376,3269,478,893,dense
xes3g5m,learner_based,1,377,1795,230,507,dense
xes3g5m,learner_based,1,378,8813,1315,2670,dense
xes3g5m,learner_based,1,379,17022,2313,4749,dense
xes3g5m,learner_based,1,38,8225,1278,2295,dense
xes3g5m,learner_based,1,380,3842,490,1003,dense
xes3g5m,learner_based,1,381,3250,469,921,dense
xes3g5m,learner_based,1,382,2796,368,793,dense
xes3g5m,learner_based,1,383,997,121,286,dense
xes3g5m,learner_based,1,384,1499,189,428,dense
xes3g5m,learner_based,1,385,1137,160,297,dense
xes3g5m,learner_based,1,386,2389,348,700,dense
xes3g5m,learner_based,1,387,2855,390,772,dense
xes3g5m,learner_based,1,388,3365,444,928,dense
xes3g5m,learner_based,1,389,7516,1087,2133,dense
xes3g5m,learner_based,1,39,9690,1355,2912,dense
xes3g5m,learner_based,1,390,5175,739,1478,dense
xes3g5m,learner_based,1,391,2839,379,778,dense
xes3g5m,learner_based,1,392,7471,981,2095,dense
xes3g5m,learner_based,1,393,2533,351,693,dense
xes3g5m,learner_based,1,394,3923,537,1091,dense
xes3g5m,learner_based,1,395,1848,237,584,dense
xes3g5m,learner_based,1,396,1597,219,462,dense
xes3g5m,learner_based,1,397,665,99,216,dense
xes3g5m,learner_based,1,398,871,134,281,dense
xes3g5m,learner_based,1,399,633,95,219,dense
xes3g5m,learner_based,1,4,637,99,209,dense
xes3g5m,learner_based,1,40,5772,873,1724,dense
xes3g5m,learner_based,1,400,876,127,284,dense
xes3g5m,learner_based,1,401,5749,868,1702,dense
xes3g5m,learner_based,1,402,11204,1720,3340,dense
xes3g5m,learner_based,1,403,899,143,272,dense
xes3g5m,learner_based,1,404,1146,171,354,dense
xes3g5m,learner_based,1,405,2776,428,832,dense
xes3g5m,learner_based,1,406,783,124,262,dense
xes3g5m,learner_based,1,407,3891,550,1108,dense
xes3g5m,learner_based,1,408,5222,784,1545,dense
xes3g5m,learner_based,1,409,4587,652,1339,dense
xes3g5m,learner_based,1,41,31919,4470,8914,dense
xes3g5m,learner_based,1,410,3386,489,994,dense
xes3g5m,learner_based,1,411,3578,518,1053,dense
xes3g5m,learner_based,1,412,3563,517,1033,dense
xes3g5m,learner_based,1,413,7928,1128,2288,dense
xes3g5m,learner_based,1,414,1577,247,445,dense
xes3g5m,learner_based,1,415,237,30,60,medium
xes3g5m,learner_based,1,416,78,8,18,sparse
xes3g5m,learner_based,1,417,78,8,18,sparse
xes3g5m,learner_based,1,418,338,44,93,medium
xes3g5m,learner_based,1,419,517,82,162,dense
xes3g5m,learner_based,1,42,2564,391,745,dense
xes3g5m,learner_based,1,420,1013,147,302,dense
xes3g5m,learner_based,1,421,183,26,63,medium
xes3g5m,learner_based,1,422,3929,593,1121,dense
xes3g5m,learner_based,1,423,53,9,14,sparse
xes3g5m,learner_based,1,424,2732,391,894,dense
xes3g5m,learner_based,1,425,3370,477,1091,dense
xes3g5m,learner_based,1,426,467,73,124,medium
xes3g5m,learner_based,1,427,978,133,291,dense
xes3g5m,learner_based,1,428,75,8,21,sparse
xes3g5m,learner_based,1,429,202,27,70,medium
xes3g5m,learner_based,1,43,12662,1752,3622,dense
xes3g5m,learner_based,1,430,1275,176,358,dense
xes3g5m,learner_based,1,431,4428,623,1330,dense
xes3g5m,learner_based,1,432,253,39,74,medium
xes3g5m,learner_based,1,433,139,18,37,medium
xes3g5m,learner_based,1,434,189,27,56,medium
xes3g5m,learner_based,1,435,2151,335,677,dense
xes3g5m,learner_based,1,436,786,98,240,dense
xes3g5m,learner_based,1,437,302,43,85,medium
xes3g5m,learner_based,1,438,493,63,136,medium
xes3g5m,learner_based,1,439,493,63,136,medium
xes3g5m,learner_based,1,44,5850,849,1639,dense
xes3g5m,learner_based,1,440,320,39,88,medium
xes3g5m,learner_based,1,441,1045,114,339,dense
xes3g5m,learner_based,1,442,61,11,25,sparse
xes3g5m,learner_based,1,443,609,69,202,dense
xes3g5m,learner_based,1,444,178,16,55,medium
xes3g5m,learner_based,1,445,64,7,22,sparse
xes3g5m,learner_based,1,446,626,75,153,dense
xes3g5m,learner_based,1,447,6166,872,1651,dense
xes3g5m,learner_based,1,448,16523,2358,4493,dense
xes3g5m,learner_based,1,449,155,14,54,medium
xes3g5m,learner_based,1,45,375,59,124,medium
xes3g5m,learner_based,1,450,709,77,226,dense
xes3g5m,learner_based,1,451,1168,177,340,dense
xes3g5m,learner_based,1,452,301,45,97,medium
xes3g5m,learner_based,1,453,92,15,37,sparse
xes3g5m,learner_based,1,454,47,5,23,sparse
xes3g5m,learner_based,1,455,45,5,22,sparse
xes3g5m,learner_based,1,456,137,13,33,medium
xes3g5m,learner_based,1,457,411,45,95,medium
xes3g5m,learner_based,1,458,137,13,31,medium
xes3g5m,learner_based,1,459,167,23,47,medium
xes3g5m,learner_based,1,46,8755,1291,2554,dense
xes3g5m,learner_based,1,460,167,23,47,medium
xes3g5m,learner_based,1,461,206,27,58,medium
xes3g5m,learner_based,1,462,3662,495,1033,dense
xes3g5m,learner_based,1,463,881,146,284,dense
xes3g5m,learner_based,1,464,668,105,211,dense
xes3g5m,learner_based,1,465,900,141,271,dense
xes3g5m,learner_based,1,466,2604,368,756,dense
xes3g5m,learner_based,1,467,1686,256,488,dense
xes3g5m,learner_based,1,468,11730,1674,3449,dense
xes3g5m,learner_based,1,469,1105,164,325,dense
xes3g5m,learner_based,1,47,2425,369,739,dense
xes3g5m,learner_based,1,470,4933,666,1453,dense
xes3g5m,learner_based,1,471,9723,1377,2767,dense
xes3g5m,learner_based,1,472,1793,248,496,dense
xes3g5m,learner_based,1,473,2802,366,758,dense
xes3g5m,learner_based,1,474,2493,329,679,dense
xes3g5m,learner_based,1,475,1091,168,290,dense
xes3g5m,learner_based,1,476,1384,233,398,dense
xes3g5m,learner_based,1,477,3889,567,1113,dense
xes3g5m,learner_based,1,478,3741,550,1067,dense
xes3g5m,learner_based,1,479,2036,308,559,dense
xes3g5m,learner_based,1,48,2037,313,581,dense
xes3g5m,learner_based,1,480,6442,882,1863,dense
xes3g5m,learner_based,1,481,1729,271,490,dense
xes3g5m,learner_based,1,482,1435,217,409,dense
xes3g5m,learner_based,1,483,1893,282,524,dense
xes3g5m,learner_based,1,484,2054,306,572,dense
xes3g5m,learner_based,1,485,1486,247,409,dense
xes3g5m,learner_based,1,486,2488,390,685,dense
xes3g5m,learner_based,1,487,1546,236,464,dense
xes3g5m,learner_based,1,488,2343,314,654,dense
xes3g5m,learner_based,1,489,2407,337,674,dense
xes3g5m,learner_based,1,49,232,32,70,medium
xes3g5m,learner_based,1,490,678,98,187,dense
xes3g5m,learner_based,1,491,1328,209,362,dense
xes3g5m,learner_based,1,492,816,123,237,dense
xes3g5m,learner_based,1,493,412,65,108,medium
xes3g5m,learner_based,1,494,490,55,134,medium
xes3g5m,learner_based,1,495,307,39,73,medium
xes3g5m,learner_based,1,496,1008,129,327,dense
xes3g5m,learner_based,1,497,1130,141,335,dense
xes3g5m,learner_based,1,498,1352,197,388,dense
xes3g5m,learner_based,1,499,1013,140,264,dense
xes3g5m,learner_based,1,5,18554,2598,5300,dense
xes3g5m,learner_based,1,50,242,32,71,medium
xes3g5m,learner_based,1,500,714,106,212,dense
xes3g5m,learner_based,1,501,1864,258,511,dense
xes3g5m,learner_based,1,502,1619,228,454,dense
xes3g5m,learner_based,1,503,876,114,265,dense
xes3g5m,learner_based,1,504,2033,273,550,dense
xes3g5m,learner_based,1,505,1300,186,380,dense
xes3g5m,learner_based,1,506,479,81,125,medium
xes3g5m,learner_based,1,507,344,53,102,medium
xes3g5m,learner_based,1,508,1569,238,399,dense
xes3g5m,learner_based,1,509,348,56,98,medium
xes3g5m,learner_based,1,51,4695,622,1383,dense
xes3g5m,learner_based,1,510,623,95,187,dense
xes3g5m,learner_based,1,511,430,61,105,medium
xes3g5m,learner_based,1,512,612,91,155,dense
xes3g5m,learner_based,1,513,944,134,257,dense
xes3g5m,learner_based,1,514,364,49,93,medium
xes3g5m,learner_based,1,515,397,58,123,medium
xes3g5m,learner_based,1,516,628,96,189,dense
xes3g5m,learner_based,1,517,516,60,136,dense
xes3g5m,learner_based,1,518,1324,179,368,dense
xes3g5m,learner_based,1,519,706,107,192,dense
xes3g5m,learner_based,1,52,1363,203,414,dense
xes3g5m,learner_based,1,520,295,33,62,medium
xes3g5m,learner_based,1,521,521,71,143,dense
xes3g5m,learner_based,1,522,569,85,171,dense
xes3g5m,learner_based,1,523,198,31,68,medium
xes3g5m,learner_based,1,524,306,50,91,medium
xes3g5m,learner_based,1,525,71,14,24,sparse
xes3g5m,learner_based,1,526,1549,223,438,dense
xes3g5m,learner_based,1,527,165,20,39,medium
xes3g5m,learner_based,1,528,471,58,147,medium
xes3g5m,learner_based,1,529,552,69,149,dense
xes3g5m,learner_based,1,53,671,101,202,dense
xes3g5m,learner_based,1,530,860,127,261,dense
xes3g5m,learner_based,1,531,979,125,252,dense
xes3g5m,learner_based,1,532,164,28,31,medium
xes3g5m,learner_based,1,533,153,21,33,medium
xes3g5m,learner_based,1,534,294,33,64,medium
xes3g5m,learner_based,1,535,426,50,95,medium
xes3g5m,learner_based,1,536,1753,260,469,dense
xes3g5m,learner_based,1,537,242,45,81,medium
xes3g5m,learner_based,1,538,189,28,49,medium
xes3g5m,learner_based,1,539,189,28,49,medium
xes3g5m,learner_based,1,54,4498,659,1405,dense
xes3g5m,learner_based,1,540,227,38,75,medium
xes3g5m,learner_based,1,541,322,44,83,medium
xes3g5m,learner_based,1,542,131,21,26,medium
xes3g5m,learner_based,1,543,304,38,103,medium
xes3g5m,learner_based,1,544,137,26,54,medium
xes3g5m,learner_based,1,545,716,82,216,dense
xes3g5m,learner_based,1,546,5165,823,1398,dense
xes3g5m,learner_based,1,547,213,36,65,medium
xes3g5m,learner_based,1,548,231,33,62,medium
xes3g5m,learner_based,1,549,257,55,60,medium
xes3g5m,learner_based,1,55,83939,11735,24243,dense
xes3g5m,learner_based,1,550,149,22,59,medium
xes3g5m,learner_based,1,551,37,5,16,sparse
xes3g5m,learner_based,1,552,21,4,11,sparse
xes3g5m,learner_based,1,553,129,20,45,medium
xes3g5m,learner_based,1,554,160,23,58,medium
xes3g5m,learner_based,1,555,57,8,16,sparse
xes3g5m,learner_based,1,556,40,8,15,sparse
xes3g5m,learner_based,1,557,34,6,13,sparse
xes3g5m,learner_based,1,558,606,74,150,dense
xes3g5m,learner_based,1,559,74,11,24,sparse
xes3g5m,learner_based,1,56,48221,6909,14081,dense
xes3g5m,learner_based,1,560,98,15,32,sparse
xes3g5m,learner_based,1,561,45,7,18,sparse
xes3g5m,learner_based,1,562,967,153,302,dense
xes3g5m,learner_based,1,563,106,22,41,medium
xes3g5m,learner_based,1,564,232,42,81,medium
xes3g5m,learner_based,1,565,411,62,143,medium
xes3g5m,learner_based,1,566,252,36,68,medium
xes3g5m,learner_based,1,567,290,35,84,medium
xes3g5m,learner_based,1,568,214,27,52,medium
xes3g5m,learner_based,1,569,275,33,73,medium
xes3g5m,learner_based,1,57,60477,8571,17189,dense
xes3g5m,learner_based,1,570,112,22,26,medium
xes3g5m,learner_based,1,571,284,38,84,medium
xes3g5m,learner_based,1,572,152,25,37,medium
xes3g5m,learner_based,1,573,129,34,27,medium
xes3g5m,learner_based,1,574,308,45,91,medium
xes3g5m,learner_based,1,575,122,23,41,medium
xes3g5m,learner_based,1,576,300,40,111,medium
xes3g5m,learner_based,1,577,250,33,81,medium
xes3g5m,learner_based,1,578,303,49,103,medium
xes3g5m,learner_based,1,579,620,106,188,dense
xes3g5m,learner_based,1,58,18001,2652,5160,dense
xes3g5m,learner_based,1,580,577,79,181,dense
xes3g5m,learner_based,1,581,783,126,237,dense
xes3g5m,learner_based,1,582,1506,238,418,dense
xes3g5m,learner_based,1,583,748,118,208,dense
xes3g5m,learner_based,1,584,335,52,87,medium
xes3g5m,learner_based,1,585,726,95,197,dense
xes3g5m,learner_based,1,586,3218,472,950,dense
xes3g5m,learner_based,1,587,624,100,164,dense
xes3g5m,learner_based,1,588,311,50,82,medium
xes3g5m,learner_based,1,589,300,43,86,medium
xes3g5m,learner_based,1,59,8806,1306,2560,dense
xes3g5m,learner_based,1,590,54,11,15,sparse
xes3g5m,learner_based,1,591,59,11,13,sparse
xes3g5m,learner_based,1,592,74,15,17,sparse
xes3g5m,learner_based,1,593,294,44,80,medium
xes3g5m,learner_based,1,594,348,54,97,medium
xes3g5m,learner_based,1,595,389,52,107,medium
xes3g5m,learner_based,1,596,102,13,28,medium
xes3g5m,learner_based,1,597,152,25,34,medium
xes3g5m,learner_based,1,598,350,68,88,medium
xes3g5m,learner_based,1,599,51,13,19,sparse
xes3g5m,learner_based,1,6,31511,4577,8960,dense
xes3g5m,learner_based,1,60,1847,280,543,dense
xes3g5m,learner_based,1,600,89,14,17,sparse
xes3g5m,learner_based,1,601,97,13,20,sparse
xes3g5m,learner_based,1,602,97,14,16,sparse
xes3g5m,learner_based,1,603,209,34,61,medium
xes3g5m,learner_based,1,604,303,36,77,medium
xes3g5m,learner_based,1,605,310,42,85,medium
xes3g5m,learner_based,1,606,394,58,110,medium
xes3g5m,learner_based,1,607,500,64,134,dense
xes3g5m,learner_based,1,608,442,60,136,medium
xes3g5m,learner_based,1,609,115,12,34,medium
xes3g5m,learner_based,1,61,6945,1068,2007,dense
xes3g5m,learner_based,1,610,236,40,61,medium
xes3g5m,learner_based,1,611,206,31,63,medium
xes3g5m,learner_based,1,612,901,123,290,dense
xes3g5m,learner_based,1,613,488,68,135,medium
xes3g5m,learner_based,1,614,368,54,94,medium
xes3g5m,learner_based,1,615,89,9,28,sparse
xes3g5m,learner_based,1,616,78,6,23,sparse
xes3g5m,learner_based,1,617,71,12,23,sparse
xes3g5m,learner_based,1,618,437,71,144,medium
xes3g5m,learner_based,1,619,309,42,92,medium
xes3g5m,learner_based,1,62,16120,2249,4742,dense
xes3g5m,learner_based,1,620,114,12,29,medium
xes3g5m,learner_based,1,621,33,6,7,sparse
xes3g5m,learner_based,1,622,28,6,7,sparse
xes3g5m,learner_based,1,623,342,47,88,medium
xes3g5m,learner_based,1,624,822,117,262,dense
xes3g5m,learner_based,1,625,1034,149,317,dense
xes3g5m,learner_based,1,626,616,73,169,dense
xes3g5m,learner_based,1,627,280,55,93,medium
xes3g5m,learner_based,1,628,214,26,66,medium
xes3g5m,learner_based,1,629,446,63,131,medium
xes3g5m,learner_based,1,63,4841,704,1424,dense
xes3g5m,learner_based,1,630,123,31,34,medium
xes3g5m,learner_based,1,631,60,12,16,sparse
xes3g5m,learner_based,1,632,59,12,16,sparse
xes3g5m,learner_based,1,633,149,27,52,medium
xes3g5m,learner_based,1,634,413,59,106,medium
xes3g5m,learner_based,1,635,2637,393,744,dense
xes3g5m,learner_based,1,636,281,38,69,medium
xes3g5m,learner_based,1,637,233,35,65,medium
xes3g5m,learner_based,1,638,214,32,49,medium
xes3g5m,learner_based,1,639,158,28,44,medium
xes3g5m,learner_based,1,64,24372,3663,7033,dense
xes3g5m,learner_based,1,640,412,59,136,medium
xes3g5m,learner_based,1,641,83,9,34,sparse
xes3g5m,learner_based,1,642,33,3,10,sparse
xes3g5m,learner_based,1,643,1103,173,297,dense
xes3g5m,learner_based,1,644,1414,219,389,dense
xes3g5m,learner_based,1,645,723,117,196,dense
xes3g5m,learner_based,1,646,671,108,190,dense
xes3g5m,learner_based,1,647,519,82,147,dense
xes3g5m,learner_based,1,648,232,38,67,medium
xes3g5m,learner_based,1,649,934,157,276,dense
xes3g5m,learner_based,1,65,30432,4352,9174,dense
xes3g5m,learner_based,1,650,935,157,276,dense
xes3g5m,learner_based,1,651,193,21,60,medium
xes3g5m,learner_based,1,652,180,20,55,medium
xes3g5m,learner_based,1,653,313,42,109,medium
xes3g5m,learner_based,1,654,405,44,137,medium
xes3g5m,learner_based,1,655,547,78,120,dense
xes3g5m,learner_based,1,656,478,52,128,medium
xes3g5m,learner_based,1,657,1300,187,326,dense
xes3g5m,learner_based,1,658,1412,204,351,dense
xes3g5m,learner_based,1,659,1874,276,498,dense
xes3g5m,learner_based,1,66,16282,2322,4649,dense
xes3g5m,learner_based,1,660,367,34,117,medium
xes3g5m,learner_based,1,661,126,13,31,medium
xes3g5m,learner_based,1,662,64,9,21,sparse
xes3g5m,learner_based,1,663,61,10,15,sparse
xes3g5m,learner_based,1,664,53,8,15,sparse
xes3g5m,learner_based,1,665,211,36,65,medium
xes3g5m,learner_based,1,666,79,11,25,sparse
xes3g5m,learner_based,1,667,26,1,12,sparse
xes3g5m,learner_based,1,668,76,6,28,sparse
xes3g5m,learner_based,1,669,26,0,13,sparse
xes3g5m,learner_based,1,67,19130,2657,5483,dense
xes3g5m,learner_based,1,670,85,6,31,sparse
xes3g5m,learner_based,1,671,92,11,29,sparse
xes3g5m,learner_based,1,672,43,8,13,sparse
xes3g5m,learner_based,1,673,44,8,15,sparse
xes3g5m,learner_based,1,674,42,8,13,sparse
xes3g5m,learner_based,1,675,81,11,33,sparse
xes3g5m,learner_based,1,676,60,7,18,sparse
xes3g5m,learner_based,1,677,55,10,12,sparse
xes3g5m,learner_based,1,678,77,9,29,sparse
xes3g5m,learner_based,1,679,203,28,69,medium
xes3g5m,learner_based,1,68,7111,1128,2202,dense
xes3g5m,learner_based,1,680,286,32,85,medium
xes3g5m,learner_based,1,681,683,89,185,dense
xes3g5m,learner_based,1,682,238,29,81,medium
xes3g5m,learner_based,1,683,108,18,23,medium
xes3g5m,learner_based,1,684,170,18,44,medium
xes3g5m,learner_based,1,685,113,18,31,medium
xes3g5m,learner_based,1,686,47,4,19,sparse
xes3g5m,learner_based,1,687,181,26,59,medium
xes3g5m,learner_based,1,688,156,18,55,medium
xes3g5m,learner_based,1,689,291,46,116,medium
xes3g5m,learner_based,1,69,9039,1377,2568,dense
xes3g5m,learner_based,1,690,202,28,66,medium
xes3g5m,learner_based,1,691,220,30,69,medium
xes3g5m,learner_based,1,692,202,31,63,medium
xes3g5m,learner_based,1,693,188,28,60,medium
xes3g5m,learner_based,1,694,140,22,49,medium
xes3g5m,learner_based,1,695,384,57,129,medium
xes3g5m,learner_based,1,696,559,82,198,dense
xes3g5m,learner_based,1,697,104,17,29,medium
xes3g5m,learner_based,1,698,367,50,125,medium
xes3g5m,learner_based,1,699,155,16,50,medium
xes3g5m,learner_based,1,7,11966,1734,3432,dense
xes3g5m,learner_based,1,70,177,30,70,medium
xes3g5m,learner_based,1,700,249,34,76,medium
xes3g5m,learner_based,1,701,40,4,10,sparse
xes3g5m,learner_based,1,702,253,24,67,medium
xes3g5m,learner_based,1,703,201,22,56,medium
xes3g5m,learner_based,1,704,247,30,78,medium
xes3g5m,learner_based,1,705,135,33,31,medium
xes3g5m,learner_based,1,706,48,9,12,sparse
xes3g5m,learner_based,1,707,69,9,14,sparse
xes3g5m,learner_based,1,708,37,6,9,sparse
xes3g5m,learner_based,1,709,290,43,73,medium
xes3g5m,learner_based,1,71,2807,424,809,dense
xes3g5m,learner_based,1,710,42,4,22,sparse
xes3g5m,learner_based,1,711,68,5,19,sparse
xes3g5m,learner_based,1,712,106,5,39,medium
xes3g5m,learner_based,1,713,651,106,176,dense
xes3g5m,learner_based,1,714,114,19,29,medium
xes3g5m,learner_based,1,715,92,5,31,sparse
xes3g5m,learner_based,1,716,41,6,16,sparse
xes3g5m,learner_based,1,717,23,4,10,sparse
xes3g5m,learner_based,1,718,19,3,12,very_sparse
xes3g5m,learner_based,1,719,102,19,26,medium
xes3g5m,learner_based,1,72,3743,544,1123,dense
xes3g5m,learner_based,1,720,103,14,31,medium
xes3g5m,learner_based,1,721,190,22,56,medium
xes3g5m,learner_based,1,722,44,9,19,sparse
xes3g5m,learner_based,1,723,62,13,20,sparse
xes3g5m,learner_based,1,724,4,0,1,very_sparse
xes3g5m,learner_based,1,725,48,6,13,sparse
xes3g5m,learner_based,1,726,54,6,14,sparse
xes3g5m,learner_based,1,727,79,12,21,sparse
xes3g5m,learner_based,1,728,104,17,30,medium
xes3g5m,learner_based,1,729,45,6,16,sparse
xes3g5m,learner_based,1,73,54035,7989,15349,dense
xes3g5m,learner_based,1,730,41,7,11,sparse
xes3g5m,learner_based,1,731,23,9,5,sparse
xes3g5m,learner_based,1,732,86,16,23,sparse
xes3g5m,learner_based,1,733,105,16,32,medium
xes3g5m,learner_based,1,734,164,24,42,medium
xes3g5m,learner_based,1,735,66,7,9,sparse
xes3g5m,learner_based,1,736,65,8,10,sparse
xes3g5m,learner_based,1,737,32,9,7,sparse
xes3g5m,learner_based,1,738,31,9,7,sparse
xes3g5m,learner_based,1,739,6,1,4,very_sparse
xes3g5m,learner_based,1,74,5254,759,1558,dense
xes3g5m,learner_based,1,740,46,8,17,sparse
xes3g5m,learner_based,1,741,171,34,53,medium
xes3g5m,learner_based,1,742,171,34,53,medium
xes3g5m,learner_based,1,743,28,5,8,sparse
xes3g5m,learner_based,1,744,53,11,21,sparse
xes3g5m,learner_based,1,745,30,2,10,sparse
xes3g5m,learner_based,1,746,38,1,19,sparse
xes3g5m,learner_based,1,747,38,1,19,sparse
xes3g5m,learner_based,1,748,46,8,15,sparse
xes3g5m,learner_based,1,749,45,7,16,sparse
xes3g5m,learner_based,1,75,308,54,102,medium
xes3g5m,learner_based,1,750,57,7,16,sparse
xes3g5m,learner_based,1,751,73,9,21,sparse
xes3g5m,learner_based,1,752,13,2,4,very_sparse
xes3g5m,learner_based,1,753,12,2,5,very_sparse
xes3g5m,learner_based,1,754,34,4,6,sparse
xes3g5m,learner_based,1,755,45,6,14,sparse
xes3g5m,learner_based,1,756,53,7,18,sparse
xes3g5m,learner_based,1,757,17,0,10,very_sparse
xes3g5m,learner_based,1,758,39,5,13,sparse
xes3g5m,learner_based,1,759,38,5,7,sparse
xes3g5m,learner_based,1,76,19308,2736,5585,dense
xes3g5m,learner_based,1,760,33,6,11,sparse
xes3g5m,learner_based,1,761,54,4,12,sparse
xes3g5m,learner_based,1,762,46,2,9,sparse
xes3g5m,learner_based,1,763,63,4,13,sparse
xes3g5m,learner_based,1,764,55,3,11,sparse
xes3g5m,learner_based,1,765,153,18,31,medium
xes3g5m,learner_based,1,766,37,7,6,sparse
xes3g5m,learner_based,1,767,26,3,10,sparse
xes3g5m,learner_based,1,768,38,5,7,sparse
xes3g5m,learner_based,1,769,22,1,5,sparse
xes3g5m,learner_based,1,77,18479,2610,5397,dense
xes3g5m,learner_based,1,770,43,10,12,sparse
xes3g5m,learner_based,1,771,43,10,12,sparse
xes3g5m,learner_based,1,772,90,12,34,sparse
xes3g5m,learner_based,1,773,118,25,28,medium
xes3g5m,learner_based,1,774,9,1,3,very_sparse
xes3g5m,learner_based,1,775,46,5,19,sparse
xes3g5m,learner_based,1,776,20,1,7,sparse
xes3g5m,learner_based,1,777,23,2,9,sparse
xes3g5m,learner_based,1,778,24,3,6,sparse
xes3g5m,learner_based,1,779,25,7,11,sparse
xes3g5m,learner_based,1,78,97539,13739,27996,dense
xes3g5m,learner_based,1,780,49,9,28,sparse
xes3g5m,learner_based,1,781,34,1,13,sparse
xes3g5m,learner_based,1,782,5,2,2,very_sparse
xes3g5m,learner_based,1,783,92,14,22,sparse
xes3g5m,learner_based,1,784,14,2,4,very_sparse
xes3g5m,learner_based,1,785,77,10,24,sparse
xes3g5m,learner_based,1,786,208,22,63,medium
xes3g5m,learner_based,1,787,8,1,3,very_sparse
xes3g5m,learner_based,1,788,17,2,8,very_sparse
xes3g5m,learner_based,1,789,3,0,0,very_sparse
xes3g5m,learner_based,1,79,1291,190,360,dense
xes3g5m,learner_based,1,790,2,0,0,very_sparse
xes3g5m,learner_based,1,791,6,0,0,very_sparse
xes3g5m,learner_based,1,792,2,0,0,very_sparse
xes3g5m,learner_based,1,793,6,0,0,very_sparse
xes3g5m,learner_based,1,794,2,0,0,very_sparse
xes3g5m,learner_based,1,795,2,0,0,very_sparse
xes3g5m,learner_based,1,796,8,4,2,very_sparse
xes3g5m,learner_based,1,797,10,1,3,very_sparse
xes3g5m,learner_based,1,798,11,1,3,very_sparse
xes3g5m,learner_based,1,799,21,1,4,sparse
xes3g5m,learner_based,1,8,4710,695,1353,dense
xes3g5m,learner_based,1,80,2572,400,798,dense
xes3g5m,learner_based,1,800,3,0,0,very_sparse
xes3g5m,learner_based,1,801,6,1,3,very_sparse
xes3g5m,learner_based,1,802,7,0,1,very_sparse
xes3g5m,learner_based,1,803,3,0,0,very_sparse
xes3g5m,learner_based,1,804,8,2,5,very_sparse
xes3g5m,learner_based,1,805,8,2,5,very_sparse
xes3g5m,learner_based,1,806,7,2,5,very_sparse
xes3g5m,learner_based,1,807,2,2,5,very_sparse
xes3g5m,learner_based,1,808,3,0,1,very_sparse
xes3g5m,learner_based,1,809,56,4,11,sparse
xes3g5m,learner_based,1,81,43103,6029,12532,dense
xes3g5m,learner_based,1,810,8,1,4,very_sparse
xes3g5m,learner_based,1,811,2,0,0,very_sparse
xes3g5m,learner_based,1,812,1,0,0,very_sparse
xes3g5m,learner_based,1,813,1,0,0,very_sparse
xes3g5m,learner_based,1,814,1,0,0,very_sparse
xes3g5m,learner_based,1,815,2,0,0,very_sparse
xes3g5m,learner_based,1,816,1,0,0,very_sparse
xes3g5m,learner_based,1,817,1,0,0,very_sparse
xes3g5m,learner_based,1,818,1,0,0,very_sparse
xes3g5m,learner_based,1,819,0,0,1,strict_cold_start
xes3g5m,learner_based,1,82,7922,1198,2339,dense
xes3g5m,learner_based,1,820,50,14,16,sparse
xes3g5m,learner_based,1,821,142,24,36,medium
xes3g5m,learner_based,1,822,81,4,17,sparse
xes3g5m,learner_based,1,823,81,4,17,sparse
xes3g5m,learner_based,1,824,135,12,37,medium
xes3g5m,learner_based,1,825,16,4,4,very_sparse
xes3g5m,learner_based,1,826,88,16,21,sparse
xes3g5m,learner_based,1,827,131,24,34,medium
xes3g5m,learner_based,1,828,99,18,26,sparse
xes3g5m,learner_based,1,829,1,0,0,very_sparse
xes3g5m,learner_based,1,83,3777,535,1142,dense
xes3g5m,learner_based,1,830,66,12,18,sparse
xes3g5m,learner_based,1,831,26,4,8,sparse
xes3g5m,learner_based,1,832,81,5,25,sparse
xes3g5m,learner_based,1,833,17,1,2,very_sparse
xes3g5m,learner_based,1,834,17,1,2,very_sparse
xes3g5m,learner_based,1,835,3,0,1,very_sparse
xes3g5m,learner_based,1,836,32,1,14,sparse
xes3g5m,learner_based,1,837,0,0,1,strict_cold_start
xes3g5m,learner_based,1,838,4,0,1,very_sparse
xes3g5m,learner_based,1,839,15,2,6,very_sparse
xes3g5m,learner_based,1,84,1940,281,586,dense
xes3g5m,learner_based,1,840,0,0,1,strict_cold_start
xes3g5m,learner_based,1,841,4,1,1,very_sparse
xes3g5m,learner_based,1,842,2,0,1,very_sparse
xes3g5m,learner_based,1,843,0,0,1,strict_cold_start
xes3g5m,learner_based,1,844,5,0,2,very_sparse
xes3g5m,learner_based,1,845,5,0,2,very_sparse
xes3g5m,learner_based,1,846,2,1,2,very_sparse
xes3g5m,learner_based,1,847,1,0,0,very_sparse
xes3g5m,learner_based,1,848,3,0,4,very_sparse
xes3g5m,learner_based,1,849,12,0,4,very_sparse
xes3g5m,learner_based,1,85,1595,243,460,dense
xes3g5m,learner_based,1,850,7,0,2,very_sparse
xes3g5m,learner_based,1,851,1,0,0,very_sparse
xes3g5m,learner_based,1,852,2,0,0,very_sparse
xes3g5m,learner_based,1,853,6,0,0,very_sparse
xes3g5m,learner_based,1,854,4,0,0,very_sparse
xes3g5m,learner_based,1,855,2,0,0,very_sparse
xes3g5m,learner_based,1,856,2,0,0,very_sparse
xes3g5m,learner_based,1,857,3,0,0,very_sparse
xes3g5m,learner_based,1,858,5,0,1,very_sparse
xes3g5m,learner_based,1,859,9,0,2,very_sparse
xes3g5m,learner_based,1,86,7772,1185,2228,dense
xes3g5m,learner_based,1,860,1,0,0,very_sparse
xes3g5m,learner_based,1,861,1,0,0,very_sparse
xes3g5m,learner_based,1,862,1,0,0,very_sparse
xes3g5m,learner_based,1,863,1,0,1,very_sparse
xes3g5m,learner_based,1,864,3,0,1,very_sparse
xes3g5m,learner_based,1,87,7193,983,2037,dense
xes3g5m,learner_based,1,88,34823,4832,9726,dense
xes3g5m,learner_based,1,89,808,113,265,dense
xes3g5m,learner_based,1,9,24375,3384,7045,dense
xes3g5m,learner_based,1,90,117,22,39,medium
xes3g5m,learner_based,1,91,26340,3606,7383,dense
xes3g5m,learner_based,1,92,5197,787,1526,dense
xes3g5m,learner_based,1,93,3339,479,963,dense
xes3g5m,learner_based,1,94,883,139,278,dense
xes3g5m,learner_based,1,95,1228,186,317,dense
xes3g5m,learner_based,1,96,2857,430,868,dense
xes3g5m,learner_based,1,97,1378,201,382,dense
xes3g5m,learner_based,1,98,5282,767,1433,dense
xes3g5m,learner_based,1,99,10915,1617,3071,dense
xes3g5m,learner_based,2,0,5573,723,1509,dense
xes3g5m,learner_based,2,1,5907,867,1647,dense
xes3g5m,learner_based,2,10,27413,3881,7903,dense
xes3g5m,learner_based,2,100,2131,281,566,dense
xes3g5m,learner_based,2,101,7272,1059,1958,dense
xes3g5m,learner_based,2,102,24426,3528,6776,dense
xes3g5m,learner_based,2,103,1755,230,540,dense
xes3g5m,learner_based,2,104,32164,4745,8746,dense
xes3g5m,learner_based,2,105,2420,335,662,dense
xes3g5m,learner_based,2,106,28481,3849,7876,dense
xes3g5m,learner_based,2,107,3549,478,996,dense
xes3g5m,learner_based,2,108,34535,4859,9633,dense
xes3g5m,learner_based,2,109,31360,4454,8848,dense
xes3g5m,learner_based,2,11,13364,1760,3825,dense
xes3g5m,learner_based,2,110,742,104,235,dense
xes3g5m,learner_based,2,111,1026,143,301,dense
xes3g5m,learner_based,2,112,14114,2022,3889,dense
xes3g5m,learner_based,2,113,830,96,237,dense
xes3g5m,learner_based,2,114,11403,1509,2981,dense
xes3g5m,learner_based,2,115,4126,567,1021,dense
xes3g5m,learner_based,2,116,3128,461,843,dense
xes3g5m,learner_based,2,117,6925,975,2035,dense
xes3g5m,learner_based,2,118,5817,793,1548,dense
xes3g5m,learner_based,2,119,8726,1211,2578,dense
xes3g5m,learner_based,2,12,10086,1400,2898,dense
xes3g5m,learner_based,2,120,1580,197,471,dense
xes3g5m,learner_based,2,121,13246,1907,3736,dense
xes3g5m,learner_based,2,122,1677,197,405,dense
xes3g5m,learner_based,2,123,19916,2754,5241,dense
xes3g5m,learner_based,2,124,14374,2023,3725,dense
xes3g5m,learner_based,2,125,2533,330,662,dense
xes3g5m,learner_based,2,126,1532,207,422,dense
xes3g5m,learner_based,2,127,9921,1418,2611,dense
xes3g5m,learner_based,2,128,5883,848,1559,dense
xes3g5m,learner_based,2,129,1273,166,374,dense
xes3g5m,learner_based,2,13,4776,663,1391,dense
xes3g5m,learner_based,2,130,4999,666,1298,dense
xes3g5m,learner_based,2,131,10657,1468,2759,dense
xes3g5m,learner_based,2,132,13752,1979,4033,dense
xes3g5m,learner_based,2,133,7538,1070,2244,dense
xes3g5m,learner_based,2,134,8678,1242,2456,dense
xes3g5m,learner_based,2,135,14341,2047,3991,dense
xes3g5m,learner_based,2,136,394,48,108,medium
xes3g5m,learner_based,2,137,2221,272,592,dense
xes3g5m,learner_based,2,138,64183,9264,18685,dense
xes3g5m,learner_based,2,139,21087,3047,6250,dense
xes3g5m,learner_based,2,14,27029,3791,7700,dense
xes3g5m,learner_based,2,140,34348,4921,10257,dense
xes3g5m,learner_based,2,141,4255,586,1228,dense
xes3g5m,learner_based,2,142,14786,2070,4365,dense
xes3g5m,learner_based,2,143,4104,562,1235,dense
xes3g5m,learner_based,2,144,8552,1194,2553,dense
xes3g5m,learner_based,2,145,8349,1163,2328,dense
xes3g5m,learner_based,2,146,8935,1216,2631,dense
xes3g5m,learner_based,2,147,14851,2023,4192,dense
xes3g5m,learner_based,2,148,11949,1639,3572,dense
xes3g5m,learner_based,2,149,6122,861,1720,dense
xes3g5m,learner_based,2,15,2611,347,696,dense
xes3g5m,learner_based,2,150,5932,793,1745,dense
xes3g5m,learner_based,2,151,2387,321,679,dense
xes3g5m,learner_based,2,152,5618,777,1638,dense
xes3g5m,learner_based,2,153,4132,585,1219,dense
xes3g5m,learner_based,2,154,7909,1130,2269,dense
xes3g5m,learner_based,2,155,74037,10526,20897,dense
xes3g5m,learner_based,2,156,3633,503,1052,dense
xes3g5m,learner_based,2,157,20690,3046,5938,dense
xes3g5m,learner_based,2,158,2455,355,703,dense
xes3g5m,learner_based,2,159,2043,272,583,dense
xes3g5m,learner_based,2,16,12553,1856,3518,dense
xes3g5m,learner_based,2,160,9120,1301,2543,dense
xes3g5m,learner_based,2,161,12423,1769,3603,dense
xes3g5m,learner_based,2,162,21414,3067,5991,dense
xes3g5m,learner_based,2,163,5506,790,1590,dense
xes3g5m,learner_based,2,164,16582,2390,4812,dense
xes3g5m,learner_based,2,165,19200,2814,5631,dense
xes3g5m,learner_based,2,166,60333,8682,17302,dense
xes3g5m,learner_based,2,167,10576,1522,2974,dense
xes3g5m,learner_based,2,168,32161,4744,8906,dense
xes3g5m,learner_based,2,169,13496,1930,3865,dense
xes3g5m,learner_based,2,17,6396,859,1831,dense
xes3g5m,learner_based,2,170,29062,4238,8457,dense
xes3g5m,learner_based,2,171,5019,715,1432,dense
xes3g5m,learner_based,2,172,19000,2823,5342,dense
xes3g5m,learner_based,2,173,6948,1023,1955,dense
xes3g5m,learner_based,2,174,7961,1086,2185,dense
xes3g5m,learner_based,2,175,8326,1210,2508,dense
xes3g5m,learner_based,2,176,11153,1606,3231,dense
xes3g5m,learner_based,2,177,30551,4410,8782,dense
xes3g5m,learner_based,2,178,5802,836,1676,dense
xes3g5m,learner_based,2,179,35297,5173,10103,dense
xes3g5m,learner_based,2,18,105025,15108,30334,dense
xes3g5m,learner_based,2,180,37879,5481,11066,dense
xes3g5m,learner_based,2,181,5764,797,1609,dense
xes3g5m,learner_based,2,182,7692,1080,2132,dense
xes3g5m,learner_based,2,183,37505,5380,10267,dense
xes3g5m,learner_based,2,184,6110,888,1759,dense
xes3g5m,learner_based,2,185,4321,608,1169,dense
xes3g5m,learner_based,2,186,1741,253,465,dense
xes3g5m,learner_based,2,187,23686,3308,6618,dense
xes3g5m,learner_based,2,188,31544,4462,9064,dense
xes3g5m,learner_based,2,189,8736,1219,2481,dense
xes3g5m,learner_based,2,19,742,98,216,dense
xes3g5m,learner_based,2,190,2663,359,721,dense
xes3g5m,learner_based,2,191,3841,573,1109,dense
xes3g5m,learner_based,2,192,24087,3485,6898,dense
xes3g5m,learner_based,2,193,8872,1258,2634,dense
xes3g5m,learner_based,2,194,7510,1107,2221,dense
xes3g5m,learner_based,2,195,5534,799,1577,dense
xes3g5m,learner_based,2,196,5229,775,1554,dense
xes3g5m,learner_based,2,197,3086,469,924,dense
xes3g5m,learner_based,2,198,30894,4452,9011,dense
xes3g5m,learner_based,2,199,8553,1227,2510,dense
xes3g5m,learner_based,2,2,33632,4847,9772,dense
xes3g5m,learner_based,2,20,5863,792,1799,dense
xes3g5m,learner_based,2,200,20937,3071,6272,dense
xes3g5m,learner_based,2,201,3511,497,1003,dense
xes3g5m,learner_based,2,202,7466,1075,2238,dense
xes3g5m,learner_based,2,203,16233,2315,4751,dense
xes3g5m,learner_based,2,204,33376,4785,9650,dense
xes3g5m,learner_based,2,205,11213,1600,3285,dense
xes3g5m,learner_based,2,206,36387,5129,10571,dense
xes3g5m,learner_based,2,207,13270,1875,3946,dense
xes3g5m,learner_based,2,208,62082,9038,18042,dense
xes3g5m,learner_based,2,209,11167,1636,3228,dense
xes3g5m,learner_based,2,21,461,63,137,medium
xes3g5m,learner_based,2,210,4671,679,1392,dense
xes3g5m,learner_based,2,211,6076,947,1782,dense
xes3g5m,learner_based,2,212,14231,2107,4145,dense
xes3g5m,learner_based,2,213,23777,3440,7000,dense
xes3g5m,learner_based,2,214,35698,5085,10477,dense
xes3g5m,learner_based,2,215,1700,243,512,dense
xes3g5m,learner_based,2,216,3684,532,1045,dense
xes3g5m,learner_based,2,217,5655,760,1674,dense
xes3g5m,learner_based,2,218,5434,799,1602,dense
xes3g5m,learner_based,2,219,3451,503,1001,dense
xes3g5m,learner_based,2,22,2102,289,658,dense
xes3g5m,learner_based,2,220,20422,2801,6015,dense
xes3g5m,learner_based,2,221,7628,1094,2279,dense
xes3g5m,learner_based,2,222,25184,3548,7408,dense
xes3g5m,learner_based,2,223,14562,2073,4287,dense
xes3g5m,learner_based,2,224,4625,644,1360,dense
xes3g5m,learner_based,2,225,9081,1326,2710,dense
xes3g5m,learner_based,2,226,5113,751,1477,dense
xes3g5m,learner_based,2,227,14093,2091,4246,dense
xes3g5m,learner_based,2,228,5629,801,1566,dense
xes3g5m,learner_based,2,229,12164,1762,3403,dense
xes3g5m,learner_based,2,23,20744,3021,6172,dense
xes3g5m,learner_based,2,230,3197,439,952,dense
xes3g5m,learner_based,2,231,13295,1871,3907,dense
xes3g5m,learner_based,2,232,28639,3976,8086,dense
xes3g5m,learner_based,2,233,7535,1077,2119,dense
xes3g5m,learner_based,2,234,7849,1124,2212,dense
xes3g5m,learner_based,2,235,9335,1311,2619,dense
xes3g5m,learner_based,2,236,12170,1723,3404,dense
xes3g5m,learner_based,2,237,13778,1914,3913,dense
xes3g5m,learner_based,2,238,8094,1183,2360,dense
xes3g5m,learner_based,2,239,8428,1213,2513,dense
xes3g5m,learner_based,2,24,69353,9903,20571,dense
xes3g5m,learner_based,2,240,8604,1193,2549,dense
xes3g5m,learner_based,2,241,11951,1652,3471,dense
xes3g5m,learner_based,2,242,7224,962,2024,dense
xes3g5m,learner_based,2,243,8365,1248,2427,dense
xes3g5m,learner_based,2,244,6113,886,1793,dense
xes3g5m,learner_based,2,245,1539,211,416,dense
xes3g5m,learner_based,2,246,1678,230,452,dense
xes3g5m,learner_based,2,247,4405,626,1327,dense
xes3g5m,learner_based,2,248,10266,1544,2879,dense
xes3g5m,learner_based,2,249,6228,895,1694,dense
xes3g5m,learner_based,2,25,6779,948,1996,dense
xes3g5m,learner_based,2,250,4079,540,1054,dense
xes3g5m,learner_based,2,251,3971,590,1174,dense
xes3g5m,learner_based,2,252,19979,2854,6070,dense
xes3g5m,learner_based,2,253,6724,1007,1964,dense
xes3g5m,learner_based,2,254,1114,155,288,dense
xes3g5m,learner_based,2,255,1252,186,322,dense
xes3g5m,learner_based,2,256,3523,438,928,dense
xes3g5m,learner_based,2,257,59346,8944,17144,dense
xes3g5m,learner_based,2,258,13743,2073,3817,dense
xes3g5m,learner_based,2,259,2859,423,753,dense
xes3g5m,learner_based,2,26,7077,948,2091,dense
xes3g5m,learner_based,2,260,21392,3258,6185,dense
xes3g5m,learner_based,2,261,14673,2204,3872,dense
xes3g5m,learner_based,2,262,8108,1236,2142,dense
xes3g5m,learner_based,2,263,20690,3138,5551,dense
xes3g5m,learner_based,2,264,7393,1115,2027,dense
xes3g5m,learner_based,2,265,6481,917,1837,dense
xes3g5m,learner_based,2,266,40188,5698,11850,dense
xes3g5m,learner_based,2,267,1296,204,360,dense
xes3g5m,learner_based,2,268,1385,213,398,dense
xes3g5m,learner_based,2,269,819,98,212,dense
xes3g5m,learner_based,2,27,356,45,103,medium
xes3g5m,learner_based,2,270,3188,408,908,dense
xes3g5m,learner_based,2,271,7529,1144,2045,dense
xes3g5m,learner_based,2,272,16356,2382,4797,dense
xes3g5m,learner_based,2,273,708,80,166,dense
xes3g5m,learner_based,2,274,843,115,222,dense
xes3g5m,learner_based,2,275,1078,144,309,dense
xes3g5m,learner_based,2,276,1491,210,419,dense
xes3g5m,learner_based,2,277,6041,979,1668,dense
xes3g5m,learner_based,2,278,1741,266,461,dense
xes3g5m,learner_based,2,279,2974,436,782,dense
xes3g5m,learner_based,2,28,2818,404,742,dense
xes3g5m,learner_based,2,280,1583,238,408,dense
xes3g5m,learner_based,2,281,306,38,81,medium
xes3g5m,learner_based,2,282,1841,251,534,dense
xes3g5m,learner_based,2,283,4539,657,1164,dense
xes3g5m,learner_based,2,284,1698,200,473,dense
xes3g5m,learner_based,2,285,4309,585,1214,dense
xes3g5m,learner_based,2,286,548,64,160,dense
xes3g5m,learner_based,2,287,2423,304,672,dense
xes3g5m,learner_based,2,288,1826,246,471,dense
xes3g5m,learner_based,2,289,840,107,215,dense
xes3g5m,learner_based,2,29,3959,559,1237,dense
xes3g5m,learner_based,2,290,1709,263,467,dense
xes3g5m,learner_based,2,291,3439,545,856,dense
xes3g5m,learner_based,2,292,2873,410,762,dense
xes3g5m,learner_based,2,293,2302,325,610,dense
xes3g5m,learner_based,2,294,3981,556,1069,dense
xes3g5m,learner_based,2,295,1951,288,530,dense
xes3g5m,learner_based,2,296,2659,365,739,dense
xes3g5m,learner_based,2,297,1226,168,313,dense
xes3g5m,learner_based,2,298,601,81,147,dense
xes3g5m,learner_based,2,299,3176,452,829,dense
xes3g5m,learner_based,2,3,11411,1658,3197,dense
xes3g5m,learner_based,2,30,14175,1976,4170,dense
xes3g5m,learner_based,2,300,3966,553,1136,dense
xes3g5m,learner_based,2,301,12893,1816,3756,dense
xes3g5m,learner_based,2,302,1348,188,374,dense
xes3g5m,learner_based,2,303,9322,1284,2660,dense
xes3g5m,learner_based,2,304,3572,456,981,dense
xes3g5m,learner_based,2,305,1070,145,323,dense
xes3g5m,learner_based,2,306,1017,141,290,dense
xes3g5m,learner_based,2,307,11721,1633,3339,dense
xes3g5m,learner_based,2,308,1535,217,474,dense
xes3g5m,learner_based,2,309,56,11,25,sparse
xes3g5m,learner_based,2,31,5253,719,1513,dense
xes3g5m,learner_based,2,310,1191,203,332,dense
xes3g5m,learner_based,2,311,7960,1154,2432,dense
xes3g5m,learner_based,2,312,635,93,165,dense
xes3g5m,learner_based,2,313,11098,1687,3180,dense
xes3g5m,learner_based,2,314,764,81,213,dense
xes3g5m,learner_based,2,315,1269,181,355,dense
xes3g5m,learner_based,2,316,553,70,156,dense
xes3g5m,learner_based,2,317,1660,207,472,dense
xes3g5m,learner_based,2,318,1118,142,304,dense
xes3g5m,learner_based,2,319,354,66,118,medium
xes3g5m,learner_based,2,32,44887,6468,12919,dense
xes3g5m,learner_based,2,320,1563,197,429,dense
xes3g5m,learner_based,2,321,1069,144,295,dense
xes3g5m,learner_based,2,322,1449,188,421,dense
xes3g5m,learner_based,2,323,1480,205,411,dense
xes3g5m,learner_based,2,324,1567,225,445,dense
xes3g5m,learner_based,2,325,2649,340,723,dense
xes3g5m,learner_based,2,326,4916,683,1405,dense
xes3g5m,learner_based,2,327,3317,437,973,dense
xes3g5m,learner_based,2,328,123,24,33,medium
xes3g5m,learner_based,2,329,6295,965,1834,dense
xes3g5m,learner_based,2,33,41906,6060,12001,dense
xes3g5m,learner_based,2,330,17169,2507,4796,dense
xes3g5m,learner_based,2,331,446,59,113,medium
xes3g5m,learner_based,2,332,2089,308,563,dense
xes3g5m,learner_based,2,333,411,45,92,medium
xes3g5m,learner_based,2,334,2013,292,551,dense
xes3g5m,learner_based,2,335,18580,2655,5306,dense
xes3g5m,learner_based,2,336,23259,3453,6561,dense
xes3g5m,learner_based,2,337,5139,775,1497,dense
xes3g5m,learner_based,2,338,2014,277,620,dense
xes3g5m,learner_based,2,339,4074,607,1127,dense
xes3g5m,learner_based,2,34,51850,7258,14657,dense
xes3g5m,learner_based,2,340,13391,1874,3971,dense
xes3g5m,learner_based,2,341,4978,721,1423,dense
xes3g5m,learner_based,2,342,4978,721,1423,dense
xes3g5m,learner_based,2,343,10596,1481,3002,dense
xes3g5m,learner_based,2,344,3079,454,929,dense
xes3g5m,learner_based,2,345,396,56,97,medium
xes3g5m,learner_based,2,346,194,27,46,medium
xes3g5m,learner_based,2,347,198,29,46,medium
xes3g5m,learner_based,2,348,466,76,121,medium
xes3g5m,learner_based,2,349,9892,1500,3053,dense
xes3g5m,learner_based,2,35,12939,1896,3613,dense
xes3g5m,learner_based,2,350,1830,271,557,dense
xes3g5m,learner_based,2,351,3699,525,1132,dense
xes3g5m,learner_based,2,352,9690,1378,2900,dense
xes3g5m,learner_based,2,353,321,52,91,medium
xes3g5m,learner_based,2,354,328,54,97,medium
xes3g5m,learner_based,2,355,2832,386,827,dense
xes3g5m,learner_based,2,356,1748,237,523,dense
xes3g5m,learner_based,2,357,2326,314,664,dense
xes3g5m,learner_based,2,358,938,131,291,dense
xes3g5m,learner_based,2,359,17281,2427,5058,dense
xes3g5m,learner_based,2,36,12241,1766,3434,dense
xes3g5m,learner_based,2,360,4959,730,1520,dense
xes3g5m,learner_based,2,361,6746,976,1958,dense
xes3g5m,learner_based,2,362,8903,1291,2604,dense
xes3g5m,learner_based,2,363,11099,1557,3194,dense
xes3g5m,learner_based,2,364,991,131,282,dense
xes3g5m,learner_based,2,365,8536,1147,2645,dense
xes3g5m,learner_based,2,366,6529,923,2003,dense
xes3g5m,learner_based,2,367,6428,939,1882,dense
xes3g5m,learner_based,2,368,2719,381,731,dense
xes3g5m,learner_based,2,369,1678,253,479,dense
xes3g5m,learner_based,2,37,12094,1784,3284,dense
xes3g5m,learner_based,2,370,1335,189,421,dense
xes3g5m,learner_based,2,371,3936,570,1141,dense
xes3g5m,learner_based,2,372,1955,262,549,dense
xes3g5m,learner_based,2,373,5991,839,1719,dense
xes3g5m,learner_based,2,374,6328,894,1766,dense
xes3g5m,learner_based,2,375,1324,181,390,dense
xes3g5m,learner_based,2,376,3268,433,939,dense
xes3g5m,learner_based,2,377,1775,246,511,dense
xes3g5m,learner_based,2,378,9007,1280,2511,dense
xes3g5m,learner_based,2,379,16899,2331,4854,dense
xes3g5m,learner_based,2,38,8321,1186,2291,dense
xes3g5m,learner_based,2,380,3690,558,1087,dense
xes3g5m,learner_based,2,381,3199,453,988,dense
xes3g5m,learner_based,2,382,2769,394,794,dense
xes3g5m,learner_based,2,383,983,134,287,dense
xes3g5m,learner_based,2,384,1471,221,424,dense
xes3g5m,learner_based,2,385,1074,173,347,dense
xes3g5m,learner_based,2,386,2348,353,736,dense
xes3g5m,learner_based,2,387,2747,441,829,dense
xes3g5m,learner_based,2,388,3268,481,988,dense
xes3g5m,learner_based,2,389,7537,964,2235,dense
xes3g5m,learner_based,2,39,9812,1382,2763,dense
xes3g5m,learner_based,2,390,5134,734,1524,dense
xes3g5m,learner_based,2,391,2771,394,831,dense
xes3g5m,learner_based,2,392,7351,1040,2156,dense
xes3g5m,learner_based,2,393,2453,344,780,dense
xes3g5m,learner_based,2,394,3891,525,1135,dense
xes3g5m,learner_based,2,395,1866,248,555,dense
xes3g5m,learner_based,2,396,1608,199,471,dense
xes3g5m,learner_based,2,397,690,90,200,dense
xes3g5m,learner_based,2,398,881,122,283,dense
xes3g5m,learner_based,2,399,669,90,188,dense
xes3g5m,learner_based,2,4,672,89,184,dense
xes3g5m,learner_based,2,40,5838,797,1734,dense
xes3g5m,learner_based,2,400,902,124,261,dense
xes3g5m,learner_based,2,401,5831,835,1653,dense
xes3g5m,learner_based,2,402,11327,1668,3269,dense
xes3g5m,learner_based,2,403,942,123,249,dense
xes3g5m,learner_based,2,404,1186,163,322,dense
xes3g5m,learner_based,2,405,2844,402,790,dense
xes3g5m,learner_based,2,406,852,99,218,dense
xes3g5m,learner_based,2,407,3969,525,1055,dense
xes3g5m,learner_based,2,408,5415,738,1398,dense
xes3g5m,learner_based,2,409,4760,638,1180,dense
xes3g5m,learner_based,2,41,31419,4564,9320,dense
xes3g5m,learner_based,2,410,3543,478,848,dense
xes3g5m,learner_based,2,411,3733,514,902,dense
xes3g5m,learner_based,2,412,3722,503,888,dense
xes3g5m,learner_based,2,413,7939,1061,2344,dense
xes3g5m,learner_based,2,414,1617,223,429,dense
xes3g5m,learner_based,2,415,229,34,64,medium
xes3g5m,learner_based,2,416,67,16,21,sparse
xes3g5m,learner_based,2,417,67,16,21,sparse
xes3g5m,learner_based,2,418,328,53,94,medium
xes3g5m,learner_based,2,419,505,108,148,dense
xes3g5m,learner_based,2,42,2551,362,787,dense
xes3g5m,learner_based,2,420,989,166,307,dense
xes3g5m,learner_based,2,421,187,35,50,medium
xes3g5m,learner_based,2,422,4007,613,1023,dense
xes3g5m,learner_based,2,423,51,15,10,sparse
xes3g5m,learner_based,2,424,2786,412,819,dense
xes3g5m,learner_based,2,425,3421,509,1008,dense
xes3g5m,learner_based,2,426,469,58,137,medium
xes3g5m,learner_based,2,427,965,142,295,dense
xes3g5m,learner_based,2,428,71,11,22,sparse
xes3g5m,learner_based,2,429,198,31,70,medium
xes3g5m,learner_based,2,43,12548,1820,3668,dense
xes3g5m,learner_based,2,430,1234,206,369,dense
xes3g5m,learner_based,2,431,4427,638,1316,dense
xes3g5m,learner_based,2,432,246,45,75,medium
xes3g5m,learner_based,2,433,130,23,41,medium
xes3g5m,learner_based,2,434,185,27,60,medium
xes3g5m,learner_based,2,435,2233,297,633,dense
xes3g5m,learner_based,2,436,789,105,230,dense
xes3g5m,learner_based,2,437,284,49,97,medium
xes3g5m,learner_based,2,438,484,73,135,medium
xes3g5m,learner_based,2,439,484,73,135,medium
xes3g5m,learner_based,2,44,5824,803,1711,dense
xes3g5m,learner_based,2,440,304,49,94,medium
xes3g5m,learner_based,2,441,1069,152,277,dense
xes3g5m,learner_based,2,442,66,9,22,sparse
xes3g5m,learner_based,2,443,607,92,181,dense
xes3g5m,learner_based,2,444,179,24,46,medium
xes3g5m,learner_based,2,445,66,11,16,sparse
xes3g5m,learner_based,2,446,596,84,174,dense
xes3g5m,learner_based,2,447,6014,910,1765,dense
xes3g5m,learner_based,2,448,16207,2444,4723,dense
xes3g5m,learner_based,2,449,145,32,46,medium
xes3g5m,learner_based,2,45,390,47,121,medium
xes3g5m,learner_based,2,450,692,115,205,dense
xes3g5m,learner_based,2,451,1204,181,300,dense
xes3g5m,learner_based,2,452,296,52,95,medium
xes3g5m,learner_based,2,453,90,20,34,sparse
xes3g5m,learner_based,2,454,48,12,15,sparse
xes3g5m,learner_based,2,455,45,12,15,sparse
xes3g5m,learner_based,2,456,123,17,43,medium
xes3g5m,learner_based,2,457,380,61,110,medium
xes3g5m,learner_based,2,458,119,20,42,medium
xes3g5m,learner_based,2,459,159,27,51,medium
xes3g5m,learner_based,2,46,8625,1275,2700,dense
xes3g5m,learner_based,2,460,159,27,51,medium
xes3g5m,learner_based,2,461,197,32,62,medium
xes3g5m,learner_based,2,462,3632,530,1028,dense
xes3g5m,learner_based,2,463,957,121,233,dense
xes3g5m,learner_based,2,464,705,97,182,dense
xes3g5m,learner_based,2,465,953,117,242,dense
xes3g5m,learner_based,2,466,2610,352,766,dense
xes3g5m,learner_based,2,467,1722,246,462,dense
xes3g5m,learner_based,2,468,11810,1748,3295,dense
xes3g5m,learner_based,2,469,1135,150,309,dense
xes3g5m,learner_based,2,47,2438,339,756,dense
xes3g5m,learner_based,2,470,4928,692,1432,dense
xes3g5m,learner_based,2,471,9726,1373,2768,dense
xes3g5m,learner_based,2,472,1763,239,535,dense
xes3g5m,learner_based,2,473,2696,400,830,dense
xes3g5m,learner_based,2,474,2410,352,739,dense
xes3g5m,learner_based,2,475,1103,164,282,dense
xes3g5m,learner_based,2,476,1405,213,397,dense
xes3g5m,learner_based,2,477,3848,621,1100,dense
xes3g5m,learner_based,2,478,3693,604,1061,dense
xes3g5m,learner_based,2,479,2032,295,576,dense
xes3g5m,learner_based,2,48,1998,288,645,dense
xes3g5m,learner_based,2,480,6470,936,1781,dense
xes3g5m,learner_based,2,481,1775,251,464,dense
xes3g5m,learner_based,2,482,1466,218,377,dense
xes3g5m,learner_based,2,483,1916,274,509,dense
xes3g5m,learner_based,2,484,2089,292,551,dense
xes3g5m,learner_based,2,485,1521,203,418,dense
xes3g5m,learner_based,2,486,2561,339,663,dense
xes3g5m,learner_based,2,487,1635,242,369,dense
xes3g5m,learner_based,2,488,2264,343,704,dense
xes3g5m,learner_based,2,489,2376,352,690,dense
xes3g5m,learner_based,2,49,233,28,73,medium
xes3g5m,learner_based,2,490,655,107,201,dense
xes3g5m,learner_based,2,491,1320,196,383,dense
xes3g5m,learner_based,2,492,804,115,257,dense
xes3g5m,learner_based,2,493,392,66,127,medium
xes3g5m,learner_based,2,494,464,68,147,medium
xes3g5m,learner_based,2,495,292,44,83,medium
xes3g5m,learner_based,2,496,1032,145,287,dense
xes3g5m,learner_based,2,497,1092,156,358,dense
xes3g5m,learner_based,2,498,1328,172,437,dense
xes3g5m,learner_based,2,499,1000,144,273,dense
xes3g5m,learner_based,2,5,18523,2613,5316,dense
xes3g5m,learner_based,2,50,242,28,75,medium
xes3g5m,learner_based,2,500,709,101,222,dense
xes3g5m,learner_based,2,501,1830,249,554,dense
xes3g5m,learner_based,2,502,1595,217,489,dense
xes3g5m,learner_based,2,503,874,130,251,dense
xes3g5m,learner_based,2,504,1944,289,623,dense
xes3g5m,learner_based,2,505,1296,187,383,dense
xes3g5m,learner_based,2,506,492,70,123,medium
xes3g5m,learner_based,2,507,350,48,101,medium
xes3g5m,learner_based,2,508,1536,227,443,dense
xes3g5m,learner_based,2,509,347,51,104,medium
xes3g5m,learner_based,2,51,4723,639,1338,dense
xes3g5m,learner_based,2,510,627,90,188,dense
xes3g5m,learner_based,2,511,441,56,99,medium
xes3g5m,learner_based,2,512,639,80,139,dense
xes3g5m,learner_based,2,513,956,138,241,dense
xes3g5m,learner_based,2,514,355,51,100,medium
xes3g5m,learner_based,2,515,400,65,113,medium
xes3g5m,learner_based,2,516,644,88,181,dense
xes3g5m,learner_based,2,517,494,67,151,medium
xes3g5m,learner_based,2,518,1286,215,370,dense
xes3g5m,learner_based,2,519,704,92,209,dense
xes3g5m,learner_based,2,52,1360,195,425,dense
xes3g5m,learner_based,2,520,255,39,96,medium
xes3g5m,learner_based,2,521,502,72,161,dense
xes3g5m,learner_based,2,522,571,86,168,dense
xes3g5m,learner_based,2,523,207,30,60,medium
xes3g5m,learner_based,2,524,315,45,87,medium
xes3g5m,learner_based,2,525,74,11,24,sparse
xes3g5m,learner_based,2,526,1563,214,433,dense
xes3g5m,learner_based,2,527,152,29,43,medium
xes3g5m,learner_based,2,528,481,72,123,medium
xes3g5m,learner_based,2,529,530,68,172,dense
xes3g5m,learner_based,2,53,674,89,211,dense
xes3g5m,learner_based,2,530,881,122,245,dense
xes3g5m,learner_based,2,531,929,156,271,dense
xes3g5m,learner_based,2,532,155,27,41,medium
xes3g5m,learner_based,2,533,152,22,33,medium
xes3g5m,learner_based,2,534,281,53,57,medium
xes3g5m,learner_based,2,535,390,79,102,medium
xes3g5m,learner_based,2,536,1691,259,532,dense
xes3g5m,learner_based,2,537,269,43,56,medium
xes3g5m,learner_based,2,538,194,24,48,medium
xes3g5m,learner_based,2,539,194,24,48,medium
xes3g5m,learner_based,2,54,4641,633,1288,dense
xes3g5m,learner_based,2,540,240,39,61,medium
xes3g5m,learner_based,2,541,320,43,86,medium
xes3g5m,learner_based,2,542,127,19,32,medium
xes3g5m,learner_based,2,543,323,38,84,medium
xes3g5m,learner_based,2,544,164,18,35,medium
xes3g5m,learner_based,2,545,714,98,202,dense
xes3g5m,learner_based,2,546,5143,702,1541,dense
xes3g5m,learner_based,2,547,222,27,65,medium
xes3g5m,learner_based,2,548,219,39,68,medium
xes3g5m,learner_based,2,549,251,46,75,medium
xes3g5m,learner_based,2,55,84105,11951,23861,dense
xes3g5m,learner_based,2,550,159,27,44,medium
xes3g5m,learner_based,2,551,41,7,10,sparse
xes3g5m,learner_based,2,552,24,3,9,sparse
xes3g5m,learner_based,2,553,130,26,38,medium
xes3g5m,learner_based,2,554,167,30,44,medium
xes3g5m,learner_based,2,555,53,12,16,sparse
xes3g5m,learner_based,2,556,42,8,13,sparse
xes3g5m,learner_based,2,557,39,5,9,sparse
xes3g5m,learner_based,2,558,583,73,174,dense
xes3g5m,learner_based,2,559,77,14,18,sparse
xes3g5m,learner_based,2,56,48651,6888,13672,dense
xes3g5m,learner_based,2,560,104,21,20,medium
xes3g5m,learner_based,2,561,57,4,9,sparse
xes3g5m,learner_based,2,562,999,145,278,dense
xes3g5m,learner_based,2,563,113,21,35,medium
xes3g5m,learner_based,2,564,242,40,73,medium
xes3g5m,learner_based,2,565,416,73,127,medium
xes3g5m,learner_based,2,566,251,39,66,medium
xes3g5m,learner_based,2,567,291,42,76,medium
xes3g5m,learner_based,2,568,204,40,49,medium
xes3g5m,learner_based,2,569,257,45,79,medium
xes3g5m,learner_based,2,57,60356,8738,17143,dense
xes3g5m,learner_based,2,570,111,17,32,medium
xes3g5m,learner_based,2,571,280,44,82,medium
xes3g5m,learner_based,2,572,147,21,46,medium
xes3g5m,learner_based,2,573,129,24,37,medium
xes3g5m,learner_based,2,574,297,44,103,medium
xes3g5m,learner_based,2,575,123,17,46,medium
xes3g5m,learner_based,2,576,318,44,89,medium
xes3g5m,learner_based,2,577,252,36,76,medium
xes3g5m,learner_based,2,578,329,33,93,medium
xes3g5m,learner_based,2,579,636,87,191,dense
xes3g5m,learner_based,2,58,18112,2603,5098,dense
xes3g5m,learner_based,2,580,588,92,157,dense
xes3g5m,learner_based,2,581,793,127,226,dense
xes3g5m,learner_based,2,582,1503,201,458,dense
xes3g5m,learner_based,2,583,748,100,226,dense
xes3g5m,learner_based,2,584,339,48,87,medium
xes3g5m,learner_based,2,585,692,105,221,dense
xes3g5m,learner_based,2,586,3142,483,1015,dense
xes3g5m,learner_based,2,587,628,96,164,dense
xes3g5m,learner_based,2,588,314,48,81,medium
xes3g5m,learner_based,2,589,312,41,76,medium
xes3g5m,learner_based,2,59,8920,1265,2487,dense
xes3g5m,learner_based,2,590,55,5,20,sparse
xes3g5m,learner_based,2,591,57,7,19,sparse
xes3g5m,learner_based,2,592,71,8,27,sparse
xes3g5m,learner_based,2,593,292,43,83,medium
xes3g5m,learner_based,2,594,354,50,95,medium
xes3g5m,learner_based,2,595,397,52,99,medium
xes3g5m,learner_based,2,596,95,16,32,sparse
xes3g5m,learner_based,2,597,150,21,40,medium
xes3g5m,learner_based,2,598,364,62,80,medium
xes3g5m,learner_based,2,599,63,6,14,sparse
xes3g5m,learner_based,2,6,31437,4458,9153,dense
xes3g5m,learner_based,2,60,1897,261,512,dense
xes3g5m,learner_based,2,600,87,15,18,sparse
xes3g5m,learner_based,2,601,97,12,21,sparse
xes3g5m,learner_based,2,602,94,9,24,sparse
xes3g5m,learner_based,2,603,204,33,67,medium
xes3g5m,learner_based,2,604,283,43,90,medium
xes3g5m,learner_based,2,605,298,47,92,medium
xes3g5m,learner_based,2,606,390,55,117,medium
xes3g5m,learner_based,2,607,491,65,142,medium
xes3g5m,learner_based,2,608,442,65,131,medium
xes3g5m,learner_based,2,609,116,9,36,medium
xes3g5m,learner_based,2,61,7097,962,1961,dense
xes3g5m,learner_based,2,610,225,33,79,medium
xes3g5m,learner_based,2,611,201,31,68,medium
xes3g5m,learner_based,2,612,910,107,297,dense
xes3g5m,learner_based,2,613,489,56,146,medium
xes3g5m,learner_based,2,614,358,46,112,medium
xes3g5m,learner_based,2,615,83,16,27,sparse
xes3g5m,learner_based,2,616,63,14,30,sparse
xes3g5m,learner_based,2,617,70,14,22,sparse
xes3g5m,learner_based,2,618,474,64,114,medium
xes3g5m,learner_based,2,619,307,43,93,medium
xes3g5m,learner_based,2,62,16205,2276,4630,dense
xes3g5m,learner_based,2,620,112,14,29,medium
xes3g5m,learner_based,2,621,24,11,11,sparse
xes3g5m,learner_based,2,622,23,8,10,sparse
xes3g5m,learner_based,2,623,326,52,99,medium
xes3g5m,learner_based,2,624,849,100,252,dense
xes3g5m,learner_based,2,625,1050,157,293,dense
xes3g5m,learner_based,2,626,620,68,170,dense
xes3g5m,learner_based,2,627,297,49,82,medium
xes3g5m,learner_based,2,628,210,31,65,medium
xes3g5m,learner_based,2,629,441,74,125,medium
xes3g5m,learner_based,2,63,4899,699,1371,dense
xes3g5m,learner_based,2,630,134,16,38,medium
xes3g5m,learner_based,2,631,62,5,21,sparse
xes3g5m,learner_based,2,632,61,5,21,sparse
xes3g5m,learner_based,2,633,156,17,55,medium
xes3g5m,learner_based,2,634,385,61,132,medium
xes3g5m,learner_based,2,635,2555,382,837,dense
xes3g5m,learner_based,2,636,281,52,55,medium
xes3g5m,learner_based,2,637,229,39,65,medium
xes3g5m,learner_based,2,638,215,30,50,medium
xes3g5m,learner_based,2,639,157,22,51,medium
xes3g5m,learner_based,2,64,24587,3535,6946,dense
xes3g5m,learner_based,2,640,433,50,124,medium
xes3g5m,learner_based,2,641,88,16,22,sparse
xes3g5m,learner_based,2,642,32,7,7,sparse
xes3g5m,learner_based,2,643,1064,151,358,dense
xes3g5m,learner_based,2,644,1388,197,437,dense
xes3g5m,learner_based,2,645,720,97,219,dense
xes3g5m,learner_based,2,646,671,92,206,dense
xes3g5m,learner_based,2,647,503,76,169,dense
xes3g5m,learner_based,2,648,229,31,77,medium
xes3g5m,learner_based,2,649,962,113,292,dense
xes3g5m,learner_based,2,65,30935,4284,8739,dense
xes3g5m,learner_based,2,650,963,113,292,dense
xes3g5m,learner_based,2,651,192,28,54,medium
xes3g5m,learner_based,2,652,178,27,50,medium
xes3g5m,learner_based,2,653,313,51,100,medium
xes3g5m,learner_based,2,654,405,66,115,medium
xes3g5m,learner_based,2,655,534,66,145,dense
xes3g5m,learner_based,2,656,467,61,130,medium
xes3g5m,learner_based,2,657,1296,142,375,dense
xes3g5m,learner_based,2,658,1407,146,414,dense
xes3g5m,learner_based,2,659,1874,245,529,dense
xes3g5m,learner_based,2,66,16203,2245,4805,dense
xes3g5m,learner_based,2,660,346,54,118,medium
xes3g5m,learner_based,2,661,106,15,49,medium
xes3g5m,learner_based,2,662,65,9,20,sparse
xes3g5m,learner_based,2,663,58,9,19,sparse
xes3g5m,learner_based,2,664,51,8,17,sparse
xes3g5m,learner_based,2,665,220,32,60,medium
xes3g5m,learner_based,2,666,83,10,22,sparse
xes3g5m,learner_based,2,667,27,4,8,sparse
xes3g5m,learner_based,2,668,78,10,22,sparse
xes3g5m,learner_based,2,669,27,4,8,sparse
xes3g5m,learner_based,2,67,19023,2675,5572,dense
xes3g5m,learner_based,2,670,90,9,23,sparse
xes3g5m,learner_based,2,671,92,15,25,sparse
xes3g5m,learner_based,2,672,45,6,13,sparse
xes3g5m,learner_based,2,673,49,6,12,sparse
xes3g5m,learner_based,2,674,44,7,12,sparse
xes3g5m,learner_based,2,675,80,14,31,sparse
xes3g5m,learner_based,2,676,56,10,19,sparse
xes3g5m,learner_based,2,677,50,10,17,sparse
xes3g5m,learner_based,2,678,86,11,18,sparse
xes3g5m,learner_based,2,679,216,27,57,medium
xes3g5m,learner_based,2,68,7405,961,2075,dense
xes3g5m,learner_based,2,680,285,33,85,medium
xes3g5m,learner_based,2,681,684,86,187,dense
xes3g5m,learner_based,2,682,248,29,71,medium
xes3g5m,learner_based,2,683,110,9,30,medium
xes3g5m,learner_based,2,684,163,23,46,medium
xes3g5m,learner_based,2,685,113,18,31,medium
xes3g5m,learner_based,2,686,44,9,17,sparse
xes3g5m,learner_based,2,687,178,33,55,medium
xes3g5m,learner_based,2,688,148,32,49,medium
xes3g5m,learner_based,2,689,304,50,99,medium
xes3g5m,learner_based,2,69,8999,1389,2596,dense
xes3g5m,learner_based,2,690,196,38,62,medium
xes3g5m,learner_based,2,691,211,46,62,medium
xes3g5m,learner_based,2,692,204,37,55,medium
xes3g5m,learner_based,2,693,186,38,52,medium
xes3g5m,learner_based,2,694,142,23,46,medium
xes3g5m,learner_based,2,695,381,68,121,medium
xes3g5m,learner_based,2,696,559,97,183,dense
xes3g5m,learner_based,2,697,96,16,38,sparse
xes3g5m,learner_based,2,698,359,61,122,medium
xes3g5m,learner_based,2,699,148,24,49,medium
xes3g5m,learner_based,2,7,11911,1642,3579,dense
xes3g5m,learner_based,2,70,192,26,59,medium
xes3g5m,learner_based,2,700,237,38,84,medium
xes3g5m,learner_based,2,701,37,6,11,sparse
xes3g5m,learner_based,2,702,240,28,76,medium
xes3g5m,learner_based,2,703,204,20,55,medium
xes3g5m,learner_based,2,704,259,26,70,medium
xes3g5m,learner_based,2,705,138,30,31,medium
xes3g5m,learner_based,2,706,43,13,13,sparse
xes3g5m,learner_based,2,707,59,14,19,sparse
xes3g5m,learner_based,2,708,37,8,7,sparse
xes3g5m,learner_based,2,709,275,54,77,medium
xes3g5m,learner_based,2,71,2897,394,749,dense
xes3g5m,learner_based,2,710,48,8,12,sparse
xes3g5m,learner_based,2,711,67,9,16,sparse
xes3g5m,learner_based,2,712,108,23,19,medium
xes3g5m,learner_based,2,713,647,97,189,dense
xes3g5m,learner_based,2,714,116,21,25,medium
xes3g5m,learner_based,2,715,88,18,22,sparse
xes3g5m,learner_based,2,716,43,7,13,sparse
xes3g5m,learner_based,2,717,28,2,7,sparse
xes3g5m,learner_based,2,718,21,6,7,sparse
xes3g5m,learner_based,2,719,111,12,24,medium
xes3g5m,learner_based,2,72,3831,500,1079,dense
xes3g5m,learner_based,2,720,98,12,38,sparse
xes3g5m,learner_based,2,721,192,21,55,medium
xes3g5m,learner_based,2,722,43,7,22,sparse
xes3g5m,learner_based,2,723,69,11,15,sparse
xes3g5m,learner_based,2,724,3,0,2,very_sparse
xes3g5m,learner_based,2,725,51,6,10,sparse
xes3g5m,learner_based,2,726,54,9,11,sparse
xes3g5m,learner_based,2,727,68,15,29,sparse
xes3g5m,learner_based,2,728,100,15,36,medium
xes3g5m,learner_based,2,729,48,4,15,sparse
xes3g5m,learner_based,2,73,54609,7775,14989,dense
xes3g5m,learner_based,2,730,42,6,11,sparse
xes3g5m,learner_based,2,731,26,5,6,sparse
xes3g5m,learner_based,2,732,85,18,22,sparse
xes3g5m,learner_based,2,733,110,19,24,medium
xes3g5m,learner_based,2,734,160,33,37,medium
xes3g5m,learner_based,2,735,58,13,11,sparse
xes3g5m,learner_based,2,736,59,12,12,sparse
xes3g5m,learner_based,2,737,36,4,8,sparse
xes3g5m,learner_based,2,738,35,4,8,sparse
xes3g5m,learner_based,2,739,8,1,2,very_sparse
xes3g5m,learner_based,2,74,5346,748,1477,dense
xes3g5m,learner_based,2,740,49,11,11,sparse
xes3g5m,learner_based,2,741,185,35,38,medium
xes3g5m,learner_based,2,742,185,35,38,medium
xes3g5m,learner_based,2,743,32,6,3,sparse
xes3g5m,learner_based,2,744,57,13,15,sparse
xes3g5m,learner_based,2,745,31,3,8,sparse
xes3g5m,learner_based,2,746,38,6,14,sparse
xes3g5m,learner_based,2,747,38,6,14,sparse
xes3g5m,learner_based,2,748,48,7,14,sparse
xes3g5m,learner_based,2,749,47,7,14,sparse
xes3g5m,learner_based,2,75,336,46,82,medium
xes3g5m,learner_based,2,750,63,5,12,sparse
xes3g5m,learner_based,2,751,71,16,16,sparse
xes3g5m,learner_based,2,752,14,2,3,very_sparse
xes3g5m,learner_based,2,753,13,2,4,very_sparse
xes3g5m,learner_based,2,754,34,2,8,sparse
xes3g5m,learner_based,2,755,44,5,16,sparse
xes3g5m,learner_based,2,756,54,6,18,sparse
xes3g5m,learner_based,2,757,17,4,6,very_sparse
xes3g5m,learner_based,2,758,45,4,8,sparse
xes3g5m,learner_based,2,759,31,8,11,sparse
xes3g5m,learner_based,2,76,19427,2707,5495,dense
xes3g5m,learner_based,2,760,34,5,11,sparse
xes3g5m,learner_based,2,761,57,5,8,sparse
xes3g5m,learner_based,2,762,46,4,7,sparse
xes3g5m,learner_based,2,763,64,7,9,sparse
xes3g5m,learner_based,2,764,55,6,8,sparse
xes3g5m,learner_based,2,765,152,15,35,medium
xes3g5m,learner_based,2,766,39,4,7,sparse
xes3g5m,learner_based,2,767,24,4,11,sparse
xes3g5m,learner_based,2,768,29,7,14,sparse
xes3g5m,learner_based,2,769,20,3,5,sparse
xes3g5m,learner_based,2,77,18656,2596,5234,dense
xes3g5m,learner_based,2,770,46,5,14,sparse
xes3g5m,learner_based,2,771,46,5,14,sparse
xes3g5m,learner_based,2,772,102,8,26,medium
xes3g5m,learner_based,2,773,119,15,37,medium
xes3g5m,learner_based,2,774,11,2,0,very_sparse
xes3g5m,learner_based,2,775,51,10,9,sparse
xes3g5m,learner_based,2,776,22,3,3,sparse
xes3g5m,learner_based,2,777,25,3,6,sparse
xes3g5m,learner_based,2,778,27,3,3,sparse
xes3g5m,learner_based,2,779,31,3,9,sparse
xes3g5m,learner_based,2,78,97489,14061,27724,dense
xes3g5m,learner_based,2,780,65,7,14,sparse
xes3g5m,learner_based,2,781,36,3,9,sparse
xes3g5m,learner_based,2,782,6,1,2,very_sparse
xes3g5m,learner_based,2,783,90,5,33,sparse
xes3g5m,learner_based,2,784,14,2,4,very_sparse
xes3g5m,learner_based,2,785,76,12,23,sparse
xes3g5m,learner_based,2,786,210,33,50,medium
xes3g5m,learner_based,2,787,11,1,0,very_sparse
xes3g5m,learner_based,2,788,19,4,4,very_sparse
xes3g5m,learner_based,2,789,2,1,0,very_sparse
xes3g5m,learner_based,2,79,1272,193,376,dense
xes3g5m,learner_based,2,790,1,1,0,very_sparse
xes3g5m,learner_based,2,791,3,3,0,very_sparse
xes3g5m,learner_based,2,792,1,1,0,very_sparse
xes3g5m,learner_based,2,793,3,3,0,very_sparse
xes3g5m,learner_based,2,794,1,1,0,very_sparse
xes3g5m,learner_based,2,795,0,2,0,strict_cold_start
xes3g5m,learner_based,2,796,10,1,3,very_sparse
xes3g5m,learner_based,2,797,11,2,1,very_sparse
xes3g5m,learner_based,2,798,12,2,1,very_sparse
xes3g5m,learner_based,2,799,18,1,7,very_sparse
xes3g5m,learner_based,2,8,4741,660,1357,dense
xes3g5m,learner_based,2,80,2661,384,725,dense
xes3g5m,learner_based,2,800,3,0,0,very_sparse
xes3g5m,learner_based,2,801,9,0,1,very_sparse
xes3g5m,learner_based,2,802,6,0,2,very_sparse
xes3g5m,learner_based,2,803,2,0,1,very_sparse
xes3g5m,learner_based,2,804,10,3,2,very_sparse
xes3g5m,learner_based,2,805,10,2,3,very_sparse
xes3g5m,learner_based,2,806,10,2,2,very_sparse
xes3g5m,learner_based,2,807,6,2,1,very_sparse
xes3g5m,learner_based,2,808,3,0,1,very_sparse
xes3g5m,learner_based,2,809,47,7,17,sparse
xes3g5m,learner_based,2,81,43111,6257,12296,dense
xes3g5m,learner_based,2,810,10,1,2,very_sparse
xes3g5m,learner_based,2,811,2,0,0,very_sparse
xes3g5m,learner_based,2,812,1,0,0,very_sparse
xes3g5m,learner_based,2,813,1,0,0,very_sparse
xes3g5m,learner_based,2,814,1,0,0,very_sparse
xes3g5m,learner_based,2,815,2,0,0,very_sparse
xes3g5m,learner_based,2,816,1,0,0,very_sparse
xes3g5m,learner_based,2,817,1,0,0,very_sparse
xes3g5m,learner_based,2,818,1,0,0,very_sparse
xes3g5m,learner_based,2,819,0,0,1,strict_cold_start
xes3g5m,learner_based,2,82,8101,1175,2183,dense
xes3g5m,learner_based,2,820,54,8,18,sparse
xes3g5m,learner_based,2,821,140,13,49,medium
xes3g5m,learner_based,2,822,68,8,26,sparse
xes3g5m,learner_based,2,823,68,8,26,sparse
xes3g5m,learner_based,2,824,116,18,50,medium
xes3g5m,learner_based,2,825,16,1,7,very_sparse
xes3g5m,learner_based,2,826,89,11,25,sparse
xes3g5m,learner_based,2,827,128,18,43,medium
xes3g5m,learner_based,2,828,103,12,28,medium
xes3g5m,learner_based,2,829,1,0,0,very_sparse
xes3g5m,learner_based,2,83,3786,565,1103,dense
xes3g5m,learner_based,2,830,74,7,15,sparse
xes3g5m,learner_based,2,831,25,3,10,sparse
xes3g5m,learner_based,2,832,77,12,22,sparse
xes3g5m,learner_based,2,833,11,4,5,very_sparse
xes3g5m,learner_based,2,834,11,4,5,very_sparse
xes3g5m,learner_based,2,835,2,1,1,very_sparse
xes3g5m,learner_based,2,836,34,5,8,sparse
xes3g5m,learner_based,2,837,1,0,0,very_sparse
xes3g5m,learner_based,2,838,5,0,0,very_sparse
xes3g5m,learner_based,2,839,17,1,5,very_sparse
xes3g5m,learner_based,2,84,1973,288,546,dense
xes3g5m,learner_based,2,840,0,0,1,strict_cold_start
xes3g5m,learner_based,2,841,4,1,1,very_sparse
xes3g5m,learner_based,2,842,2,0,1,very_sparse
xes3g5m,learner_based,2,843,1,0,0,very_sparse
xes3g5m,learner_based,2,844,7,0,0,very_sparse
xes3g5m,learner_based,2,845,7,0,0,very_sparse
xes3g5m,learner_based,2,846,5,0,0,very_sparse
xes3g5m,learner_based,2,847,0,0,1,strict_cold_start
xes3g5m,learner_based,2,848,6,0,1,very_sparse
xes3g5m,learner_based,2,849,13,1,2,very_sparse
xes3g5m,learner_based,2,85,1640,227,431,dense
xes3g5m,learner_based,2,850,6,2,1,very_sparse
xes3g5m,learner_based,2,851,1,0,0,very_sparse
xes3g5m,learner_based,2,852,1,1,0,very_sparse
xes3g5m,learner_based,2,853,3,3,0,very_sparse
xes3g5m,learner_based,2,854,2,2,0,very_sparse
xes3g5m,learner_based,2,855,1,1,0,very_sparse
xes3g5m,learner_based,2,856,2,0,0,very_sparse
xes3g5m,learner_based,2,857,3,0,0,very_sparse
xes3g5m,learner_based,2,858,5,0,1,very_sparse
xes3g5m,learner_based,2,859,8,1,2,very_sparse
xes3g5m,learner_based,2,86,7840,1108,2237,dense
xes3g5m,learner_based,2,860,1,0,0,very_sparse
xes3g5m,learner_based,2,861,1,0,0,very_sparse
xes3g5m,learner_based,2,862,1,0,0,very_sparse
xes3g5m,learner_based,2,863,1,0,1,very_sparse
xes3g5m,learner_based,2,864,2,1,1,very_sparse
xes3g5m,learner_based,2,87,7157,997,2059,dense
xes3g5m,learner_based,2,88,34120,4973,10288,dense
xes3g5m,learner_based,2,89,838,127,221,dense
xes3g5m,learner_based,2,9,24226,3335,7243,dense
xes3g5m,learner_based,2,90,124,18,36,medium
xes3g5m,learner_based,2,91,26001,3691,7637,dense
xes3g5m,learner_based,2,92,5276,722,1512,dense
xes3g5m,learner_based,2,93,3377,481,923,dense
xes3g5m,learner_based,2,94,926,120,254,dense
xes3g5m,learner_based,2,95,1192,179,360,dense
xes3g5m,learner_based,2,96,2913,409,833,dense
xes3g5m,learner_based,2,97,1389,179,393,dense
xes3g5m,learner_based,2,98,5183,769,1530,dense
xes3g5m,learner_based,2,99,11128,1466,3009,dense
xes3g5m,learner_based,3,0,5573,723,1509,dense
xes3g5m,learner_based,3,1,5907,867,1647,dense
xes3g5m,learner_based,3,10,27413,3881,7903,dense
xes3g5m,learner_based,3,100,2131,281,566,dense
xes3g5m,learner_based,3,101,7272,1059,1958,dense
xes3g5m,learner_based,3,102,24426,3528,6776,dense
xes3g5m,learner_based,3,103,1755,230,540,dense
xes3g5m,learner_based,3,104,32164,4745,8746,dense
xes3g5m,learner_based,3,105,2420,335,662,dense
xes3g5m,learner_based,3,106,28481,3849,7876,dense
xes3g5m,learner_based,3,107,3549,478,996,dense
xes3g5m,learner_based,3,108,34535,4859,9633,dense
xes3g5m,learner_based,3,109,31360,4454,8848,dense
xes3g5m,learner_based,3,11,13364,1760,3825,dense
xes3g5m,learner_based,3,110,742,104,235,dense
xes3g5m,learner_based,3,111,1026,143,301,dense
xes3g5m,learner_based,3,112,14114,2022,3889,dense
xes3g5m,learner_based,3,113,830,96,237,dense
xes3g5m,learner_based,3,114,11403,1509,2981,dense
xes3g5m,learner_based,3,115,4126,567,1021,dense
xes3g5m,learner_based,3,116,3128,461,843,dense
xes3g5m,learner_based,3,117,6925,975,2035,dense
xes3g5m,learner_based,3,118,5817,793,1548,dense
xes3g5m,learner_based,3,119,8726,1211,2578,dense
xes3g5m,learner_based,3,12,10086,1400,2898,dense
xes3g5m,learner_based,3,120,1580,197,471,dense
xes3g5m,learner_based,3,121,13246,1907,3736,dense
xes3g5m,learner_based,3,122,1677,197,405,dense
xes3g5m,learner_based,3,123,19916,2754,5241,dense
xes3g5m,learner_based,3,124,14374,2023,3725,dense
xes3g5m,learner_based,3,125,2533,330,662,dense
xes3g5m,learner_based,3,126,1532,207,422,dense
xes3g5m,learner_based,3,127,9921,1418,2611,dense
xes3g5m,learner_based,3,128,5883,848,1559,dense
xes3g5m,learner_based,3,129,1273,166,374,dense
xes3g5m,learner_based,3,13,4776,663,1391,dense
xes3g5m,learner_based,3,130,4999,666,1298,dense
xes3g5m,learner_based,3,131,10657,1468,2759,dense
xes3g5m,learner_based,3,132,13752,1979,4033,dense
xes3g5m,learner_based,3,133,7538,1070,2244,dense
xes3g5m,learner_based,3,134,8678,1242,2456,dense
xes3g5m,learner_based,3,135,14341,2047,3991,dense
xes3g5m,learner_based,3,136,394,48,108,medium
xes3g5m,learner_based,3,137,2221,272,592,dense
xes3g5m,learner_based,3,138,64183,9264,18685,dense
xes3g5m,learner_based,3,139,21087,3047,6250,dense
xes3g5m,learner_based,3,14,27029,3791,7700,dense
xes3g5m,learner_based,3,140,34348,4921,10257,dense
xes3g5m,learner_based,3,141,4255,586,1228,dense
xes3g5m,learner_based,3,142,14786,2070,4365,dense
xes3g5m,learner_based,3,143,4104,562,1235,dense
xes3g5m,learner_based,3,144,8552,1194,2553,dense
xes3g5m,learner_based,3,145,8349,1163,2328,dense
xes3g5m,learner_based,3,146,8935,1216,2631,dense
xes3g5m,learner_based,3,147,14851,2023,4192,dense
xes3g5m,learner_based,3,148,11949,1639,3572,dense
xes3g5m,learner_based,3,149,6122,861,1720,dense
xes3g5m,learner_based,3,15,2611,347,696,dense
xes3g5m,learner_based,3,150,5932,793,1745,dense
xes3g5m,learner_based,3,151,2387,321,679,dense
xes3g5m,learner_based,3,152,5618,777,1638,dense
xes3g5m,learner_based,3,153,4132,585,1219,dense
xes3g5m,learner_based,3,154,7909,1130,2269,dense
xes3g5m,learner_based,3,155,74037,10526,20897,dense
xes3g5m,learner_based,3,156,3633,503,1052,dense
xes3g5m,learner_based,3,157,20690,3046,5938,dense
xes3g5m,learner_based,3,158,2455,355,703,dense
xes3g5m,learner_based,3,159,2043,272,583,dense
xes3g5m,learner_based,3,16,12553,1856,3518,dense
xes3g5m,learner_based,3,160,9120,1301,2543,dense
xes3g5m,learner_based,3,161,12423,1769,3603,dense
xes3g5m,learner_based,3,162,21414,3067,5991,dense
xes3g5m,learner_based,3,163,5506,790,1590,dense
xes3g5m,learner_based,3,164,16582,2390,4812,dense
xes3g5m,learner_based,3,165,19200,2814,5631,dense
xes3g5m,learner_based,3,166,60333,8682,17302,dense
xes3g5m,learner_based,3,167,10576,1522,2974,dense
xes3g5m,learner_based,3,168,32161,4744,8906,dense
xes3g5m,learner_based,3,169,13496,1930,3865,dense
xes3g5m,learner_based,3,17,6396,859,1831,dense
xes3g5m,learner_based,3,170,29062,4238,8457,dense
xes3g5m,learner_based,3,171,5019,715,1432,dense
xes3g5m,learner_based,3,172,19000,2823,5342,dense
xes3g5m,learner_based,3,173,6948,1023,1955,dense
xes3g5m,learner_based,3,174,7961,1086,2185,dense
xes3g5m,learner_based,3,175,8326,1210,2508,dense
xes3g5m,learner_based,3,176,11153,1606,3231,dense
xes3g5m,learner_based,3,177,30551,4410,8782,dense
xes3g5m,learner_based,3,178,5802,836,1676,dense
xes3g5m,learner_based,3,179,35297,5173,10103,dense
xes3g5m,learner_based,3,18,105025,15108,30334,dense
xes3g5m,learner_based,3,180,37879,5481,11066,dense
xes3g5m,learner_based,3,181,5764,797,1609,dense
xes3g5m,learner_based,3,182,7692,1080,2132,dense
xes3g5m,learner_based,3,183,37505,5380,10267,dense
xes3g5m,learner_based,3,184,6110,888,1759,dense
xes3g5m,learner_based,3,185,4321,608,1169,dense
xes3g5m,learner_based,3,186,1741,253,465,dense
xes3g5m,learner_based,3,187,23686,3308,6618,dense
xes3g5m,learner_based,3,188,31544,4462,9064,dense
xes3g5m,learner_based,3,189,8736,1219,2481,dense
xes3g5m,learner_based,3,19,742,98,216,dense
xes3g5m,learner_based,3,190,2663,359,721,dense
xes3g5m,learner_based,3,191,3841,573,1109,dense
xes3g5m,learner_based,3,192,24087,3485,6898,dense
xes3g5m,learner_based,3,193,8872,1258,2634,dense
xes3g5m,learner_based,3,194,7510,1107,2221,dense
xes3g5m,learner_based,3,195,5534,799,1577,dense
xes3g5m,learner_based,3,196,5229,775,1554,dense
xes3g5m,learner_based,3,197,3086,469,924,dense
xes3g5m,learner_based,3,198,30894,4452,9011,dense
xes3g5m,learner_based,3,199,8553,1227,2510,dense
xes3g5m,learner_based,3,2,33632,4847,9772,dense
xes3g5m,learner_based,3,20,5863,792,1799,dense
xes3g5m,learner_based,3,200,20937,3071,6272,dense
xes3g5m,learner_based,3,201,3511,497,1003,dense
xes3g5m,learner_based,3,202,7466,1075,2238,dense
xes3g5m,learner_based,3,203,16233,2315,4751,dense
xes3g5m,learner_based,3,204,33376,4785,9650,dense
xes3g5m,learner_based,3,205,11213,1600,3285,dense
xes3g5m,learner_based,3,206,36387,5129,10571,dense
xes3g5m,learner_based,3,207,13270,1875,3946,dense
xes3g5m,learner_based,3,208,62082,9038,18042,dense
xes3g5m,learner_based,3,209,11167,1636,3228,dense
xes3g5m,learner_based,3,21,461,63,137,medium
xes3g5m,learner_based,3,210,4671,679,1392,dense
xes3g5m,learner_based,3,211,6076,947,1782,dense
xes3g5m,learner_based,3,212,14231,2107,4145,dense
xes3g5m,learner_based,3,213,23777,3440,7000,dense
xes3g5m,learner_based,3,214,35698,5085,10477,dense
xes3g5m,learner_based,3,215,1700,243,512,dense
xes3g5m,learner_based,3,216,3684,532,1045,dense
xes3g5m,learner_based,3,217,5655,760,1674,dense
xes3g5m,learner_based,3,218,5434,799,1602,dense
xes3g5m,learner_based,3,219,3451,503,1001,dense
xes3g5m,learner_based,3,22,2102,289,658,dense
xes3g5m,learner_based,3,220,20422,2801,6015,dense
xes3g5m,learner_based,3,221,7628,1094,2279,dense
xes3g5m,learner_based,3,222,25184,3548,7408,dense
xes3g5m,learner_based,3,223,14562,2073,4287,dense
xes3g5m,learner_based,3,224,4625,644,1360,dense
xes3g5m,learner_based,3,225,9081,1326,2710,dense
xes3g5m,learner_based,3,226,5113,751,1477,dense
xes3g5m,learner_based,3,227,14093,2091,4246,dense
xes3g5m,learner_based,3,228,5629,801,1566,dense
xes3g5m,learner_based,3,229,12164,1762,3403,dense
xes3g5m,learner_based,3,23,20744,3021,6172,dense
xes3g5m,learner_based,3,230,3197,439,952,dense
xes3g5m,learner_based,3,231,13295,1871,3907,dense
xes3g5m,learner_based,3,232,28639,3976,8086,dense
xes3g5m,learner_based,3,233,7535,1077,2119,dense
xes3g5m,learner_based,3,234,7849,1124,2212,dense
xes3g5m,learner_based,3,235,9335,1311,2619,dense
xes3g5m,learner_based,3,236,12170,1723,3404,dense
xes3g5m,learner_based,3,237,13778,1914,3913,dense
xes3g5m,learner_based,3,238,8094,1183,2360,dense
xes3g5m,learner_based,3,239,8428,1213,2513,dense
xes3g5m,learner_based,3,24,69353,9903,20571,dense
xes3g5m,learner_based,3,240,8604,1193,2549,dense
xes3g5m,learner_based,3,241,11951,1652,3471,dense
xes3g5m,learner_based,3,242,7224,962,2024,dense
xes3g5m,learner_based,3,243,8365,1248,2427,dense
xes3g5m,learner_based,3,244,6113,886,1793,dense
xes3g5m,learner_based,3,245,1539,211,416,dense
xes3g5m,learner_based,3,246,1678,230,452,dense
xes3g5m,learner_based,3,247,4405,626,1327,dense
xes3g5m,learner_based,3,248,10266,1544,2879,dense
xes3g5m,learner_based,3,249,6228,895,1694,dense
xes3g5m,learner_based,3,25,6779,948,1996,dense
xes3g5m,learner_based,3,250,4079,540,1054,dense
xes3g5m,learner_based,3,251,3971,590,1174,dense
xes3g5m,learner_based,3,252,19979,2854,6070,dense
xes3g5m,learner_based,3,253,6724,1007,1964,dense
xes3g5m,learner_based,3,254,1114,155,288,dense
xes3g5m,learner_based,3,255,1252,186,322,dense
xes3g5m,learner_based,3,256,3523,438,928,dense
xes3g5m,learner_based,3,257,59346,8944,17144,dense
xes3g5m,learner_based,3,258,13743,2073,3817,dense
xes3g5m,learner_based,3,259,2859,423,753,dense
xes3g5m,learner_based,3,26,7077,948,2091,dense
xes3g5m,learner_based,3,260,21392,3258,6185,dense
xes3g5m,learner_based,3,261,14673,2204,3872,dense
xes3g5m,learner_based,3,262,8108,1236,2142,dense
xes3g5m,learner_based,3,263,20690,3138,5551,dense
xes3g5m,learner_based,3,264,7393,1115,2027,dense
xes3g5m,learner_based,3,265,6481,917,1837,dense
xes3g5m,learner_based,3,266,40188,5698,11850,dense
xes3g5m,learner_based,3,267,1296,204,360,dense
xes3g5m,learner_based,3,268,1385,213,398,dense
xes3g5m,learner_based,3,269,819,98,212,dense
xes3g5m,learner_based,3,27,356,45,103,medium
xes3g5m,learner_based,3,270,3188,408,908,dense
xes3g5m,learner_based,3,271,7529,1144,2045,dense
xes3g5m,learner_based,3,272,16356,2382,4797,dense
xes3g5m,learner_based,3,273,708,80,166,dense
xes3g5m,learner_based,3,274,843,115,222,dense
xes3g5m,learner_based,3,275,1078,144,309,dense
xes3g5m,learner_based,3,276,1491,210,419,dense
xes3g5m,learner_based,3,277,6041,979,1668,dense
xes3g5m,learner_based,3,278,1741,266,461,dense
xes3g5m,learner_based,3,279,2974,436,782,dense
xes3g5m,learner_based,3,28,2818,404,742,dense
xes3g5m,learner_based,3,280,1583,238,408,dense
xes3g5m,learner_based,3,281,306,38,81,medium
xes3g5m,learner_based,3,282,1841,251,534,dense
xes3g5m,learner_based,3,283,4539,657,1164,dense
xes3g5m,learner_based,3,284,1698,200,473,dense
xes3g5m,learner_based,3,285,4309,585,1214,dense
xes3g5m,learner_based,3,286,548,64,160,dense
xes3g5m,learner_based,3,287,2423,304,672,dense
xes3g5m,learner_based,3,288,1826,246,471,dense
xes3g5m,learner_based,3,289,840,107,215,dense
xes3g5m,learner_based,3,29,3959,559,1237,dense
xes3g5m,learner_based,3,290,1709,263,467,dense
xes3g5m,learner_based,3,291,3439,545,856,dense
xes3g5m,learner_based,3,292,2873,410,762,dense
xes3g5m,learner_based,3,293,2302,325,610,dense
xes3g5m,learner_based,3,294,3981,556,1069,dense
xes3g5m,learner_based,3,295,1951,288,530,dense
xes3g5m,learner_based,3,296,2659,365,739,dense
xes3g5m,learner_based,3,297,1226,168,313,dense
xes3g5m,learner_based,3,298,601,81,147,dense
xes3g5m,learner_based,3,299,3176,452,829,dense
xes3g5m,learner_based,3,3,11411,1658,3197,dense
xes3g5m,learner_based,3,30,14175,1976,4170,dense
xes3g5m,learner_based,3,300,3966,553,1136,dense
xes3g5m,learner_based,3,301,12893,1816,3756,dense
xes3g5m,learner_based,3,302,1348,188,374,dense
xes3g5m,learner_based,3,303,9322,1284,2660,dense
xes3g5m,learner_based,3,304,3572,456,981,dense
xes3g5m,learner_based,3,305,1070,145,323,dense
xes3g5m,learner_based,3,306,1017,141,290,dense
xes3g5m,learner_based,3,307,11721,1633,3339,dense
xes3g5m,learner_based,3,308,1535,217,474,dense
xes3g5m,learner_based,3,309,56,11,25,sparse
xes3g5m,learner_based,3,31,5253,719,1513,dense
xes3g5m,learner_based,3,310,1191,203,332,dense
xes3g5m,learner_based,3,311,7960,1154,2432,dense
xes3g5m,learner_based,3,312,635,93,165,dense
xes3g5m,learner_based,3,313,11098,1687,3180,dense
xes3g5m,learner_based,3,314,764,81,213,dense
xes3g5m,learner_based,3,315,1269,181,355,dense
xes3g5m,learner_based,3,316,553,70,156,dense
xes3g5m,learner_based,3,317,1660,207,472,dense
xes3g5m,learner_based,3,318,1118,142,304,dense
xes3g5m,learner_based,3,319,354,66,118,medium
xes3g5m,learner_based,3,32,44887,6468,12919,dense
xes3g5m,learner_based,3,320,1563,197,429,dense
xes3g5m,learner_based,3,321,1069,144,295,dense
xes3g5m,learner_based,3,322,1449,188,421,dense
xes3g5m,learner_based,3,323,1480,205,411,dense
xes3g5m,learner_based,3,324,1567,225,445,dense
xes3g5m,learner_based,3,325,2649,340,723,dense
xes3g5m,learner_based,3,326,4916,683,1405,dense
xes3g5m,learner_based,3,327,3317,437,973,dense
xes3g5m,learner_based,3,328,123,24,33,medium
xes3g5m,learner_based,3,329,6295,965,1834,dense
xes3g5m,learner_based,3,33,41906,6060,12001,dense
xes3g5m,learner_based,3,330,17169,2507,4796,dense
xes3g5m,learner_based,3,331,446,59,113,medium
xes3g5m,learner_based,3,332,2089,308,563,dense
xes3g5m,learner_based,3,333,411,45,92,medium
xes3g5m,learner_based,3,334,2013,292,551,dense
xes3g5m,learner_based,3,335,18580,2655,5306,dense
xes3g5m,learner_based,3,336,23259,3453,6561,dense
xes3g5m,learner_based,3,337,5139,775,1497,dense
xes3g5m,learner_based,3,338,2014,277,620,dense
xes3g5m,learner_based,3,339,4074,607,1127,dense
xes3g5m,learner_based,3,34,51850,7258,14657,dense
xes3g5m,learner_based,3,340,13391,1874,3971,dense
xes3g5m,learner_based,3,341,4978,721,1423,dense
xes3g5m,learner_based,3,342,4978,721,1423,dense
xes3g5m,learner_based,3,343,10596,1481,3002,dense
xes3g5m,learner_based,3,344,3079,454,929,dense
xes3g5m,learner_based,3,345,396,56,97,medium
xes3g5m,learner_based,3,346,194,27,46,medium
xes3g5m,learner_based,3,347,198,29,46,medium
xes3g5m,learner_based,3,348,466,76,121,medium
xes3g5m,learner_based,3,349,9892,1500,3053,dense
xes3g5m,learner_based,3,35,12939,1896,3613,dense
xes3g5m,learner_based,3,350,1830,271,557,dense
xes3g5m,learner_based,3,351,3699,525,1132,dense
xes3g5m,learner_based,3,352,9690,1378,2900,dense
xes3g5m,learner_based,3,353,321,52,91,medium
xes3g5m,learner_based,3,354,328,54,97,medium
xes3g5m,learner_based,3,355,2832,386,827,dense
xes3g5m,learner_based,3,356,1748,237,523,dense
xes3g5m,learner_based,3,357,2326,314,664,dense
xes3g5m,learner_based,3,358,938,131,291,dense
xes3g5m,learner_based,3,359,17281,2427,5058,dense
xes3g5m,learner_based,3,36,12241,1766,3434,dense
xes3g5m,learner_based,3,360,4959,730,1520,dense
xes3g5m,learner_based,3,361,6746,976,1958,dense
xes3g5m,learner_based,3,362,8903,1291,2604,dense
xes3g5m,learner_based,3,363,11099,1557,3194,dense
xes3g5m,learner_based,3,364,991,131,282,dense
xes3g5m,learner_based,3,365,8536,1147,2645,dense
xes3g5m,learner_based,3,366,6529,923,2003,dense
xes3g5m,learner_based,3,367,6428,939,1882,dense
xes3g5m,learner_based,3,368,2719,381,731,dense
xes3g5m,learner_based,3,369,1678,253,479,dense
xes3g5m,learner_based,3,37,12094,1784,3284,dense
xes3g5m,learner_based,3,370,1335,189,421,dense
xes3g5m,learner_based,3,371,3936,570,1141,dense
xes3g5m,learner_based,3,372,1955,262,549,dense
xes3g5m,learner_based,3,373,5991,839,1719,dense
xes3g5m,learner_based,3,374,6328,894,1766,dense
xes3g5m,learner_based,3,375,1324,181,390,dense
xes3g5m,learner_based,3,376,3268,433,939,dense
xes3g5m,learner_based,3,377,1775,246,511,dense
xes3g5m,learner_based,3,378,9007,1280,2511,dense
xes3g5m,learner_based,3,379,16899,2331,4854,dense
xes3g5m,learner_based,3,38,8321,1186,2291,dense
xes3g5m,learner_based,3,380,3690,558,1087,dense
xes3g5m,learner_based,3,381,3199,453,988,dense
xes3g5m,learner_based,3,382,2769,394,794,dense
xes3g5m,learner_based,3,383,983,134,287,dense
xes3g5m,learner_based,3,384,1471,221,424,dense
xes3g5m,learner_based,3,385,1074,173,347,dense
xes3g5m,learner_based,3,386,2348,353,736,dense
xes3g5m,learner_based,3,387,2747,441,829,dense
xes3g5m,learner_based,3,388,3268,481,988,dense
xes3g5m,learner_based,3,389,7537,964,2235,dense
xes3g5m,learner_based,3,39,9812,1382,2763,dense
xes3g5m,learner_based,3,390,5134,734,1524,dense
xes3g5m,learner_based,3,391,2771,394,831,dense
xes3g5m,learner_based,3,392,7351,1040,2156,dense
xes3g5m,learner_based,3,393,2453,344,780,dense
xes3g5m,learner_based,3,394,3891,525,1135,dense
xes3g5m,learner_based,3,395,1866,248,555,dense
xes3g5m,learner_based,3,396,1608,199,471,dense
xes3g5m,learner_based,3,397,690,90,200,dense
xes3g5m,learner_based,3,398,881,122,283,dense
xes3g5m,learner_based,3,399,669,90,188,dense
xes3g5m,learner_based,3,4,672,89,184,dense
xes3g5m,learner_based,3,40,5838,797,1734,dense
xes3g5m,learner_based,3,400,902,124,261,dense
xes3g5m,learner_based,3,401,5831,835,1653,dense
xes3g5m,learner_based,3,402,11327,1668,3269,dense
xes3g5m,learner_based,3,403,942,123,249,dense
xes3g5m,learner_based,3,404,1186,163,322,dense
xes3g5m,learner_based,3,405,2844,402,790,dense
xes3g5m,learner_based,3,406,852,99,218,dense
xes3g5m,learner_based,3,407,3969,525,1055,dense
xes3g5m,learner_based,3,408,5415,738,1398,dense
xes3g5m,learner_based,3,409,4760,638,1180,dense
xes3g5m,learner_based,3,41,31419,4564,9320,dense
xes3g5m,learner_based,3,410,3543,478,848,dense
xes3g5m,learner_based,3,411,3733,514,902,dense
xes3g5m,learner_based,3,412,3722,503,888,dense
xes3g5m,learner_based,3,413,7939,1061,2344,dense
xes3g5m,learner_based,3,414,1617,223,429,dense
xes3g5m,learner_based,3,415,229,34,64,medium
xes3g5m,learner_based,3,416,67,16,21,sparse
xes3g5m,learner_based,3,417,67,16,21,sparse
xes3g5m,learner_based,3,418,328,53,94,medium
xes3g5m,learner_based,3,419,505,108,148,dense
xes3g5m,learner_based,3,42,2551,362,787,dense
xes3g5m,learner_based,3,420,989,166,307,dense
xes3g5m,learner_based,3,421,187,35,50,medium
xes3g5m,learner_based,3,422,4007,613,1023,dense
xes3g5m,learner_based,3,423,51,15,10,sparse
xes3g5m,learner_based,3,424,2786,412,819,dense
xes3g5m,learner_based,3,425,3421,509,1008,dense
xes3g5m,learner_based,3,426,469,58,137,medium
xes3g5m,learner_based,3,427,965,142,295,dense
xes3g5m,learner_based,3,428,71,11,22,sparse
xes3g5m,learner_based,3,429,198,31,70,medium
xes3g5m,learner_based,3,43,12548,1820,3668,dense
xes3g5m,learner_based,3,430,1234,206,369,dense
xes3g5m,learner_based,3,431,4427,638,1316,dense
xes3g5m,learner_based,3,432,246,45,75,medium
xes3g5m,learner_based,3,433,130,23,41,medium
xes3g5m,learner_based,3,434,185,27,60,medium
xes3g5m,learner_based,3,435,2233,297,633,dense
xes3g5m,learner_based,3,436,789,105,230,dense
xes3g5m,learner_based,3,437,284,49,97,medium
xes3g5m,learner_based,3,438,484,73,135,medium
xes3g5m,learner_based,3,439,484,73,135,medium
xes3g5m,learner_based,3,44,5824,803,1711,dense
xes3g5m,learner_based,3,440,304,49,94,medium
xes3g5m,learner_based,3,441,1069,152,277,dense
xes3g5m,learner_based,3,442,66,9,22,sparse
xes3g5m,learner_based,3,443,607,92,181,dense
xes3g5m,learner_based,3,444,179,24,46,medium
xes3g5m,learner_based,3,445,66,11,16,sparse
xes3g5m,learner_based,3,446,596,84,174,dense
xes3g5m,learner_based,3,447,6014,910,1765,dense
xes3g5m,learner_based,3,448,16207,2444,4723,dense
xes3g5m,learner_based,3,449,145,32,46,medium
xes3g5m,learner_based,3,45,390,47,121,medium
xes3g5m,learner_based,3,450,692,115,205,dense
xes3g5m,learner_based,3,451,1204,181,300,dense
xes3g5m,learner_based,3,452,296,52,95,medium
xes3g5m,learner_based,3,453,90,20,34,sparse
xes3g5m,learner_based,3,454,48,12,15,sparse
xes3g5m,learner_based,3,455,45,12,15,sparse
xes3g5m,learner_based,3,456,123,17,43,medium
xes3g5m,learner_based,3,457,380,61,110,medium
xes3g5m,learner_based,3,458,119,20,42,medium
xes3g5m,learner_based,3,459,159,27,51,medium
xes3g5m,learner_based,3,46,8625,1275,2700,dense
xes3g5m,learner_based,3,460,159,27,51,medium
xes3g5m,learner_based,3,461,197,32,62,medium
xes3g5m,learner_based,3,462,3632,530,1028,dense
xes3g5m,learner_based,3,463,957,121,233,dense
xes3g5m,learner_based,3,464,705,97,182,dense
xes3g5m,learner_based,3,465,953,117,242,dense
xes3g5m,learner_based,3,466,2610,352,766,dense
xes3g5m,learner_based,3,467,1722,246,462,dense
xes3g5m,learner_based,3,468,11810,1748,3295,dense
xes3g5m,learner_based,3,469,1135,150,309,dense
xes3g5m,learner_based,3,47,2438,339,756,dense
xes3g5m,learner_based,3,470,4928,692,1432,dense
xes3g5m,learner_based,3,471,9726,1373,2768,dense
xes3g5m,learner_based,3,472,1763,239,535,dense
xes3g5m,learner_based,3,473,2696,400,830,dense
xes3g5m,learner_based,3,474,2410,352,739,dense
xes3g5m,learner_based,3,475,1103,164,282,dense
xes3g5m,learner_based,3,476,1405,213,397,dense
xes3g5m,learner_based,3,477,3848,621,1100,dense
xes3g5m,learner_based,3,478,3693,604,1061,dense
xes3g5m,learner_based,3,479,2032,295,576,dense
xes3g5m,learner_based,3,48,1998,288,645,dense
xes3g5m,learner_based,3,480,6470,936,1781,dense
xes3g5m,learner_based,3,481,1775,251,464,dense
xes3g5m,learner_based,3,482,1466,218,377,dense
xes3g5m,learner_based,3,483,1916,274,509,dense
xes3g5m,learner_based,3,484,2089,292,551,dense
xes3g5m,learner_based,3,485,1521,203,418,dense
xes3g5m,learner_based,3,486,2561,339,663,dense
xes3g5m,learner_based,3,487,1635,242,369,dense
xes3g5m,learner_based,3,488,2264,343,704,dense
xes3g5m,learner_based,3,489,2376,352,690,dense
xes3g5m,learner_based,3,49,233,28,73,medium
xes3g5m,learner_based,3,490,655,107,201,dense
xes3g5m,learner_based,3,491,1320,196,383,dense
xes3g5m,learner_based,3,492,804,115,257,dense
xes3g5m,learner_based,3,493,392,66,127,medium
xes3g5m,learner_based,3,494,464,68,147,medium
xes3g5m,learner_based,3,495,292,44,83,medium
xes3g5m,learner_based,3,496,1032,145,287,dense
xes3g5m,learner_based,3,497,1092,156,358,dense
xes3g5m,learner_based,3,498,1328,172,437,dense
xes3g5m,learner_based,3,499,1000,144,273,dense
xes3g5m,learner_based,3,5,18523,2613,5316,dense
xes3g5m,learner_based,3,50,242,28,75,medium
xes3g5m,learner_based,3,500,709,101,222,dense
xes3g5m,learner_based,3,501,1830,249,554,dense
xes3g5m,learner_based,3,502,1595,217,489,dense
xes3g5m,learner_based,3,503,874,130,251,dense
xes3g5m,learner_based,3,504,1944,289,623,dense
xes3g5m,learner_based,3,505,1296,187,383,dense
xes3g5m,learner_based,3,506,492,70,123,medium
xes3g5m,learner_based,3,507,350,48,101,medium
xes3g5m,learner_based,3,508,1536,227,443,dense
xes3g5m,learner_based,3,509,347,51,104,medium
xes3g5m,learner_based,3,51,4723,639,1338,dense
xes3g5m,learner_based,3,510,627,90,188,dense
xes3g5m,learner_based,3,511,441,56,99,medium
xes3g5m,learner_based,3,512,639,80,139,dense
xes3g5m,learner_based,3,513,956,138,241,dense
xes3g5m,learner_based,3,514,355,51,100,medium
xes3g5m,learner_based,3,515,400,65,113,medium
xes3g5m,learner_based,3,516,644,88,181,dense
xes3g5m,learner_based,3,517,494,67,151,medium
xes3g5m,learner_based,3,518,1286,215,370,dense
xes3g5m,learner_based,3,519,704,92,209,dense
xes3g5m,learner_based,3,52,1360,195,425,dense
xes3g5m,learner_based,3,520,255,39,96,medium
xes3g5m,learner_based,3,521,502,72,161,dense
xes3g5m,learner_based,3,522,571,86,168,dense
xes3g5m,learner_based,3,523,207,30,60,medium
xes3g5m,learner_based,3,524,315,45,87,medium
xes3g5m,learner_based,3,525,74,11,24,sparse
xes3g5m,learner_based,3,526,1563,214,433,dense
xes3g5m,learner_based,3,527,152,29,43,medium
xes3g5m,learner_based,3,528,481,72,123,medium
xes3g5m,learner_based,3,529,530,68,172,dense
xes3g5m,learner_based,3,53,674,89,211,dense
xes3g5m,learner_based,3,530,881,122,245,dense
xes3g5m,learner_based,3,531,929,156,271,dense
xes3g5m,learner_based,3,532,155,27,41,medium
xes3g5m,learner_based,3,533,152,22,33,medium
xes3g5m,learner_based,3,534,281,53,57,medium
xes3g5m,learner_based,3,535,390,79,102,medium
xes3g5m,learner_based,3,536,1691,259,532,dense
xes3g5m,learner_based,3,537,269,43,56,medium
xes3g5m,learner_based,3,538,194,24,48,medium
xes3g5m,learner_based,3,539,194,24,48,medium
xes3g5m,learner_based,3,54,4641,633,1288,dense
xes3g5m,learner_based,3,540,240,39,61,medium
xes3g5m,learner_based,3,541,320,43,86,medium
xes3g5m,learner_based,3,542,127,19,32,medium
xes3g5m,learner_based,3,543,323,38,84,medium
xes3g5m,learner_based,3,544,164,18,35,medium
xes3g5m,learner_based,3,545,714,98,202,dense
xes3g5m,learner_based,3,546,5143,702,1541,dense
xes3g5m,learner_based,3,547,222,27,65,medium
xes3g5m,learner_based,3,548,219,39,68,medium
xes3g5m,learner_based,3,549,251,46,75,medium
xes3g5m,learner_based,3,55,84105,11951,23861,dense
xes3g5m,learner_based,3,550,159,27,44,medium
xes3g5m,learner_based,3,551,41,7,10,sparse
xes3g5m,learner_based,3,552,24,3,9,sparse
xes3g5m,learner_based,3,553,130,26,38,medium
xes3g5m,learner_based,3,554,167,30,44,medium
xes3g5m,learner_based,3,555,53,12,16,sparse
xes3g5m,learner_based,3,556,42,8,13,sparse
xes3g5m,learner_based,3,557,39,5,9,sparse
xes3g5m,learner_based,3,558,583,73,174,dense
xes3g5m,learner_based,3,559,77,14,18,sparse
xes3g5m,learner_based,3,56,48651,6888,13672,dense
xes3g5m,learner_based,3,560,104,21,20,medium
xes3g5m,learner_based,3,561,57,4,9,sparse
xes3g5m,learner_based,3,562,999,145,278,dense
xes3g5m,learner_based,3,563,113,21,35,medium
xes3g5m,learner_based,3,564,242,40,73,medium
xes3g5m,learner_based,3,565,416,73,127,medium
xes3g5m,learner_based,3,566,251,39,66,medium
xes3g5m,learner_based,3,567,291,42,76,medium
xes3g5m,learner_based,3,568,204,40,49,medium
xes3g5m,learner_based,3,569,257,45,79,medium
xes3g5m,learner_based,3,57,60356,8738,17143,dense
xes3g5m,learner_based,3,570,111,17,32,medium
xes3g5m,learner_based,3,571,280,44,82,medium
xes3g5m,learner_based,3,572,147,21,46,medium
xes3g5m,learner_based,3,573,129,24,37,medium
xes3g5m,learner_based,3,574,297,44,103,medium
xes3g5m,learner_based,3,575,123,17,46,medium
xes3g5m,learner_based,3,576,318,44,89,medium
xes3g5m,learner_based,3,577,252,36,76,medium
xes3g5m,learner_based,3,578,329,33,93,medium
xes3g5m,learner_based,3,579,636,87,191,dense
xes3g5m,learner_based,3,58,18112,2603,5098,dense
xes3g5m,learner_based,3,580,588,92,157,dense
xes3g5m,learner_based,3,581,793,127,226,dense
xes3g5m,learner_based,3,582,1503,201,458,dense
xes3g5m,learner_based,3,583,748,100,226,dense
xes3g5m,learner_based,3,584,339,48,87,medium
xes3g5m,learner_based,3,585,692,105,221,dense
xes3g5m,learner_based,3,586,3142,483,1015,dense
xes3g5m,learner_based,3,587,628,96,164,dense
xes3g5m,learner_based,3,588,314,48,81,medium
xes3g5m,learner_based,3,589,312,41,76,medium
xes3g5m,learner_based,3,59,8920,1265,2487,dense
xes3g5m,learner_based,3,590,55,5,20,sparse
xes3g5m,learner_based,3,591,57,7,19,sparse
xes3g5m,learner_based,3,592,71,8,27,sparse
xes3g5m,learner_based,3,593,292,43,83,medium
xes3g5m,learner_based,3,594,354,50,95,medium
xes3g5m,learner_based,3,595,397,52,99,medium
xes3g5m,learner_based,3,596,95,16,32,sparse
xes3g5m,learner_based,3,597,150,21,40,medium
xes3g5m,learner_based,3,598,364,62,80,medium
xes3g5m,learner_based,3,599,63,6,14,sparse
xes3g5m,learner_based,3,6,31437,4458,9153,dense
xes3g5m,learner_based,3,60,1897,261,512,dense
xes3g5m,learner_based,3,600,87,15,18,sparse
xes3g5m,learner_based,3,601,97,12,21,sparse
xes3g5m,learner_based,3,602,94,9,24,sparse
xes3g5m,learner_based,3,603,204,33,67,medium
xes3g5m,learner_based,3,604,283,43,90,medium
xes3g5m,learner_based,3,605,298,47,92,medium
xes3g5m,learner_based,3,606,390,55,117,medium
xes3g5m,learner_based,3,607,491,65,142,medium
xes3g5m,learner_based,3,608,442,65,131,medium
xes3g5m,learner_based,3,609,116,9,36,medium
xes3g5m,learner_based,3,61,7097,962,1961,dense
xes3g5m,learner_based,3,610,225,33,79,medium
xes3g5m,learner_based,3,611,201,31,68,medium
xes3g5m,learner_based,3,612,910,107,297,dense
xes3g5m,learner_based,3,613,489,56,146,medium
xes3g5m,learner_based,3,614,358,46,112,medium
xes3g5m,learner_based,3,615,83,16,27,sparse
xes3g5m,learner_based,3,616,63,14,30,sparse
xes3g5m,learner_based,3,617,70,14,22,sparse
xes3g5m,learner_based,3,618,474,64,114,medium
xes3g5m,learner_based,3,619,307,43,93,medium
xes3g5m,learner_based,3,62,16205,2276,4630,dense
xes3g5m,learner_based,3,620,112,14,29,medium
xes3g5m,learner_based,3,621,24,11,11,sparse
xes3g5m,learner_based,3,622,23,8,10,sparse
xes3g5m,learner_based,3,623,326,52,99,medium
xes3g5m,learner_based,3,624,849,100,252,dense
xes3g5m,learner_based,3,625,1050,157,293,dense
xes3g5m,learner_based,3,626,620,68,170,dense
xes3g5m,learner_based,3,627,297,49,82,medium
xes3g5m,learner_based,3,628,210,31,65,medium
xes3g5m,learner_based,3,629,441,74,125,medium
xes3g5m,learner_based,3,63,4899,699,1371,dense
xes3g5m,learner_based,3,630,134,16,38,medium
xes3g5m,learner_based,3,631,62,5,21,sparse
xes3g5m,learner_based,3,632,61,5,21,sparse
xes3g5m,learner_based,3,633,156,17,55,medium
xes3g5m,learner_based,3,634,385,61,132,medium
xes3g5m,learner_based,3,635,2555,382,837,dense
xes3g5m,learner_based,3,636,281,52,55,medium
xes3g5m,learner_based,3,637,229,39,65,medium
xes3g5m,learner_based,3,638,215,30,50,medium
xes3g5m,learner_based,3,639,157,22,51,medium
xes3g5m,learner_based,3,64,24587,3535,6946,dense
xes3g5m,learner_based,3,640,433,50,124,medium
xes3g5m,learner_based,3,641,88,16,22,sparse
xes3g5m,learner_based,3,642,32,7,7,sparse
xes3g5m,learner_based,3,643,1064,151,358,dense
xes3g5m,learner_based,3,644,1388,197,437,dense
xes3g5m,learner_based,3,645,720,97,219,dense
xes3g5m,learner_based,3,646,671,92,206,dense
xes3g5m,learner_based,3,647,503,76,169,dense
xes3g5m,learner_based,3,648,229,31,77,medium
xes3g5m,learner_based,3,649,962,113,292,dense
xes3g5m,learner_based,3,65,30935,4284,8739,dense
xes3g5m,learner_based,3,650,963,113,292,dense
xes3g5m,learner_based,3,651,192,28,54,medium
xes3g5m,learner_based,3,652,178,27,50,medium
xes3g5m,learner_based,3,653,313,51,100,medium
xes3g5m,learner_based,3,654,405,66,115,medium
xes3g5m,learner_based,3,655,534,66,145,dense
xes3g5m,learner_based,3,656,467,61,130,medium
xes3g5m,learner_based,3,657,1296,142,375,dense
xes3g5m,learner_based,3,658,1407,146,414,dense
xes3g5m,learner_based,3,659,1874,245,529,dense
xes3g5m,learner_based,3,66,16203,2245,4805,dense
xes3g5m,learner_based,3,660,346,54,118,medium
xes3g5m,learner_based,3,661,106,15,49,medium
xes3g5m,learner_based,3,662,65,9,20,sparse
xes3g5m,learner_based,3,663,58,9,19,sparse
xes3g5m,learner_based,3,664,51,8,17,sparse
xes3g5m,learner_based,3,665,220,32,60,medium
xes3g5m,learner_based,3,666,83,10,22,sparse
xes3g5m,learner_based,3,667,27,4,8,sparse
xes3g5m,learner_based,3,668,78,10,22,sparse
xes3g5m,learner_based,3,669,27,4,8,sparse
xes3g5m,learner_based,3,67,19023,2675,5572,dense
xes3g5m,learner_based,3,670,90,9,23,sparse
xes3g5m,learner_based,3,671,92,15,25,sparse
xes3g5m,learner_based,3,672,45,6,13,sparse
xes3g5m,learner_based,3,673,49,6,12,sparse
xes3g5m,learner_based,3,674,44,7,12,sparse
xes3g5m,learner_based,3,675,80,14,31,sparse
xes3g5m,learner_based,3,676,56,10,19,sparse
xes3g5m,learner_based,3,677,50,10,17,sparse
xes3g5m,learner_based,3,678,86,11,18,sparse
xes3g5m,learner_based,3,679,216,27,57,medium
xes3g5m,learner_based,3,68,7405,961,2075,dense
xes3g5m,learner_based,3,680,285,33,85,medium
xes3g5m,learner_based,3,681,684,86,187,dense
xes3g5m,learner_based,3,682,248,29,71,medium
xes3g5m,learner_based,3,683,110,9,30,medium
xes3g5m,learner_based,3,684,163,23,46,medium
xes3g5m,learner_based,3,685,113,18,31,medium
xes3g5m,learner_based,3,686,44,9,17,sparse
xes3g5m,learner_based,3,687,178,33,55,medium
xes3g5m,learner_based,3,688,148,32,49,medium
xes3g5m,learner_based,3,689,304,50,99,medium
xes3g5m,learner_based,3,69,8999,1389,2596,dense
xes3g5m,learner_based,3,690,196,38,62,medium
xes3g5m,learner_based,3,691,211,46,62,medium
xes3g5m,learner_based,3,692,204,37,55,medium
xes3g5m,learner_based,3,693,186,38,52,medium
xes3g5m,learner_based,3,694,142,23,46,medium
xes3g5m,learner_based,3,695,381,68,121,medium
xes3g5m,learner_based,3,696,559,97,183,dense
xes3g5m,learner_based,3,697,96,16,38,sparse
xes3g5m,learner_based,3,698,359,61,122,medium
xes3g5m,learner_based,3,699,148,24,49,medium
xes3g5m,learner_based,3,7,11911,1642,3579,dense
xes3g5m,learner_based,3,70,192,26,59,medium
xes3g5m,learner_based,3,700,237,38,84,medium
xes3g5m,learner_based,3,701,37,6,11,sparse
xes3g5m,learner_based,3,702,240,28,76,medium
xes3g5m,learner_based,3,703,204,20,55,medium
xes3g5m,learner_based,3,704,259,26,70,medium
xes3g5m,learner_based,3,705,138,30,31,medium
xes3g5m,learner_based,3,706,43,13,13,sparse
xes3g5m,learner_based,3,707,59,14,19,sparse
xes3g5m,learner_based,3,708,37,8,7,sparse
xes3g5m,learner_based,3,709,275,54,77,medium
xes3g5m,learner_based,3,71,2897,394,749,dense
xes3g5m,learner_based,3,710,48,8,12,sparse
xes3g5m,learner_based,3,711,67,9,16,sparse
xes3g5m,learner_based,3,712,108,23,19,medium
xes3g5m,learner_based,3,713,647,97,189,dense
xes3g5m,learner_based,3,714,116,21,25,medium
xes3g5m,learner_based,3,715,88,18,22,sparse
xes3g5m,learner_based,3,716,43,7,13,sparse
xes3g5m,learner_based,3,717,28,2,7,sparse
xes3g5m,learner_based,3,718,21,6,7,sparse
xes3g5m,learner_based,3,719,111,12,24,medium
xes3g5m,learner_based,3,72,3831,500,1079,dense
xes3g5m,learner_based,3,720,98,12,38,sparse
xes3g5m,learner_based,3,721,192,21,55,medium
xes3g5m,learner_based,3,722,43,7,22,sparse
xes3g5m,learner_based,3,723,69,11,15,sparse
xes3g5m,learner_based,3,724,3,0,2,very_sparse
xes3g5m,learner_based,3,725,51,6,10,sparse
xes3g5m,learner_based,3,726,54,9,11,sparse
xes3g5m,learner_based,3,727,68,15,29,sparse
xes3g5m,learner_based,3,728,100,15,36,medium
xes3g5m,learner_based,3,729,48,4,15,sparse
xes3g5m,learner_based,3,73,54609,7775,14989,dense
xes3g5m,learner_based,3,730,42,6,11,sparse
xes3g5m,learner_based,3,731,26,5,6,sparse
xes3g5m,learner_based,3,732,85,18,22,sparse
xes3g5m,learner_based,3,733,110,19,24,medium
xes3g5m,learner_based,3,734,160,33,37,medium
xes3g5m,learner_based,3,735,58,13,11,sparse
xes3g5m,learner_based,3,736,59,12,12,sparse
xes3g5m,learner_based,3,737,36,4,8,sparse
xes3g5m,learner_based,3,738,35,4,8,sparse
xes3g5m,learner_based,3,739,8,1,2,very_sparse
xes3g5m,learner_based,3,74,5346,748,1477,dense
xes3g5m,learner_based,3,740,49,11,11,sparse
xes3g5m,learner_based,3,741,185,35,38,medium
xes3g5m,learner_based,3,742,185,35,38,medium
xes3g5m,learner_based,3,743,32,6,3,sparse
xes3g5m,learner_based,3,744,57,13,15,sparse
xes3g5m,learner_based,3,745,31,3,8,sparse
xes3g5m,learner_based,3,746,38,6,14,sparse
xes3g5m,learner_based,3,747,38,6,14,sparse
xes3g5m,learner_based,3,748,48,7,14,sparse
xes3g5m,learner_based,3,749,47,7,14,sparse
xes3g5m,learner_based,3,75,336,46,82,medium
xes3g5m,learner_based,3,750,63,5,12,sparse
xes3g5m,learner_based,3,751,71,16,16,sparse
xes3g5m,learner_based,3,752,14,2,3,very_sparse
xes3g5m,learner_based,3,753,13,2,4,very_sparse
xes3g5m,learner_based,3,754,34,2,8,sparse
xes3g5m,learner_based,3,755,44,5,16,sparse
xes3g5m,learner_based,3,756,54,6,18,sparse
xes3g5m,learner_based,3,757,17,4,6,very_sparse
xes3g5m,learner_based,3,758,45,4,8,sparse
xes3g5m,learner_based,3,759,31,8,11,sparse
xes3g5m,learner_based,3,76,19427,2707,5495,dense
xes3g5m,learner_based,3,760,34,5,11,sparse
xes3g5m,learner_based,3,761,57,5,8,sparse
xes3g5m,learner_based,3,762,46,4,7,sparse
xes3g5m,learner_based,3,763,64,7,9,sparse
xes3g5m,learner_based,3,764,55,6,8,sparse
xes3g5m,learner_based,3,765,152,15,35,medium
xes3g5m,learner_based,3,766,39,4,7,sparse
xes3g5m,learner_based,3,767,24,4,11,sparse
xes3g5m,learner_based,3,768,29,7,14,sparse
xes3g5m,learner_based,3,769,20,3,5,sparse
xes3g5m,learner_based,3,77,18656,2596,5234,dense
xes3g5m,learner_based,3,770,46,5,14,sparse
xes3g5m,learner_based,3,771,46,5,14,sparse
xes3g5m,learner_based,3,772,102,8,26,medium
xes3g5m,learner_based,3,773,119,15,37,medium
xes3g5m,learner_based,3,774,11,2,0,very_sparse
xes3g5m,learner_based,3,775,51,10,9,sparse
xes3g5m,learner_based,3,776,22,3,3,sparse
xes3g5m,learner_based,3,777,25,3,6,sparse
xes3g5m,learner_based,3,778,27,3,3,sparse
xes3g5m,learner_based,3,779,31,3,9,sparse
xes3g5m,learner_based,3,78,97489,14061,27724,dense
xes3g5m,learner_based,3,780,65,7,14,sparse
xes3g5m,learner_based,3,781,36,3,9,sparse
xes3g5m,learner_based,3,782,6,1,2,very_sparse
xes3g5m,learner_based,3,783,90,5,33,sparse
xes3g5m,learner_based,3,784,14,2,4,very_sparse
xes3g5m,learner_based,3,785,76,12,23,sparse
xes3g5m,learner_based,3,786,210,33,50,medium
xes3g5m,learner_based,3,787,11,1,0,very_sparse
xes3g5m,learner_based,3,788,19,4,4,very_sparse
xes3g5m,learner_based,3,789,2,1,0,very_sparse
xes3g5m,learner_based,3,79,1272,193,376,dense
xes3g5m,learner_based,3,790,1,1,0,very_sparse
xes3g5m,learner_based,3,791,3,3,0,very_sparse
xes3g5m,learner_based,3,792,1,1,0,very_sparse
xes3g5m,learner_based,3,793,3,3,0,very_sparse
xes3g5m,learner_based,3,794,1,1,0,very_sparse
xes3g5m,learner_based,3,795,0,2,0,strict_cold_start
xes3g5m,learner_based,3,796,10,1,3,very_sparse
xes3g5m,learner_based,3,797,11,2,1,very_sparse
xes3g5m,learner_based,3,798,12,2,1,very_sparse
xes3g5m,learner_based,3,799,18,1,7,very_sparse
xes3g5m,learner_based,3,8,4741,660,1357,dense
xes3g5m,learner_based,3,80,2661,384,725,dense
xes3g5m,learner_based,3,800,3,0,0,very_sparse
xes3g5m,learner_based,3,801,9,0,1,very_sparse
xes3g5m,learner_based,3,802,6,0,2,very_sparse
xes3g5m,learner_based,3,803,2,0,1,very_sparse
xes3g5m,learner_based,3,804,10,3,2,very_sparse
xes3g5m,learner_based,3,805,10,2,3,very_sparse
xes3g5m,learner_based,3,806,10,2,2,very_sparse
xes3g5m,learner_based,3,807,6,2,1,very_sparse
xes3g5m,learner_based,3,808,3,0,1,very_sparse
xes3g5m,learner_based,3,809,47,7,17,sparse
xes3g5m,learner_based,3,81,43111,6257,12296,dense
xes3g5m,learner_based,3,810,10,1,2,very_sparse
xes3g5m,learner_based,3,811,2,0,0,very_sparse
xes3g5m,learner_based,3,812,1,0,0,very_sparse
xes3g5m,learner_based,3,813,1,0,0,very_sparse
xes3g5m,learner_based,3,814,1,0,0,very_sparse
xes3g5m,learner_based,3,815,2,0,0,very_sparse
xes3g5m,learner_based,3,816,1,0,0,very_sparse
xes3g5m,learner_based,3,817,1,0,0,very_sparse
xes3g5m,learner_based,3,818,1,0,0,very_sparse
xes3g5m,learner_based,3,819,0,0,1,strict_cold_start
xes3g5m,learner_based,3,82,8101,1175,2183,dense
xes3g5m,learner_based,3,820,54,8,18,sparse
xes3g5m,learner_based,3,821,140,13,49,medium
xes3g5m,learner_based,3,822,68,8,26,sparse
xes3g5m,learner_based,3,823,68,8,26,sparse
xes3g5m,learner_based,3,824,116,18,50,medium
xes3g5m,learner_based,3,825,16,1,7,very_sparse
xes3g5m,learner_based,3,826,89,11,25,sparse
xes3g5m,learner_based,3,827,128,18,43,medium
xes3g5m,learner_based,3,828,103,12,28,medium
xes3g5m,learner_based,3,829,1,0,0,very_sparse
xes3g5m,learner_based,3,83,3786,565,1103,dense
xes3g5m,learner_based,3,830,74,7,15,sparse
xes3g5m,learner_based,3,831,25,3,10,sparse
xes3g5m,learner_based,3,832,77,12,22,sparse
xes3g5m,learner_based,3,833,11,4,5,very_sparse
xes3g5m,learner_based,3,834,11,4,5,very_sparse
xes3g5m,learner_based,3,835,2,1,1,very_sparse
xes3g5m,learner_based,3,836,34,5,8,sparse
xes3g5m,learner_based,3,837,1,0,0,very_sparse
xes3g5m,learner_based,3,838,5,0,0,very_sparse
xes3g5m,learner_based,3,839,17,1,5,very_sparse
xes3g5m,learner_based,3,84,1973,288,546,dense
xes3g5m,learner_based,3,840,0,0,1,strict_cold_start
xes3g5m,learner_based,3,841,4,1,1,very_sparse
xes3g5m,learner_based,3,842,2,0,1,very_sparse
xes3g5m,learner_based,3,843,1,0,0,very_sparse
xes3g5m,learner_based,3,844,7,0,0,very_sparse
xes3g5m,learner_based,3,845,7,0,0,very_sparse
xes3g5m,learner_based,3,846,5,0,0,very_sparse
xes3g5m,learner_based,3,847,0,0,1,strict_cold_start
xes3g5m,learner_based,3,848,6,0,1,very_sparse
xes3g5m,learner_based,3,849,13,1,2,very_sparse
xes3g5m,learner_based,3,85,1640,227,431,dense
xes3g5m,learner_based,3,850,6,2,1,very_sparse
xes3g5m,learner_based,3,851,1,0,0,very_sparse
xes3g5m,learner_based,3,852,1,1,0,very_sparse
xes3g5m,learner_based,3,853,3,3,0,very_sparse
xes3g5m,learner_based,3,854,2,2,0,very_sparse
xes3g5m,learner_based,3,855,1,1,0,very_sparse
xes3g5m,learner_based,3,856,2,0,0,very_sparse
xes3g5m,learner_based,3,857,3,0,0,very_sparse
xes3g5m,learner_based,3,858,5,0,1,very_sparse
xes3g5m,learner_based,3,859,8,1,2,very_sparse
xes3g5m,learner_based,3,86,7840,1108,2237,dense
xes3g5m,learner_based,3,860,1,0,0,very_sparse
xes3g5m,learner_based,3,861,1,0,0,very_sparse
xes3g5m,learner_based,3,862,1,0,0,very_sparse
xes3g5m,learner_based,3,863,1,0,1,very_sparse
xes3g5m,learner_based,3,864,2,1,1,very_sparse
xes3g5m,learner_based,3,87,7157,997,2059,dense
xes3g5m,learner_based,3,88,34120,4973,10288,dense
xes3g5m,learner_based,3,89,838,127,221,dense
xes3g5m,learner_based,3,9,24226,3335,7243,dense
xes3g5m,learner_based,3,90,124,18,36,medium
xes3g5m,learner_based,3,91,26001,3691,7637,dense
xes3g5m,learner_based,3,92,5276,722,1512,dense
xes3g5m,learner_based,3,93,3377,481,923,dense
xes3g5m,learner_based,3,94,926,120,254,dense
xes3g5m,learner_based,3,95,1192,179,360,dense
xes3g5m,learner_based,3,96,2913,409,833,dense
xes3g5m,learner_based,3,97,1389,179,393,dense
xes3g5m,learner_based,3,98,5183,769,1530,dense
xes3g5m,learner_based,3,99,11128,1466,3009,dense
xes3g5m,learner_based,4,0,5386,792,1627,dense
xes3g5m,learner_based,4,1,5850,865,1706,dense
xes3g5m,learner_based,4,10,27210,4117,7870,dense
xes3g5m,learner_based,4,100,2054,293,631,dense
xes3g5m,learner_based,4,101,7122,1039,2128,dense
xes3g5m,learner_based,4,102,24191,3520,7019,dense
xes3g5m,learner_based,4,103,1726,272,527,dense
xes3g5m,learner_based,4,104,31401,4726,9528,dense
xes3g5m,learner_based,4,105,2384,314,719,dense
xes3g5m,learner_based,4,106,28108,4015,8083,dense
xes3g5m,learner_based,4,107,3487,495,1041,dense
xes3g5m,learner_based,4,108,34422,4849,9756,dense
xes3g5m,learner_based,4,109,31268,4460,8934,dense
xes3g5m,learner_based,4,11,13209,1986,3754,dense
xes3g5m,learner_based,4,110,755,109,217,dense
xes3g5m,learner_based,4,111,1032,141,297,dense
xes3g5m,learner_based,4,112,14073,2026,3926,dense
xes3g5m,learner_based,4,113,826,107,230,dense
xes3g5m,learner_based,4,114,11074,1611,3208,dense
xes3g5m,learner_based,4,115,4020,575,1119,dense
xes3g5m,learner_based,4,116,3025,463,944,dense
xes3g5m,learner_based,4,117,6917,990,2028,dense
xes3g5m,learner_based,4,118,5747,782,1629,dense
xes3g5m,learner_based,4,119,8759,1257,2499,dense
xes3g5m,learner_based,4,12,9962,1563,2859,dense
xes3g5m,learner_based,4,120,1566,213,469,dense
xes3g5m,learner_based,4,121,13187,1917,3785,dense
xes3g5m,learner_based,4,122,1586,209,484,dense
xes3g5m,learner_based,4,123,19271,2999,5641,dense
xes3g5m,learner_based,4,124,13866,2164,4092,dense
xes3g5m,learner_based,4,125,2485,360,680,dense
xes3g5m,learner_based,4,126,1519,248,394,dense
xes3g5m,learner_based,4,127,9685,1481,2784,dense
xes3g5m,learner_based,4,128,5744,894,1652,dense
xes3g5m,learner_based,4,129,1235,200,378,dense
xes3g5m,learner_based,4,13,4751,716,1363,dense
xes3g5m,learner_based,4,130,4854,709,1400,dense
xes3g5m,learner_based,4,131,10571,1492,2821,dense
xes3g5m,learner_based,4,132,13825,2061,3878,dense
xes3g5m,learner_based,4,133,7540,1077,2235,dense
xes3g5m,learner_based,4,134,8603,1278,2495,dense
xes3g5m,learner_based,4,135,14131,2155,4093,dense
xes3g5m,learner_based,4,136,398,42,110,medium
xes3g5m,learner_based,4,137,2190,278,617,dense
xes3g5m,learner_based,4,138,64531,9214,18387,dense
xes3g5m,learner_based,4,139,21268,3080,6036,dense
xes3g5m,learner_based,4,14,26846,3902,7772,dense
xes3g5m,learner_based,4,140,34664,5077,9785,dense
xes3g5m,learner_based,4,141,4267,614,1188,dense
xes3g5m,learner_based,4,142,14843,2153,4225,dense
xes3g5m,learner_based,4,143,4095,594,1212,dense
xes3g5m,learner_based,4,144,8585,1239,2475,dense
xes3g5m,learner_based,4,145,8192,1252,2396,dense
xes3g5m,learner_based,4,146,8945,1344,2493,dense
xes3g5m,learner_based,4,147,14865,2112,4089,dense
xes3g5m,learner_based,4,148,12028,1738,3394,dense
xes3g5m,learner_based,4,149,6081,939,1683,dense
xes3g5m,learner_based,4,15,2556,363,735,dense
xes3g5m,learner_based,4,150,5954,855,1661,dense
xes3g5m,learner_based,4,151,2401,346,640,dense
xes3g5m,learner_based,4,152,5607,826,1600,dense
xes3g5m,learner_based,4,153,4165,585,1186,dense
xes3g5m,learner_based,4,154,7932,1143,2233,dense
xes3g5m,learner_based,4,155,73683,10881,20896,dense
xes3g5m,learner_based,4,156,3661,509,1018,dense
xes3g5m,learner_based,4,157,20685,3018,5971,dense
xes3g5m,learner_based,4,158,2460,354,699,dense
xes3g5m,learner_based,4,159,2018,302,578,dense
xes3g5m,learner_based,4,16,12484,1844,3599,dense
xes3g5m,learner_based,4,160,9137,1280,2547,dense
xes3g5m,learner_based,4,161,12442,1789,3564,dense
xes3g5m,learner_based,4,162,21300,3036,6136,dense
xes3g5m,learner_based,4,163,5497,803,1586,dense
xes3g5m,learner_based,4,164,16730,2396,4658,dense
xes3g5m,learner_based,4,165,19156,2849,5640,dense
xes3g5m,learner_based,4,166,60281,8700,17336,dense
xes3g5m,learner_based,4,167,10497,1563,3012,dense
xes3g5m,learner_based,4,168,31898,4596,9317,dense
xes3g5m,learner_based,4,169,13394,1941,3956,dense
xes3g5m,learner_based,4,17,6357,923,1806,dense
xes3g5m,learner_based,4,170,29157,4194,8406,dense
xes3g5m,learner_based,4,171,4921,747,1498,dense
xes3g5m,learner_based,4,172,18922,2730,5513,dense
xes3g5m,learner_based,4,173,6891,1025,2010,dense
xes3g5m,learner_based,4,174,7880,1101,2251,dense
xes3g5m,learner_based,4,175,8394,1225,2425,dense
xes3g5m,learner_based,4,176,11120,1607,3263,dense
xes3g5m,learner_based,4,177,30486,4318,8939,dense
xes3g5m,learner_based,4,178,5758,826,1730,dense
xes3g5m,learner_based,4,179,35226,4997,10350,dense
xes3g5m,learner_based,4,18,105090,15254,30123,dense
xes3g5m,learner_based,4,180,38112,5539,10775,dense
xes3g5m,learner_based,4,181,5641,819,1710,dense
xes3g5m,learner_based,4,182,7538,1092,2274,dense
xes3g5m,learner_based,4,183,36981,5260,10911,dense
xes3g5m,learner_based,4,184,6095,884,1778,dense
xes3g5m,learner_based,4,185,4222,619,1257,dense
xes3g5m,learner_based,4,186,1720,252,487,dense
xes3g5m,learner_based,4,187,23363,3435,6814,dense
xes3g5m,learner_based,4,188,31365,4609,9096,dense
xes3g5m,learner_based,4,189,8692,1253,2491,dense
xes3g5m,learner_based,4,19,694,127,235,dense
xes3g5m,learner_based,4,190,2601,355,787,dense
xes3g5m,learner_based,4,191,3858,548,1117,dense
xes3g5m,learner_based,4,192,24222,3383,6865,dense
xes3g5m,learner_based,4,193,8997,1255,2512,dense
xes3g5m,learner_based,4,194,7624,1078,2136,dense
xes3g5m,learner_based,4,195,5558,787,1565,dense
xes3g5m,learner_based,4,196,5326,733,1499,dense
xes3g5m,learner_based,4,197,3171,420,888,dense
xes3g5m,learner_based,4,198,31171,4402,8784,dense
xes3g5m,learner_based,4,199,8636,1208,2446,dense
xes3g5m,learner_based,4,2,33653,4930,9668,dense
xes3g5m,learner_based,4,20,5748,983,1723,dense
xes3g5m,learner_based,4,200,21072,3173,6035,dense
xes3g5m,learner_based,4,201,3477,535,999,dense
xes3g5m,learner_based,4,202,7494,1182,2103,dense
xes3g5m,learner_based,4,203,16219,2437,4643,dense
xes3g5m,learner_based,4,204,33547,4793,9471,dense
xes3g5m,learner_based,4,205,11310,1577,3211,dense
xes3g5m,learner_based,4,206,36581,5157,10349,dense
xes3g5m,learner_based,4,207,13420,1881,3790,dense
xes3g5m,learner_based,4,208,62672,8855,17635,dense
xes3g5m,learner_based,4,209,11206,1629,3196,dense
xes3g5m,learner_based,4,21,433,82,146,medium
xes3g5m,learner_based,4,210,4722,710,1310,dense
xes3g5m,learner_based,4,211,6195,890,1720,dense
xes3g5m,learner_based,4,212,14447,2026,4010,dense
xes3g5m,learner_based,4,213,23873,3480,6864,dense
xes3g5m,learner_based,4,214,35917,5153,10190,dense
xes3g5m,learner_based,4,215,1709,246,500,dense
xes3g5m,learner_based,4,216,3620,570,1071,dense
xes3g5m,learner_based,4,217,5662,790,1637,dense
xes3g5m,learner_based,4,218,5486,775,1574,dense
xes3g5m,learner_based,4,219,3460,497,998,dense
xes3g5m,learner_based,4,22,2073,344,632,dense
xes3g5m,learner_based,4,220,20447,2878,5913,dense
xes3g5m,learner_based,4,221,7711,1111,2179,dense
xes3g5m,learner_based,4,222,25262,3649,7229,dense
xes3g5m,learner_based,4,223,14600,2092,4230,dense
xes3g5m,learner_based,4,224,4694,666,1269,dense
xes3g5m,learner_based,4,225,9193,1280,2644,dense
xes3g5m,learner_based,4,226,5098,728,1515,dense
xes3g5m,learner_based,4,227,14314,2027,4089,dense
xes3g5m,learner_based,4,228,5525,830,1641,dense
xes3g5m,learner_based,4,229,11970,1792,3567,dense
xes3g5m,learner_based,4,23,21055,2990,5892,dense
xes3g5m,learner_based,4,230,3174,456,958,dense
xes3g5m,learner_based,4,231,13317,1925,3831,dense
xes3g5m,learner_based,4,232,28383,4170,8148,dense
xes3g5m,learner_based,4,233,7519,1083,2129,dense
xes3g5m,learner_based,4,234,7843,1124,2218,dense
xes3g5m,learner_based,4,235,9307,1345,2613,dense
xes3g5m,learner_based,4,236,12115,1767,3415,dense
xes3g5m,learner_based,4,237,13749,1978,3878,dense
xes3g5m,learner_based,4,238,8119,1205,2313,dense
xes3g5m,learner_based,4,239,8445,1227,2482,dense
xes3g5m,learner_based,4,24,69502,10284,20041,dense
xes3g5m,learner_based,4,240,8628,1280,2438,dense
xes3g5m,learner_based,4,241,11971,1730,3373,dense
xes3g5m,learner_based,4,242,7246,973,1991,dense
xes3g5m,learner_based,4,243,8355,1252,2433,dense
xes3g5m,learner_based,4,244,6099,927,1766,dense
xes3g5m,learner_based,4,245,1526,214,426,dense
xes3g5m,learner_based,4,246,1664,218,478,dense
xes3g5m,learner_based,4,247,4423,655,1280,dense
xes3g5m,learner_based,4,248,10223,1458,3008,dense
xes3g5m,learner_based,4,249,6199,840,1778,dense
xes3g5m,learner_based,4,25,6729,1018,1976,dense
xes3g5m,learner_based,4,250,4057,524,1092,dense
xes3g5m,learner_based,4,251,4005,564,1166,dense
xes3g5m,learner_based,4,252,20191,2890,5822,dense
xes3g5m,learner_based,4,253,6701,1022,1972,dense
xes3g5m,learner_based,4,254,1100,149,308,dense
xes3g5m,learner_based,4,255,1244,173,343,dense
xes3g5m,learner_based,4,256,3448,496,945,dense
xes3g5m,learner_based,4,257,59676,8255,17503,dense
xes3g5m,learner_based,4,258,13696,1915,4022,dense
xes3g5m,learner_based,4,259,2831,410,794,dense
xes3g5m,learner_based,4,26,7133,986,1997,dense
xes3g5m,learner_based,4,260,21515,2977,6343,dense
xes3g5m,learner_based,4,261,14512,2021,4216,dense
xes3g5m,learner_based,4,262,7987,1132,2367,dense
xes3g5m,learner_based,4,263,20525,2823,6031,dense
xes3g5m,learner_based,4,264,7320,1032,2183,dense
xes3g5m,learner_based,4,265,6376,951,1908,dense
xes3g5m,learner_based,4,266,40364,5702,11670,dense
xes3g5m,learner_based,4,267,1283,196,381,dense
xes3g5m,learner_based,4,268,1406,190,400,dense
xes3g5m,learner_based,4,269,802,107,220,dense
xes3g5m,learner_based,4,27,353,50,101,medium
xes3g5m,learner_based,4,270,3195,436,873,dense
xes3g5m,learner_based,4,271,7479,1059,2180,dense
xes3g5m,learner_based,4,272,16420,2430,4685,dense
xes3g5m,learner_based,4,273,692,86,176,dense
xes3g5m,learner_based,4,274,834,116,230,dense
xes3g5m,learner_based,4,275,1099,141,291,dense
xes3g5m,learner_based,4,276,1483,210,427,dense
xes3g5m,learner_based,4,277,6054,882,1752,dense
xes3g5m,learner_based,4,278,1733,250,485,dense
xes3g5m,learner_based,4,279,2937,414,841,dense
xes3g5m,learner_based,4,28,2762,395,807,dense
xes3g5m,learner_based,4,280,1571,212,446,dense
xes3g5m,learner_based,4,281,296,45,84,medium
xes3g5m,learner_based,4,282,1756,294,576,dense
xes3g5m,learner_based,4,283,4398,676,1286,dense
xes3g5m,learner_based,4,284,1620,232,519,dense
xes3g5m,learner_based,4,285,4274,644,1190,dense
xes3g5m,learner_based,4,286,548,68,156,dense
xes3g5m,learner_based,4,287,2347,366,686,dense
xes3g5m,learner_based,4,288,1753,264,526,dense
xes3g5m,learner_based,4,289,829,113,220,dense
xes3g5m,learner_based,4,29,3973,692,1090,dense
xes3g5m,learner_based,4,290,1688,265,486,dense
xes3g5m,learner_based,4,291,3355,482,1003,dense
xes3g5m,learner_based,4,292,2768,429,848,dense
xes3g5m,learner_based,4,293,2240,346,651,dense
xes3g5m,learner_based,4,294,3865,574,1167,dense
xes3g5m,learner_based,4,295,1924,304,541,dense
xes3g5m,learner_based,4,296,2608,404,751,dense
xes3g5m,learner_based,4,297,1161,182,364,dense
xes3g5m,learner_based,4,298,585,78,166,dense
xes3g5m,learner_based,4,299,3116,440,901,dense
xes3g5m,learner_based,4,3,11340,1664,3262,dense
xes3g5m,learner_based,4,30,14230,2057,4034,dense
xes3g5m,learner_based,4,300,3961,578,1116,dense
xes3g5m,learner_based,4,301,12951,1859,3655,dense
xes3g5m,learner_based,4,302,1327,197,386,dense
xes3g5m,learner_based,4,303,9295,1342,2629,dense
xes3g5m,learner_based,4,304,3500,502,1007,dense
xes3g5m,learner_based,4,305,1077,158,303,dense
xes3g5m,learner_based,4,306,1012,159,277,dense
xes3g5m,learner_based,4,307,11700,1615,3378,dense
xes3g5m,learner_based,4,308,1602,209,415,dense
xes3g5m,learner_based,4,309,60,10,22,sparse
xes3g5m,learner_based,4,31,5233,783,1469,dense
xes3g5m,learner_based,4,310,1189,173,364,dense
xes3g5m,learner_based,4,311,7942,1245,2359,dense
xes3g5m,learner_based,4,312,617,103,173,dense
xes3g5m,learner_based,4,313,11065,1667,3233,dense
xes3g5m,learner_based,4,314,741,112,205,dense
xes3g5m,learner_based,4,315,1256,197,352,dense
xes3g5m,learner_based,4,316,544,83,152,dense
xes3g5m,learner_based,4,317,1654,242,443,dense
xes3g5m,learner_based,4,318,1119,145,300,dense
xes3g5m,learner_based,4,319,379,53,106,medium
xes3g5m,learner_based,4,32,44824,6583,12867,dense
xes3g5m,learner_based,4,320,1521,227,441,dense
xes3g5m,learner_based,4,321,1032,169,307,dense
xes3g5m,learner_based,4,322,1438,202,418,dense
xes3g5m,learner_based,4,323,1456,224,416,dense
xes3g5m,learner_based,4,324,1553,234,450,dense
xes3g5m,learner_based,4,325,2588,402,722,dense
xes3g5m,learner_based,4,326,4914,711,1379,dense
xes3g5m,learner_based,4,327,3303,497,927,dense
xes3g5m,learner_based,4,328,128,21,31,medium
xes3g5m,learner_based,4,329,6307,909,1878,dense
xes3g5m,learner_based,4,33,41918,5999,12050,dense
xes3g5m,learner_based,4,330,17118,2363,4991,dense
xes3g5m,learner_based,4,331,439,58,121,medium
xes3g5m,learner_based,4,332,2052,322,586,dense
xes3g5m,learner_based,4,333,401,55,92,medium
xes3g5m,learner_based,4,334,2001,309,546,dense
xes3g5m,learner_based,4,335,18520,2684,5337,dense
xes3g5m,learner_based,4,336,23382,3308,6583,dense
xes3g5m,learner_based,4,337,5148,730,1533,dense
xes3g5m,learner_based,4,338,1997,316,598,dense
xes3g5m,learner_based,4,339,4089,603,1116,dense
xes3g5m,learner_based,4,34,51634,7320,14811,dense
xes3g5m,learner_based,4,340,13563,1892,3781,dense
xes3g5m,learner_based,4,341,5046,674,1402,dense
xes3g5m,learner_based,4,342,5046,674,1402,dense
xes3g5m,learner_based,4,343,10676,1430,2973,dense
xes3g5m,learner_based,4,344,3123,448,891,dense
xes3g5m,learner_based,4,345,377,52,120,medium
xes3g5m,learner_based,4,346,185,24,58,medium
xes3g5m,learner_based,4,347,187,26,60,medium
xes3g5m,learner_based,4,348,460,62,141,medium
xes3g5m,learner_based,4,349,10111,1438,2896,dense
xes3g5m,learner_based,4,35,12881,1905,3662,dense
xes3g5m,learner_based,4,350,1861,255,542,dense
xes3g5m,learner_based,4,351,3744,537,1075,dense
xes3g5m,learner_based,4,352,9822,1415,2731,dense
xes3g5m,learner_based,4,353,331,36,97,medium
xes3g5m,learner_based,4,354,336,40,103,medium
xes3g5m,learner_based,4,355,2860,395,790,dense
xes3g5m,learner_based,4,356,1771,248,489,dense
xes3g5m,learner_based,4,357,2331,323,650,dense
xes3g5m,learner_based,4,358,950,131,279,dense
xes3g5m,learner_based,4,359,17357,2524,4885,dense
xes3g5m,learner_based,4,36,12259,1740,3442,dense
xes3g5m,learner_based,4,360,5045,723,1441,dense
xes3g5m,learner_based,4,361,6804,949,1927,dense
xes3g5m,learner_based,4,362,9026,1259,2513,dense
xes3g5m,learner_based,4,363,11015,1602,3233,dense
xes3g5m,learner_based,4,364,974,145,285,dense
xes3g5m,learner_based,4,365,8694,1232,2402,dense
xes3g5m,learner_based,4,366,6659,949,1847,dense
xes3g5m,learner_based,4,367,6447,993,1809,dense
xes3g5m,learner_based,4,368,2643,392,796,dense
xes3g5m,learner_based,4,369,1642,248,520,dense
xes3g5m,learner_based,4,37,11976,1781,3405,dense
xes3g5m,learner_based,4,370,1330,211,404,dense
xes3g5m,learner_based,4,371,3945,522,1180,dense
xes3g5m,learner_based,4,372,1929,278,559,dense
xes3g5m,learner_based,4,373,5882,923,1744,dense
xes3g5m,learner_based,4,374,6188,955,1845,dense
xes3g5m,learner_based,4,375,1308,201,386,dense
xes3g5m,learner_based,4,376,3193,503,944,dense
xes3g5m,learner_based,4,377,1771,258,503,dense
xes3g5m,learner_based,4,378,8958,1239,2601,dense
xes3g5m,learner_based,4,379,16752,2556,4776,dense
xes3g5m,learner_based,4,38,8215,1163,2420,dense
xes3g5m,learner_based,4,380,3767,529,1039,dense
xes3g5m,learner_based,4,381,3252,454,934,dense
xes3g5m,learner_based,4,382,2826,391,740,dense
xes3g5m,learner_based,4,383,980,149,275,dense
xes3g5m,learner_based,4,384,1478,215,423,dense
xes3g5m,learner_based,4,385,1132,156,306,dense
xes3g5m,learner_based,4,386,2440,336,661,dense
xes3g5m,learner_based,4,387,2790,414,813,dense
xes3g5m,learner_based,4,388,3339,476,922,dense
xes3g5m,learner_based,4,389,7512,1058,2166,dense
xes3g5m,learner_based,4,39,9773,1428,2756,dense
xes3g5m,learner_based,4,390,5141,752,1499,dense
xes3g5m,learner_based,4,391,2804,412,780,dense
xes3g5m,learner_based,4,392,7404,1082,2061,dense
xes3g5m,learner_based,4,393,2531,348,698,dense
xes3g5m,learner_based,4,394,3891,548,1112,dense
xes3g5m,learner_based,4,395,1841,276,552,dense
xes3g5m,learner_based,4,396,1591,234,453,dense
xes3g5m,learner_based,4,397,697,96,187,dense
xes3g5m,learner_based,4,398,912,118,256,dense
xes3g5m,learner_based,4,399,663,86,198,dense
xes3g5m,learner_based,4,4,635,103,207,dense
xes3g5m,learner_based,4,40,5740,917,1712,dense
xes3g5m,learner_based,4,400,900,120,267,dense
xes3g5m,learner_based,4,401,5795,851,1673,dense
xes3g5m,learner_based,4,402,11324,1691,3249,dense
xes3g5m,learner_based,4,403,940,129,245,dense
xes3g5m,learner_based,4,404,1171,162,338,dense
xes3g5m,learner_based,4,405,2864,378,794,dense
xes3g5m,learner_based,4,406,837,101,231,dense
xes3g5m,learner_based,4,407,3881,552,1116,dense
xes3g5m,learner_based,4,408,5350,735,1466,dense
xes3g5m,learner_based,4,409,4645,664,1269,dense
xes3g5m,learner_based,4,41,31865,4666,8772,dense
xes3g5m,learner_based,4,410,3436,495,938,dense
xes3g5m,learner_based,4,411,3624,525,1000,dense
xes3g5m,learner_based,4,412,3605,518,990,dense
xes3g5m,learner_based,4,413,8044,1107,2193,dense
xes3g5m,learner_based,4,414,1583,226,460,dense
xes3g5m,learner_based,4,415,226,31,70,medium
xes3g5m,learner_based,4,416,66,16,22,sparse
xes3g5m,learner_based,4,417,66,16,22,sparse
xes3g5m,learner_based,4,418,340,49,86,medium
xes3g5m,learner_based,4,419,532,77,152,dense
xes3g5m,learner_based,4,42,2563,400,737,dense
xes3g5m,learner_based,4,420,1000,147,315,dense
xes3g5m,learner_based,4,421,184,29,59,medium
xes3g5m,learner_based,4,422,3936,576,1131,dense
xes3g5m,learner_based,4,423,55,6,15,sparse
xes3g5m,learner_based,4,424,2756,416,845,dense
xes3g5m,learner_based,4,425,3356,531,1051,dense
xes3g5m,learner_based,4,426,468,71,125,medium
xes3g5m,learner_based,4,427,971,153,278,dense
xes3g5m,learner_based,4,428,74,11,19,sparse
xes3g5m,learner_based,4,429,198,37,64,medium
xes3g5m,learner_based,4,43,12710,1825,3501,dense
xes3g5m,learner_based,4,430,1281,180,348,dense
xes3g5m,learner_based,4,431,4498,689,1194,dense
xes3g5m,learner_based,4,432,262,38,66,medium
xes3g5m,learner_based,4,433,133,21,40,medium
xes3g5m,learner_based,4,434,194,27,51,medium
xes3g5m,learner_based,4,435,2213,283,667,dense
xes3g5m,learner_based,4,436,808,105,211,dense
xes3g5m,learner_based,4,437,306,42,82,medium
xes3g5m,learner_based,4,438,447,84,161,medium
xes3g5m,learner_based,4,439,447,84,161,medium
xes3g5m,learner_based,4,44,5863,884,1591,dense
xes3g5m,learner_based,4,440,300,46,101,medium
xes3g5m,learner_based,4,441,1010,167,321,dense
xes3g5m,learner_based,4,442,64,10,23,sparse
xes3g5m,learner_based,4,443,606,89,185,dense
xes3g5m,learner_based,4,444,167,29,53,medium
xes3g5m,learner_based,4,445,69,8,16,sparse
xes3g5m,learner_based,4,446,618,70,166,dense
xes3g5m,learner_based,4,447,5916,947,1826,dense
xes3g5m,learner_based,4,448,16019,2513,4842,dense
xes3g5m,learner_based,4,449,165,21,37,medium
xes3g5m,learner_based,4,45,384,57,117,medium
xes3g5m,learner_based,4,450,722,112,178,dense
xes3g5m,learner_based,4,451,1170,166,349,dense
xes3g5m,learner_based,4,452,305,39,99,medium
xes3g5m,learner_based,4,453,109,14,21,medium
xes3g5m,learner_based,4,454,56,7,12,sparse
xes3g5m,learner_based,4,455,53,7,12,sparse
xes3g5m,learner_based,4,456,132,13,38,medium
xes3g5m,learner_based,4,457,409,44,98,medium
xes3g5m,learner_based,4,458,132,13,36,medium
xes3g5m,learner_based,4,459,156,29,52,medium
xes3g5m,learner_based,4,46,8780,1331,2489,dense
xes3g5m,learner_based,4,460,156,29,52,medium
xes3g5m,learner_based,4,461,193,36,62,medium
xes3g5m,learner_based,4,462,3646,516,1028,dense
xes3g5m,learner_based,4,463,926,115,270,dense
xes3g5m,learner_based,4,464,697,91,196,dense
xes3g5m,learner_based,4,465,932,128,252,dense
xes3g5m,learner_based,4,466,2569,399,760,dense
xes3g5m,learner_based,4,467,1707,226,497,dense
xes3g5m,learner_based,4,468,11813,1701,3339,dense
xes3g5m,learner_based,4,469,1105,169,320,dense
xes3g5m,learner_based,4,47,2437,382,714,dense
xes3g5m,learner_based,4,470,4970,702,1380,dense
xes3g5m,learner_based,4,471,9691,1363,2813,dense
xes3g5m,learner_based,4,472,1783,256,498,dense
xes3g5m,learner_based,4,473,2763,393,770,dense
xes3g5m,learner_based,4,474,2468,353,680,dense
xes3g5m,learner_based,4,475,1067,171,311,dense
xes3g5m,learner_based,4,476,1401,205,409,dense
xes3g5m,learner_based,4,477,3832,572,1165,dense
xes3g5m,learner_based,4,478,3683,546,1129,dense
xes3g5m,learner_based,4,479,2003,300,600,dense
xes3g5m,learner_based,4,48,2036,306,589,dense
xes3g5m,learner_based,4,480,6507,884,1796,dense
xes3g5m,learner_based,4,481,1718,262,510,dense
xes3g5m,learner_based,4,482,1426,218,417,dense
xes3g5m,learner_based,4,483,1857,283,559,dense
xes3g5m,learner_based,4,484,2034,302,596,dense
xes3g5m,learner_based,4,485,1473,223,446,dense
xes3g5m,learner_based,4,486,2444,380,739,dense
xes3g5m,learner_based,4,487,1568,237,441,dense
xes3g5m,learner_based,4,488,2320,332,659,dense
xes3g5m,learner_based,4,489,2409,328,681,dense
xes3g5m,learner_based,4,49,225,33,76,medium
xes3g5m,learner_based,4,490,676,95,192,dense
xes3g5m,learner_based,4,491,1323,180,396,dense
xes3g5m,learner_based,4,492,828,118,230,dense
xes3g5m,learner_based,4,493,412,57,116,medium
xes3g5m,learner_based,4,494,479,61,139,medium
xes3g5m,learner_based,4,495,297,33,89,medium
xes3g5m,learner_based,4,496,1021,155,288,dense
xes3g5m,learner_based,4,497,1119,169,318,dense
xes3g5m,learner_based,4,498,1398,178,361,dense
xes3g5m,learner_based,4,499,988,137,292,dense
xes3g5m,learner_based,4,5,18457,2757,5238,dense
xes3g5m,learner_based,4,50,235,33,77,medium
xes3g5m,learner_based,4,500,711,109,212,dense
xes3g5m,learner_based,4,501,1825,268,540,dense
xes3g5m,learner_based,4,502,1609,216,476,dense
xes3g5m,learner_based,4,503,880,122,253,dense
xes3g5m,learner_based,4,504,2047,250,559,dense
xes3g5m,learner_based,4,505,1283,199,384,dense
xes3g5m,learner_based,4,506,484,63,138,medium
xes3g5m,learner_based,4,507,365,39,95,medium
xes3g5m,learner_based,4,508,1547,220,439,dense
xes3g5m,learner_based,4,509,352,49,101,medium
xes3g5m,learner_based,4,51,4676,674,1350,dense
xes3g5m,learner_based,4,510,621,91,193,dense
xes3g5m,learner_based,4,511,436,50,110,medium
xes3g5m,learner_based,4,512,607,72,179,dense
xes3g5m,learner_based,4,513,928,132,275,dense
xes3g5m,learner_based,4,514,355,49,102,medium
xes3g5m,learner_based,4,515,397,61,120,medium
xes3g5m,learner_based,4,516,637,96,180,dense
xes3g5m,learner_based,4,517,504,73,135,dense
xes3g5m,learner_based,4,518,1326,183,362,dense
xes3g5m,learner_based,4,519,689,110,206,dense
xes3g5m,learner_based,4,52,1398,204,378,dense
xes3g5m,learner_based,4,520,278,42,70,medium
xes3g5m,learner_based,4,521,507,71,157,dense
xes3g5m,learner_based,4,522,555,80,190,dense
xes3g5m,learner_based,4,523,209,28,60,medium
xes3g5m,learner_based,4,524,311,41,95,medium
xes3g5m,learner_based,4,525,81,10,18,sparse
xes3g5m,learner_based,4,526,1552,193,465,dense
xes3g5m,learner_based,4,527,165,20,39,medium
xes3g5m,learner_based,4,528,490,55,131,medium
xes3g5m,learner_based,4,529,550,71,149,dense
xes3g5m,learner_based,4,53,664,106,204,dense
xes3g5m,learner_based,4,530,875,128,245,dense
xes3g5m,learner_based,4,531,951,138,267,dense
xes3g5m,learner_based,4,532,165,17,41,medium
xes3g5m,learner_based,4,533,153,16,38,medium
xes3g5m,learner_based,4,534,275,37,79,medium
xes3g5m,learner_based,4,535,403,59,109,medium
xes3g5m,learner_based,4,536,1662,272,548,dense
xes3g5m,learner_based,4,537,260,38,70,medium
xes3g5m,learner_based,4,538,182,30,54,medium
xes3g5m,learner_based,4,539,182,30,54,medium
xes3g5m,learner_based,4,54,4607,683,1272,dense
xes3g5m,learner_based,4,540,235,36,69,medium
xes3g5m,learner_based,4,541,300,65,84,medium
xes3g5m,learner_based,4,542,127,17,34,medium
xes3g5m,learner_based,4,543,315,39,91,medium
xes3g5m,learner_based,4,544,153,21,43,medium
xes3g5m,learner_based,4,545,693,101,220,dense
xes3g5m,learner_based,4,546,5122,817,1447,dense
xes3g5m,learner_based,4,547,229,24,61,medium
xes3g5m,learner_based,4,548,227,32,67,medium
xes3g5m,learner_based,4,549,266,34,72,medium
xes3g5m,learner_based,4,55,83974,12047,23896,dense
xes3g5m,learner_based,4,550,158,20,52,medium
xes3g5m,learner_based,4,551,39,5,14,sparse
xes3g5m,learner_based,4,552,23,4,9,sparse
xes3g5m,learner_based,4,553,129,17,48,medium
xes3g5m,learner_based,4,554,162,25,54,medium
xes3g5m,learner_based,4,555,58,8,15,sparse
xes3g5m,learner_based,4,556,45,5,13,sparse
xes3g5m,learner_based,4,557,37,5,11,sparse
xes3g5m,learner_based,4,558,586,79,165,dense
xes3g5m,learner_based,4,559,82,16,11,sparse
xes3g5m,learner_based,4,56,48194,6869,14148,dense
xes3g5m,learner_based,4,560,107,16,22,medium
xes3g5m,learner_based,4,561,50,7,13,sparse
xes3g5m,learner_based,4,562,1007,153,262,dense
xes3g5m,learner_based,4,563,117,17,35,medium
xes3g5m,learner_based,4,564,245,37,73,medium
xes3g5m,learner_based,4,565,429,61,126,medium
xes3g5m,learner_based,4,566,254,33,69,medium
xes3g5m,learner_based,4,567,290,40,79,medium
xes3g5m,learner_based,4,568,208,27,58,medium
xes3g5m,learner_based,4,569,269,38,74,medium
xes3g5m,learner_based,4,57,60026,8600,17611,dense
xes3g5m,learner_based,4,570,110,17,33,medium
xes3g5m,learner_based,4,571,281,39,86,medium
xes3g5m,learner_based,4,572,154,16,44,medium
xes3g5m,learner_based,4,573,142,12,36,medium
xes3g5m,learner_based,4,574,321,39,84,medium
xes3g5m,learner_based,4,575,129,20,37,medium
xes3g5m,learner_based,4,576,320,48,83,medium
xes3g5m,learner_based,4,577,241,40,83,medium
xes3g5m,learner_based,4,578,316,47,92,medium
xes3g5m,learner_based,4,579,625,111,178,dense
xes3g5m,learner_based,4,58,18028,2662,5123,dense
xes3g5m,learner_based,4,580,588,98,151,dense
xes3g5m,learner_based,4,581,801,124,221,dense
xes3g5m,learner_based,4,582,1513,227,422,dense
xes3g5m,learner_based,4,583,753,112,209,dense
xes3g5m,learner_based,4,584,331,46,97,medium
xes3g5m,learner_based,4,585,699,107,212,dense
xes3g5m,learner_based,4,586,3223,520,897,dense
xes3g5m,learner_based,4,587,640,66,182,dense
xes3g5m,learner_based,4,588,319,33,91,medium
xes3g5m,learner_based,4,589,304,32,93,medium
xes3g5m,learner_based,4,59,8841,1233,2598,dense
xes3g5m,learner_based,4,590,50,9,21,sparse
xes3g5m,learner_based,4,591,53,9,21,sparse
xes3g5m,learner_based,4,592,74,9,23,sparse
xes3g5m,learner_based,4,593,293,41,84,medium
xes3g5m,learner_based,4,594,350,52,97,medium
xes3g5m,learner_based,4,595,387,54,107,medium
xes3g5m,learner_based,4,596,99,14,30,sparse
xes3g5m,learner_based,4,597,149,21,41,medium
xes3g5m,learner_based,4,598,344,55,107,medium
xes3g5m,learner_based,4,599,54,12,17,sparse
xes3g5m,learner_based,4,6,31350,4646,9052,dense
xes3g5m,learner_based,4,60,1841,282,547,dense
xes3g5m,learner_based,4,600,79,17,24,sparse
xes3g5m,learner_based,4,601,90,18,22,sparse
xes3g5m,learner_based,4,602,84,19,24,sparse
xes3g5m,learner_based,4,603,197,38,69,medium
xes3g5m,learner_based,4,604,278,48,90,medium
xes3g5m,learner_based,4,605,292,55,90,medium
xes3g5m,learner_based,4,606,381,62,119,medium
xes3g5m,learner_based,4,607,486,72,140,medium
xes3g5m,learner_based,4,608,445,68,125,medium
xes3g5m,learner_based,4,609,103,15,43,medium
xes3g5m,learner_based,4,61,7035,966,2019,dense
xes3g5m,learner_based,4,610,234,38,65,medium
xes3g5m,learner_based,4,611,217,25,58,medium
xes3g5m,learner_based,4,612,904,116,294,dense
xes3g5m,learner_based,4,613,476,72,143,medium
xes3g5m,learner_based,4,614,358,54,104,medium
xes3g5m,learner_based,4,615,87,16,23,sparse
xes3g5m,learner_based,4,616,74,11,22,sparse
xes3g5m,learner_based,4,617,73,10,23,sparse
xes3g5m,learner_based,4,618,461,60,131,medium
xes3g5m,learner_based,4,619,326,36,81,medium
xes3g5m,learner_based,4,62,16205,2314,4592,dense
xes3g5m,learner_based,4,620,114,11,30,medium
xes3g5m,learner_based,4,621,26,8,12,sparse
xes3g5m,learner_based,4,622,23,7,11,sparse
xes3g5m,learner_based,4,623,315,56,106,medium
xes3g5m,learner_based,4,624,833,114,254,dense
xes3g5m,learner_based,4,625,1014,158,328,dense
xes3g5m,learner_based,4,626,608,89,161,dense
xes3g5m,learner_based,4,627,283,48,97,medium
xes3g5m,learner_based,4,628,216,26,64,medium
xes3g5m,learner_based,4,629,459,60,121,medium
xes3g5m,learner_based,4,63,4853,690,1426,dense
xes3g5m,learner_based,4,630,129,24,35,medium
xes3g5m,learner_based,4,631,62,8,18,sparse
xes3g5m,learner_based,4,632,62,7,18,sparse
xes3g5m,learner_based,4,633,154,22,52,medium
xes3g5m,learner_based,4,634,383,65,130,medium
xes3g5m,learner_based,4,635,2628,422,724,dense
xes3g5m,learner_based,4,636,265,45,78,medium
xes3g5m,learner_based,4,637,225,43,65,medium
xes3g5m,learner_based,4,638,204,29,62,medium
xes3g5m,learner_based,4,639,160,24,46,medium
xes3g5m,learner_based,4,64,24456,3569,7043,dense
xes3g5m,learner_based,4,640,433,71,103,medium
xes3g5m,learner_based,4,641,92,11,23,sparse
xes3g5m,learner_based,4,642,31,5,10,sparse
xes3g5m,learner_based,4,643,1096,193,284,dense
xes3g5m,learner_based,4,644,1385,240,397,dense
xes3g5m,learner_based,4,645,704,128,204,dense
xes3g5m,learner_based,4,646,676,103,190,dense
xes3g5m,learner_based,4,647,531,91,126,dense
xes3g5m,learner_based,4,648,249,37,51,medium
xes3g5m,learner_based,4,649,940,166,261,dense
xes3g5m,learner_based,4,65,31009,4438,8511,dense
xes3g5m,learner_based,4,650,941,166,261,dense
xes3g5m,learner_based,4,651,194,28,52,medium
xes3g5m,learner_based,4,652,171,28,56,medium
xes3g5m,learner_based,4,653,313,53,98,medium
xes3g5m,learner_based,4,654,400,56,130,medium
xes3g5m,learner_based,4,655,525,59,161,dense
xes3g5m,learner_based,4,656,453,67,138,medium
xes3g5m,learner_based,4,657,1285,169,359,dense
xes3g5m,learner_based,4,658,1394,190,383,dense
xes3g5m,learner_based,4,659,1820,293,535,dense
xes3g5m,learner_based,4,66,16286,2408,4559,dense
xes3g5m,learner_based,4,660,381,41,96,medium
xes3g5m,learner_based,4,661,128,9,33,medium
xes3g5m,learner_based,4,662,70,7,17,sparse
xes3g5m,learner_based,4,663,64,5,17,sparse
xes3g5m,learner_based,4,664,57,4,15,sparse
xes3g5m,learner_based,4,665,208,40,64,medium
xes3g5m,learner_based,4,666,78,15,22,sparse
xes3g5m,learner_based,4,667,32,4,3,sparse
xes3g5m,learner_based,4,668,85,9,16,sparse
xes3g5m,learner_based,4,669,30,4,5,sparse
xes3g5m,learner_based,4,67,19125,2776,5369,dense
xes3g5m,learner_based,4,670,90,11,21,sparse
xes3g5m,learner_based,4,671,100,9,23,medium
xes3g5m,learner_based,4,672,47,7,10,sparse
xes3g5m,learner_based,4,673,51,5,11,sparse
xes3g5m,learner_based,4,674,49,5,9,sparse
xes3g5m,learner_based,4,675,87,12,26,sparse
xes3g5m,learner_based,4,676,61,6,18,sparse
xes3g5m,learner_based,4,677,60,3,14,sparse
xes3g5m,learner_based,4,678,86,10,19,sparse
xes3g5m,learner_based,4,679,217,29,54,medium
xes3g5m,learner_based,4,68,7363,1055,2023,dense
xes3g5m,learner_based,4,680,301,29,73,medium
xes3g5m,learner_based,4,681,699,81,177,dense
xes3g5m,learner_based,4,682,245,37,66,medium
xes3g5m,learner_based,4,683,109,17,23,medium
xes3g5m,learner_based,4,684,162,30,40,medium
xes3g5m,learner_based,4,685,105,15,42,medium
xes3g5m,learner_based,4,686,47,8,15,sparse
xes3g5m,learner_based,4,687,184,29,53,medium
xes3g5m,learner_based,4,688,158,29,42,medium
xes3g5m,learner_based,4,689,310,50,93,medium
xes3g5m,learner_based,4,69,9018,1303,2663,dense
xes3g5m,learner_based,4,690,203,30,63,medium
xes3g5m,learner_based,4,691,217,32,70,medium
xes3g5m,learner_based,4,692,199,31,66,medium
xes3g5m,learner_based,4,693,182,30,64,medium
xes3g5m,learner_based,4,694,139,23,49,medium
xes3g5m,learner_based,4,695,398,56,116,medium
xes3g5m,learner_based,4,696,585,82,172,dense
xes3g5m,learner_based,4,697,110,17,23,medium
xes3g5m,learner_based,4,698,376,60,106,medium
xes3g5m,learner_based,4,699,148,30,43,medium
xes3g5m,learner_based,4,7,12003,1767,3362,dense
xes3g5m,learner_based,4,70,187,29,61,medium
xes3g5m,learner_based,4,700,244,38,77,medium
xes3g5m,learner_based,4,701,37,7,10,sparse
xes3g5m,learner_based,4,702,255,33,56,medium
xes3g5m,learner_based,4,703,198,27,54,medium
xes3g5m,learner_based,4,704,249,33,73,medium
xes3g5m,learner_based,4,705,133,24,42,medium
xes3g5m,learner_based,4,706,52,4,13,sparse
xes3g5m,learner_based,4,707,70,7,15,sparse
xes3g5m,learner_based,4,708,33,4,15,sparse
xes3g5m,learner_based,4,709,278,51,77,medium
xes3g5m,learner_based,4,71,2809,405,826,dense
xes3g5m,learner_based,4,710,46,7,15,sparse
xes3g5m,learner_based,4,711,68,6,18,sparse
xes3g5m,learner_based,4,712,112,12,26,medium
xes3g5m,learner_based,4,713,651,91,191,dense
xes3g5m,learner_based,4,714,117,12,33,medium
xes3g5m,learner_based,4,715,95,12,21,sparse
xes3g5m,learner_based,4,716,39,6,18,sparse
xes3g5m,learner_based,4,717,23,6,8,sparse
xes3g5m,learner_based,4,718,20,4,10,sparse
xes3g5m,learner_based,4,719,97,17,33,sparse
xes3g5m,learner_based,4,72,3763,536,1111,dense
xes3g5m,learner_based,4,720,103,17,28,medium
xes3g5m,learner_based,4,721,190,26,52,medium
xes3g5m,learner_based,4,722,51,7,14,sparse
xes3g5m,learner_based,4,723,68,9,18,sparse
xes3g5m,learner_based,4,724,3,0,2,very_sparse
xes3g5m,learner_based,4,725,41,8,18,sparse
xes3g5m,learner_based,4,726,55,8,11,sparse
xes3g5m,learner_based,4,727,85,5,22,sparse
xes3g5m,learner_based,4,728,111,15,25,medium
xes3g5m,learner_based,4,729,51,6,10,sparse
xes3g5m,learner_based,4,73,53755,7889,15729,dense
xes3g5m,learner_based,4,730,40,6,13,sparse
xes3g5m,learner_based,4,731,27,5,5,sparse
xes3g5m,learner_based,4,732,93,14,18,sparse
xes3g5m,learner_based,4,733,114,15,24,medium
xes3g5m,learner_based,4,734,164,27,39,medium
xes3g5m,learner_based,4,735,57,10,15,sparse
xes3g5m,learner_based,4,736,58,10,15,sparse
xes3g5m,learner_based,4,737,30,10,8,sparse
xes3g5m,learner_based,4,738,30,9,8,sparse
xes3g5m,learner_based,4,739,5,3,3,very_sparse
xes3g5m,learner_based,4,74,5242,759,1570,dense
xes3g5m,learner_based,4,740,44,6,21,sparse
xes3g5m,learner_based,4,741,170,28,60,medium
xes3g5m,learner_based,4,742,170,28,60,medium
xes3g5m,learner_based,4,743,25,4,12,sparse
xes3g5m,learner_based,4,744,52,10,23,sparse
xes3g5m,learner_based,4,745,32,5,5,sparse
xes3g5m,learner_based,4,746,46,3,9,sparse
xes3g5m,learner_based,4,747,45,3,10,sparse
xes3g5m,learner_based,4,748,52,4,13,sparse
xes3g5m,learner_based,4,749,51,3,14,sparse
xes3g5m,learner_based,4,75,319,39,106,medium
xes3g5m,learner_based,4,750,51,10,19,sparse
xes3g5m,learner_based,4,751,76,7,20,sparse
xes3g5m,learner_based,4,752,13,3,3,very_sparse
xes3g5m,learner_based,4,753,12,3,4,very_sparse
xes3g5m,learner_based,4,754,30,6,8,sparse
xes3g5m,learner_based,4,755,45,8,12,sparse
xes3g5m,learner_based,4,756,54,10,14,sparse
xes3g5m,learner_based,4,757,19,3,5,very_sparse
xes3g5m,learner_based,4,758,38,8,11,sparse
xes3g5m,learner_based,4,759,34,4,12,sparse
xes3g5m,learner_based,4,76,19244,2746,5639,dense
xes3g5m,learner_based,4,760,36,7,7,sparse
xes3g5m,learner_based,4,761,48,8,14,sparse
xes3g5m,learner_based,4,762,39,7,11,sparse
xes3g5m,learner_based,4,763,53,10,17,sparse
xes3g5m,learner_based,4,764,47,9,13,sparse
xes3g5m,learner_based,4,765,147,24,31,medium
xes3g5m,learner_based,4,766,37,4,9,sparse
xes3g5m,learner_based,4,767,26,4,9,sparse
xes3g5m,learner_based,4,768,37,3,10,sparse
xes3g5m,learner_based,4,769,21,4,3,sparse
xes3g5m,learner_based,4,77,18545,2581,5360,dense
xes3g5m,learner_based,4,770,39,9,17,sparse
xes3g5m,learner_based,4,771,39,9,17,sparse
xes3g5m,learner_based,4,772,92,13,31,sparse
xes3g5m,learner_based,4,773,108,24,39,medium
xes3g5m,learner_based,4,774,9,1,3,very_sparse
xes3g5m,learner_based,4,775,48,6,16,sparse
xes3g5m,learner_based,4,776,18,4,6,very_sparse
xes3g5m,learner_based,4,777,22,3,9,sparse
xes3g5m,learner_based,4,778,19,4,10,very_sparse
xes3g5m,learner_based,4,779,29,3,11,sparse
xes3g5m,learner_based,4,78,97578,13720,27976,dense
xes3g5m,learner_based,4,780,71,5,10,sparse
xes3g5m,learner_based,4,781,35,3,10,sparse
xes3g5m,learner_based,4,782,6,1,2,very_sparse
xes3g5m,learner_based,4,783,96,14,18,sparse
xes3g5m,learner_based,4,784,15,1,4,very_sparse
xes3g5m,learner_based,4,785,83,12,16,sparse
xes3g5m,learner_based,4,786,220,27,46,medium
xes3g5m,learner_based,4,787,4,4,4,very_sparse
xes3g5m,learner_based,4,788,18,3,6,very_sparse
xes3g5m,learner_based,4,789,1,1,1,very_sparse
xes3g5m,learner_based,4,79,1303,167,371,dense
xes3g5m,learner_based,4,790,1,1,0,very_sparse
xes3g5m,learner_based,4,791,3,3,0,very_sparse
xes3g5m,learner_based,4,792,1,1,0,very_sparse
xes3g5m,learner_based,4,793,3,3,0,very_sparse
xes3g5m,learner_based,4,794,1,0,1,very_sparse
xes3g5m,learner_based,4,795,2,0,0,very_sparse
xes3g5m,learner_based,4,796,10,1,3,very_sparse
xes3g5m,learner_based,4,797,9,2,3,very_sparse
xes3g5m,learner_based,4,798,8,2,5,very_sparse
xes3g5m,learner_based,4,799,16,2,8,very_sparse
xes3g5m,learner_based,4,8,4710,698,1350,dense
xes3g5m,learner_based,4,80,2653,350,767,dense
xes3g5m,learner_based,4,800,2,0,1,very_sparse
xes3g5m,learner_based,4,801,8,0,2,very_sparse
xes3g5m,learner_based,4,802,7,0,1,very_sparse
xes3g5m,learner_based,4,803,3,0,0,very_sparse
xes3g5m,learner_based,4,804,5,6,4,very_sparse
xes3g5m,learner_based,4,805,4,6,5,very_sparse
xes3g5m,learner_based,4,806,4,6,4,very_sparse
xes3g5m,learner_based,4,807,3,4,2,very_sparse
xes3g5m,learner_based,4,808,3,0,1,very_sparse
xes3g5m,learner_based,4,809,53,6,12,sparse
xes3g5m,learner_based,4,81,42967,6207,12490,dense
xes3g5m,learner_based,4,810,10,2,1,very_sparse
xes3g5m,learner_based,4,811,2,0,0,very_sparse
xes3g5m,learner_based,4,812,1,0,0,very_sparse
xes3g5m,learner_based,4,813,1,0,0,very_sparse
xes3g5m,learner_based,4,814,1,0,0,very_sparse
xes3g5m,learner_based,4,815,2,0,0,very_sparse
xes3g5m,learner_based,4,816,1,0,0,very_sparse
xes3g5m,learner_based,4,817,1,0,0,very_sparse
xes3g5m,learner_based,4,818,1,0,0,very_sparse
xes3g5m,learner_based,4,819,1,0,0,very_sparse
xes3g5m,learner_based,4,82,8001,1100,2358,dense
xes3g5m,learner_based,4,820,58,8,14,sparse
xes3g5m,learner_based,4,821,147,21,34,medium
xes3g5m,learner_based,4,822,73,6,23,sparse
xes3g5m,learner_based,4,823,73,6,23,sparse
xes3g5m,learner_based,4,824,135,12,37,medium
xes3g5m,learner_based,4,825,13,2,9,very_sparse
xes3g5m,learner_based,4,826,93,12,20,sparse
xes3g5m,learner_based,4,827,134,16,39,medium
xes3g5m,learner_based,4,828,103,13,27,medium
xes3g5m,learner_based,4,829,0,0,1,strict_cold_start
xes3g5m,learner_based,4,83,3769,593,1092,dense
xes3g5m,learner_based,4,830,72,10,14,sparse
xes3g5m,learner_based,4,831,24,5,9,sparse
xes3g5m,learner_based,4,832,80,13,18,sparse
xes3g5m,learner_based,4,833,13,5,2,very_sparse
xes3g5m,learner_based,4,834,13,5,2,very_sparse
xes3g5m,learner_based,4,835,2,1,1,very_sparse
xes3g5m,learner_based,4,836,34,5,8,sparse
xes3g5m,learner_based,4,837,1,0,0,very_sparse
xes3g5m,learner_based,4,838,1,0,4,very_sparse
xes3g5m,learner_based,4,839,20,1,2,sparse
xes3g5m,learner_based,4,84,1930,283,594,dense
xes3g5m,learner_based,4,840,0,1,0,strict_cold_start
xes3g5m,learner_based,4,841,2,2,2,very_sparse
xes3g5m,learner_based,4,842,0,1,2,strict_cold_start
xes3g5m,learner_based,4,843,1,0,0,very_sparse
xes3g5m,learner_based,4,844,5,0,2,very_sparse
xes3g5m,learner_based,4,845,5,0,2,very_sparse
xes3g5m,learner_based,4,846,3,0,2,very_sparse
xes3g5m,learner_based,4,847,1,0,0,very_sparse
xes3g5m,learner_based,4,848,5,0,2,very_sparse
xes3g5m,learner_based,4,849,12,0,4,very_sparse
xes3g5m,learner_based,4,85,1558,239,501,dense
xes3g5m,learner_based,4,850,7,0,2,very_sparse
xes3g5m,learner_based,4,851,0,0,1,strict_cold_start
xes3g5m,learner_based,4,852,2,0,0,very_sparse
xes3g5m,learner_based,4,853,6,0,0,very_sparse
xes3g5m,learner_based,4,854,4,0,0,very_sparse
xes3g5m,learner_based,4,855,2,0,0,very_sparse
xes3g5m,learner_based,4,856,2,0,0,very_sparse
xes3g5m,learner_based,4,857,3,0,0,very_sparse
xes3g5m,learner_based,4,858,4,0,2,very_sparse
xes3g5m,learner_based,4,859,8,0,3,very_sparse
xes3g5m,learner_based,4,86,7804,1184,2197,dense
xes3g5m,learner_based,4,860,0,0,1,strict_cold_start
xes3g5m,learner_based,4,861,0,0,1,strict_cold_start
xes3g5m,learner_based,4,862,0,0,1,strict_cold_start
xes3g5m,learner_based,4,863,0,0,2,strict_cold_start
xes3g5m,learner_based,4,864,3,0,1,very_sparse
xes3g5m,learner_based,4,87,7151,1067,1995,dense
xes3g5m,learner_based,4,88,34582,4920,9879,dense
xes3g5m,learner_based,4,89,816,120,250,dense
xes3g5m,learner_based,4,9,24400,3501,6903,dense
xes3g5m,learner_based,4,90,127,15,36,medium
xes3g5m,learner_based,4,91,26166,3717,7446,dense
xes3g5m,learner_based,4,92,5208,770,1532,dense
xes3g5m,learner_based,4,93,3320,473,988,dense
xes3g5m,learner_based,4,94,929,116,255,dense
xes3g5m,learner_based,4,95,1212,187,332,dense
xes3g5m,learner_based,4,96,2900,399,856,dense
xes3g5m,learner_based,4,97,1330,227,404,dense
xes3g5m,learner_based,4,98,5106,831,1545,dense
xes3g5m,learner_based,4,99,10778,1630,3195,dense
xes3g5m,temporal,0,0,6235,3,1567,dense
xes3g5m,temporal,0,1,3873,2,4546,dense
xes3g5m,temporal,0,10,24110,11,15076,dense
xes3g5m,temporal,0,100,2119,87,772,dense
xes3g5m,temporal,0,101,7328,80,2881,dense
xes3g5m,temporal,0,102,31817,2783,130,dense
xes3g5m,temporal,0,103,2278,242,5,dense
xes3g5m,temporal,0,104,33123,478,12054,dense
xes3g5m,temporal,0,105,1229,1422,766,dense
xes3g5m,temporal,0,106,17747,21695,764,dense
xes3g5m,temporal,0,107,3065,1476,482,dense
xes3g5m,temporal,0,108,37440,10994,593,dense
xes3g5m,temporal,0,109,41618,2965,79,dense
xes3g5m,temporal,0,11,12692,11,6246,dense
xes3g5m,temporal,0,110,0,1079,2,strict_cold_start
xes3g5m,temporal,0,111,745,723,2,dense
xes3g5m,temporal,0,112,1579,16870,1576,dense
xes3g5m,temporal,0,113,0,912,251,strict_cold_start
xes3g5m,temporal,0,114,523,14241,1129,dense
xes3g5m,temporal,0,115,523,5110,81,dense
xes3g5m,temporal,0,116,0,4415,17,strict_cold_start
xes3g5m,temporal,0,117,9501,376,58,dense
xes3g5m,temporal,0,118,0,6866,1292,strict_cold_start
xes3g5m,temporal,0,119,10657,1169,689,dense
xes3g5m,temporal,0,12,14356,15,13,dense
xes3g5m,temporal,0,120,607,557,1084,dense
xes3g5m,temporal,0,121,17139,669,1081,dense
xes3g5m,temporal,0,122,0,459,1820,strict_cold_start
xes3g5m,temporal,0,123,0,2,27909,strict_cold_start
xes3g5m,temporal,0,124,0,3,20119,strict_cold_start
xes3g5m,temporal,0,125,0,0,3525,strict_cold_start
xes3g5m,temporal,0,126,329,1,1831,medium
xes3g5m,temporal,0,127,1724,1,12225,dense
xes3g5m,temporal,0,128,1188,0,7102,dense
xes3g5m,temporal,0,129,0,0,1813,strict_cold_start
xes3g5m,temporal,0,13,6828,2,0,dense
xes3g5m,temporal,0,130,0,0,6963,strict_cold_start
xes3g5m,temporal,0,131,0,0,14884,strict_cold_start
xes3g5m,temporal,0,132,14154,2120,3490,dense
xes3g5m,temporal,0,133,7932,1506,1414,dense
xes3g5m,temporal,0,134,6009,10,6357,dense
xes3g5m,temporal,0,135,2369,709,17301,dense
xes3g5m,temporal,0,136,62,6,482,sparse
xes3g5m,temporal,0,137,0,0,3085,strict_cold_start
xes3g5m,temporal,0,138,4734,65366,22032,dense
xes3g5m,temporal,0,139,27803,29,2552,dense
xes3g5m,temporal,0,14,4803,5662,28055,dense
xes3g5m,temporal,0,140,11725,2,37799,dense
xes3g5m,temporal,0,141,5669,2,398,dense
xes3g5m,temporal,0,142,21219,1,1,dense
xes3g5m,temporal,0,143,5901,0,0,dense
xes3g5m,temporal,0,144,12190,100,9,dense
xes3g5m,temporal,0,145,11839,1,0,dense
xes3g5m,temporal,0,146,12714,0,68,dense
xes3g5m,temporal,0,147,21052,14,0,dense
xes3g5m,temporal,0,148,16465,656,39,dense
xes3g5m,temporal,0,149,8692,11,0,dense
xes3g5m,temporal,0,15,3323,8,323,dense
xes3g5m,temporal,0,150,8470,0,0,dense
xes3g5m,temporal,0,151,3384,3,0,dense
xes3g5m,temporal,0,152,8032,0,1,dense
xes3g5m,temporal,0,153,5934,0,2,dense
xes3g5m,temporal,0,154,11304,2,2,dense
xes3g5m,temporal,0,155,105240,214,6,dense
xes3g5m,temporal,0,156,5180,8,0,dense
xes3g5m,temporal,0,157,29624,43,7,dense
xes3g5m,temporal,0,158,3507,6,0,dense
xes3g5m,temporal,0,159,2605,293,0,dense
xes3g5m,temporal,0,16,15990,0,1937,dense
xes3g5m,temporal,0,160,12923,39,2,dense
xes3g5m,temporal,0,161,17736,48,11,dense
xes3g5m,temporal,0,162,30160,179,133,dense
xes3g5m,temporal,0,163,7274,20,592,dense
xes3g5m,temporal,0,164,23715,56,13,dense
xes3g5m,temporal,0,165,26342,72,1231,dense
xes3g5m,temporal,0,166,56257,221,29839,dense
xes3g5m,temporal,0,167,8729,26,6317,dense
xes3g5m,temporal,0,168,45694,104,13,dense
xes3g5m,temporal,0,169,18272,536,483,dense
xes3g5m,temporal,0,17,3048,1,6037,dense
xes3g5m,temporal,0,170,23047,51,18659,dense
xes3g5m,temporal,0,171,7118,43,5,dense
xes3g5m,temporal,0,172,27093,44,28,dense
xes3g5m,temporal,0,173,7069,17,2840,dense
xes3g5m,temporal,0,174,11131,36,65,dense
xes3g5m,temporal,0,175,11019,60,965,dense
xes3g5m,temporal,0,176,7423,23,8544,dense
xes3g5m,temporal,0,177,38783,630,4330,dense
xes3g5m,temporal,0,178,8288,22,4,dense
xes3g5m,temporal,0,179,49418,168,987,dense
xes3g5m,temporal,0,18,113995,242,36230,dense
xes3g5m,temporal,0,180,14587,43,39796,dense
xes3g5m,temporal,0,181,8142,24,4,dense
xes3g5m,temporal,0,182,10866,35,3,dense
xes3g5m,temporal,0,183,52860,264,28,dense
xes3g5m,temporal,0,184,8716,33,8,dense
xes3g5m,temporal,0,185,6066,29,3,dense
xes3g5m,temporal,0,186,2441,17,1,dense
xes3g5m,temporal,0,187,33457,149,6,dense
xes3g5m,temporal,0,188,44974,88,8,dense
xes3g5m,temporal,0,189,7416,52,4968,dense
xes3g5m,temporal,0,19,1056,0,0,dense
xes3g5m,temporal,0,190,3700,41,2,dense
xes3g5m,temporal,0,191,4614,909,0,dense
xes3g5m,temporal,0,192,26328,8137,5,dense
xes3g5m,temporal,0,193,10300,2464,0,dense
xes3g5m,temporal,0,194,8431,2407,0,dense
xes3g5m,temporal,0,195,6071,1716,123,dense
xes3g5m,temporal,0,196,6197,1361,0,dense
xes3g5m,temporal,0,197,3767,712,0,dense
xes3g5m,temporal,0,198,33571,10770,16,dense
xes3g5m,temporal,0,199,9198,3092,0,dense
xes3g5m,temporal,0,2,13306,24,34921,dense
xes3g5m,temporal,0,20,8446,8,0,dense
xes3g5m,temporal,0,200,25107,5158,15,dense
xes3g5m,temporal,0,201,3880,1131,0,dense
xes3g5m,temporal,0,202,8884,1895,0,dense
xes3g5m,temporal,0,203,20074,1605,1620,dense
xes3g5m,temporal,0,204,9292,33901,4618,dense
xes3g5m,temporal,0,205,957,10008,5133,dense
xes3g5m,temporal,0,206,0,49347,2740,strict_cold_start
xes3g5m,temporal,0,207,0,17654,1437,strict_cold_start
xes3g5m,temporal,0,208,25544,50336,13282,dense
xes3g5m,temporal,0,209,345,12467,3219,medium
xes3g5m,temporal,0,21,660,1,0,dense
xes3g5m,temporal,0,210,0,6198,544,strict_cold_start
xes3g5m,temporal,0,211,1818,6345,642,dense
xes3g5m,temporal,0,212,2345,13804,4334,dense
xes3g5m,temporal,0,213,7989,8627,17601,dense
xes3g5m,temporal,0,214,6215,17013,28032,dense
xes3g5m,temporal,0,215,0,789,1666,strict_cold_start
xes3g5m,temporal,0,216,4454,246,561,dense
xes3g5m,temporal,0,217,322,2299,5468,medium
xes3g5m,temporal,0,218,358,639,6838,medium
xes3g5m,temporal,0,219,1,248,4706,very_sparse
xes3g5m,temporal,0,22,3044,5,0,dense
xes3g5m,temporal,0,220,4790,1954,22494,dense
xes3g5m,temporal,0,221,4557,1010,5434,dense
xes3g5m,temporal,0,222,190,0,35950,medium
xes3g5m,temporal,0,223,1620,0,19302,dense
xes3g5m,temporal,0,224,1873,5,4751,dense
xes3g5m,temporal,0,225,0,0,13117,strict_cold_start
xes3g5m,temporal,0,226,0,0,7341,strict_cold_start
xes3g5m,temporal,0,227,2485,858,17087,dense
xes3g5m,temporal,0,228,7994,1,1,dense
xes3g5m,temporal,0,229,17307,22,0,dense
xes3g5m,temporal,0,23,7145,1818,20974,dense
xes3g5m,temporal,0,230,4584,4,0,dense
xes3g5m,temporal,0,231,19073,0,0,dense
xes3g5m,temporal,0,232,40699,1,1,dense
xes3g5m,temporal,0,233,10730,1,0,dense
xes3g5m,temporal,0,234,11184,1,0,dense
xes3g5m,temporal,0,235,13256,8,1,dense
xes3g5m,temporal,0,236,17297,0,0,dense
xes3g5m,temporal,0,237,17435,1369,801,dense
xes3g5m,temporal,0,238,2464,0,9173,dense
xes3g5m,temporal,0,239,10666,1484,4,dense
xes3g5m,temporal,0,24,53581,3560,42686,dense
xes3g5m,temporal,0,240,11738,602,6,dense
xes3g5m,temporal,0,241,15099,1972,3,dense
xes3g5m,temporal,0,242,9763,425,22,dense
xes3g5m,temporal,0,243,11640,4,396,dense
xes3g5m,temporal,0,244,7227,1,1564,dense
xes3g5m,temporal,0,245,2163,3,0,dense
xes3g5m,temporal,0,246,2278,5,77,dense
xes3g5m,temporal,0,247,2749,1,3608,dense
xes3g5m,temporal,0,248,9199,5490,0,dense
xes3g5m,temporal,0,249,8815,2,0,dense
xes3g5m,temporal,0,25,9308,25,390,dense
xes3g5m,temporal,0,250,5672,1,0,dense
xes3g5m,temporal,0,251,5461,273,1,dense
xes3g5m,temporal,0,252,24858,4044,1,dense
xes3g5m,temporal,0,253,9033,660,2,dense
xes3g5m,temporal,0,254,1557,0,0,dense
xes3g5m,temporal,0,255,1757,3,0,dense
xes3g5m,temporal,0,256,4885,4,0,dense
xes3g5m,temporal,0,257,71404,13119,911,dense
xes3g5m,temporal,0,258,18050,1274,309,dense
xes3g5m,temporal,0,259,4030,5,0,dense
xes3g5m,temporal,0,26,8491,15,1610,dense
xes3g5m,temporal,0,260,26151,4541,143,dense
xes3g5m,temporal,0,261,20598,147,4,dense
xes3g5m,temporal,0,262,11483,2,1,dense
xes3g5m,temporal,0,263,29357,19,3,dense
xes3g5m,temporal,0,264,10527,8,0,dense
xes3g5m,temporal,0,265,9221,12,2,dense
xes3g5m,temporal,0,266,4981,6,52749,dense
xes3g5m,temporal,0,267,1790,0,70,dense
xes3g5m,temporal,0,268,1995,1,0,dense
xes3g5m,temporal,0,269,1125,4,0,dense
xes3g5m,temporal,0,27,447,1,56,medium
xes3g5m,temporal,0,270,1299,5,3200,dense
xes3g5m,temporal,0,271,10702,12,4,dense
xes3g5m,temporal,0,272,18293,3646,1596,dense
xes3g5m,temporal,0,273,950,4,0,dense
xes3g5m,temporal,0,274,1164,12,4,dense
xes3g5m,temporal,0,275,1479,49,3,dense
xes3g5m,temporal,0,276,2083,34,3,dense
xes3g5m,temporal,0,277,8585,68,35,dense
xes3g5m,temporal,0,278,2460,8,0,dense
xes3g5m,temporal,0,279,3590,36,566,dense
xes3g5m,temporal,0,28,3507,7,450,dense
xes3g5m,temporal,0,280,2165,64,0,dense
xes3g5m,temporal,0,281,331,10,84,medium
xes3g5m,temporal,0,282,997,30,1599,dense
xes3g5m,temporal,0,283,0,4794,1566,strict_cold_start
xes3g5m,temporal,0,284,1090,347,934,dense
xes3g5m,temporal,0,285,2886,1831,1391,dense
xes3g5m,temporal,0,286,474,90,208,medium
xes3g5m,temporal,0,287,1869,888,642,dense
xes3g5m,temporal,0,288,0,3,2540,strict_cold_start
xes3g5m,temporal,0,289,567,420,175,dense
xes3g5m,temporal,0,29,5745,10,0,dense
xes3g5m,temporal,0,290,244,0,2195,medium
xes3g5m,temporal,0,291,1217,0,3623,dense
xes3g5m,temporal,0,292,0,0,4045,strict_cold_start
xes3g5m,temporal,0,293,0,0,3237,strict_cold_start
xes3g5m,temporal,0,294,527,23,5056,dense
xes3g5m,temporal,0,295,0,0,2769,strict_cold_start
xes3g5m,temporal,0,296,233,2,3528,medium
xes3g5m,temporal,0,297,0,0,1707,strict_cold_start
xes3g5m,temporal,0,298,0,0,829,strict_cold_start
xes3g5m,temporal,0,299,566,847,3044,dense
xes3g5m,temporal,0,3,16263,3,0,dense
xes3g5m,temporal,0,30,20318,3,0,dense
xes3g5m,temporal,0,300,161,472,5022,medium
xes3g5m,temporal,0,301,2693,2,15770,dense
xes3g5m,temporal,0,302,1909,1,0,dense
xes3g5m,temporal,0,303,9140,1904,2222,dense
xes3g5m,temporal,0,304,5001,8,0,dense
xes3g5m,temporal,0,305,1538,0,0,dense
xes3g5m,temporal,0,306,1448,0,0,dense
xes3g5m,temporal,0,307,16636,54,3,dense
xes3g5m,temporal,0,308,2222,4,0,dense
xes3g5m,temporal,0,309,92,0,0,sparse
xes3g5m,temporal,0,31,7475,8,2,dense
xes3g5m,temporal,0,310,1723,3,0,dense
xes3g5m,temporal,0,311,11545,1,0,dense
xes3g5m,temporal,0,312,893,0,0,dense
xes3g5m,temporal,0,313,15956,7,2,dense
xes3g5m,temporal,0,314,1058,0,0,dense
xes3g5m,temporal,0,315,1797,8,0,dense
xes3g5m,temporal,0,316,779,0,0,dense
xes3g5m,temporal,0,317,2339,0,0,dense
xes3g5m,temporal,0,318,1561,3,0,dense
xes3g5m,temporal,0,319,538,0,0,dense
xes3g5m,temporal,0,32,59215,5037,22,dense
xes3g5m,temporal,0,320,2184,4,1,dense
xes3g5m,temporal,0,321,1504,3,1,dense
xes3g5m,temporal,0,322,2058,0,0,dense
xes3g5m,temporal,0,323,2088,3,5,dense
xes3g5m,temporal,0,324,2227,5,5,dense
xes3g5m,temporal,0,325,3704,8,0,dense
xes3g5m,temporal,0,326,1097,1,5906,dense
xes3g5m,temporal,0,327,3228,3,1496,dense
xes3g5m,temporal,0,328,179,1,0,medium
xes3g5m,temporal,0,329,9036,56,2,dense
xes3g5m,temporal,0,33,55957,3938,72,dense
xes3g5m,temporal,0,330,24355,108,9,dense
xes3g5m,temporal,0,331,616,2,0,dense
xes3g5m,temporal,0,332,2940,15,5,dense
xes3g5m,temporal,0,333,548,0,0,dense
xes3g5m,temporal,0,334,2843,13,0,dense
xes3g5m,temporal,0,335,26429,93,19,dense
xes3g5m,temporal,0,336,32414,808,51,dense
xes3g5m,temporal,0,337,7369,38,4,dense
xes3g5m,temporal,0,338,1820,13,1078,dense
xes3g5m,temporal,0,339,5483,325,0,dense
xes3g5m,temporal,0,34,73387,270,108,dense
xes3g5m,temporal,0,340,16321,2915,0,dense
xes3g5m,temporal,0,341,6134,988,0,dense
xes3g5m,temporal,0,342,6134,988,0,dense
xes3g5m,temporal,0,343,13131,1948,0,dense
xes3g5m,temporal,0,344,3269,1191,2,dense
xes3g5m,temporal,0,345,526,23,0,dense
xes3g5m,temporal,0,346,256,11,0,medium
xes3g5m,temporal,0,347,262,11,0,medium
xes3g5m,temporal,0,348,619,44,0,dense
xes3g5m,temporal,0,349,12402,1775,268,dense
xes3g5m,temporal,0,35,18345,39,64,dense
xes3g5m,temporal,0,350,2118,540,0,dense
xes3g5m,temporal,0,351,4909,447,0,dense
xes3g5m,temporal,0,352,2233,9771,1964,dense
xes3g5m,temporal,0,353,3,421,40,very_sparse
xes3g5m,temporal,0,354,0,434,45,strict_cold_start
xes3g5m,temporal,0,355,0,1797,2248,strict_cold_start
xes3g5m,temporal,0,356,0,1462,1046,strict_cold_start
xes3g5m,temporal,0,357,1338,460,1506,dense
xes3g5m,temporal,0,358,0,22,1338,strict_cold_start
xes3g5m,temporal,0,359,3711,12,21043,dense
xes3g5m,temporal,0,36,16887,208,346,dense
xes3g5m,temporal,0,360,55,0,7154,sparse
xes3g5m,temporal,0,361,244,2,9434,medium
xes3g5m,temporal,0,362,1,0,12797,very_sparse
xes3g5m,temporal,0,363,880,4,14966,dense
xes3g5m,temporal,0,364,787,1,616,dense
xes3g5m,temporal,0,365,12120,1,207,dense
xes3g5m,temporal,0,366,5229,1,4225,dense
xes3g5m,temporal,0,367,9189,59,1,dense
xes3g5m,temporal,0,368,3799,30,2,dense
xes3g5m,temporal,0,369,2394,14,2,dense
xes3g5m,temporal,0,37,17115,45,2,dense
xes3g5m,temporal,0,370,1925,8,12,dense
xes3g5m,temporal,0,371,5622,23,2,dense
xes3g5m,temporal,0,372,2749,17,0,dense
xes3g5m,temporal,0,373,5850,2698,1,dense
xes3g5m,temporal,0,374,8950,37,1,dense
xes3g5m,temporal,0,375,1871,24,0,dense
xes3g5m,temporal,0,376,4614,26,0,dense
xes3g5m,temporal,0,377,2522,10,0,dense
xes3g5m,temporal,0,378,12705,46,47,dense
xes3g5m,temporal,0,379,23824,254,6,dense
xes3g5m,temporal,0,38,11393,347,58,dense
xes3g5m,temporal,0,380,3979,1356,0,dense
xes3g5m,temporal,0,381,4092,548,0,dense
xes3g5m,temporal,0,382,3045,912,0,dense
xes3g5m,temporal,0,383,1033,371,0,dense
xes3g5m,temporal,0,384,1528,588,0,dense
xes3g5m,temporal,0,385,1324,270,0,dense
xes3g5m,temporal,0,386,2438,878,121,dense
xes3g5m,temporal,0,387,0,3451,566,strict_cold_start
xes3g5m,temporal,0,388,340,175,4222,medium
xes3g5m,temporal,0,389,4274,488,5974,dense
xes3g5m,temporal,0,39,12652,9,1296,dense
xes3g5m,temporal,0,390,1,0,7391,very_sparse
xes3g5m,temporal,0,391,0,0,3996,strict_cold_start
xes3g5m,temporal,0,392,134,0,10413,medium
xes3g5m,temporal,0,393,0,0,3577,strict_cold_start
xes3g5m,temporal,0,394,0,0,5551,strict_cold_start
xes3g5m,temporal,0,395,2669,0,0,dense
xes3g5m,temporal,0,396,2278,0,0,dense
xes3g5m,temporal,0,397,980,0,0,dense
xes3g5m,temporal,0,398,823,74,389,dense
xes3g5m,temporal,0,399,947,0,0,dense
xes3g5m,temporal,0,4,945,0,0,dense
xes3g5m,temporal,0,40,8307,62,0,dense
xes3g5m,temporal,0,400,1251,36,0,dense
xes3g5m,temporal,0,401,8317,0,2,dense
xes3g5m,temporal,0,402,16260,4,0,dense
xes3g5m,temporal,0,403,1314,0,0,dense
xes3g5m,temporal,0,404,1596,2,73,dense
xes3g5m,temporal,0,405,3949,87,0,dense
xes3g5m,temporal,0,406,1164,5,0,dense
xes3g5m,temporal,0,407,5542,7,0,dense
xes3g5m,temporal,0,408,6546,102,903,dense
xes3g5m,temporal,0,409,281,4871,1426,medium
xes3g5m,temporal,0,41,37295,8008,0,dense
xes3g5m,temporal,0,410,0,4796,73,strict_cold_start
xes3g5m,temporal,0,411,280,4796,73,medium
xes3g5m,temporal,0,412,243,4797,73,medium
xes3g5m,temporal,0,413,8555,1247,1542,dense
xes3g5m,temporal,0,414,0,0,2269,strict_cold_start
xes3g5m,temporal,0,415,302,25,0,medium
xes3g5m,temporal,0,416,104,0,0,medium
xes3g5m,temporal,0,417,104,0,0,medium
xes3g5m,temporal,0,418,448,0,27,medium
xes3g5m,temporal,0,419,761,0,0,dense
xes3g5m,temporal,0,42,3695,3,2,dense
xes3g5m,temporal,0,420,1455,7,0,dense
xes3g5m,temporal,0,421,272,0,0,medium
xes3g5m,temporal,0,422,984,4,4655,dense
xes3g5m,temporal,0,423,76,0,0,sparse
xes3g5m,temporal,0,424,4007,10,0,dense
xes3g5m,temporal,0,425,4924,14,0,dense
xes3g5m,temporal,0,426,481,183,0,medium
xes3g5m,temporal,0,427,977,1,424,dense
xes3g5m,temporal,0,428,103,1,0,medium
xes3g5m,temporal,0,429,298,1,0,medium
xes3g5m,temporal,0,43,14415,3620,1,dense
xes3g5m,temporal,0,430,1806,3,0,dense
xes3g5m,temporal,0,431,6240,117,24,dense
xes3g5m,temporal,0,432,365,1,0,medium
xes3g5m,temporal,0,433,194,0,0,medium
xes3g5m,temporal,0,434,272,0,0,medium
xes3g5m,temporal,0,435,3160,3,0,dense
xes3g5m,temporal,0,436,264,0,860,medium
xes3g5m,temporal,0,437,429,1,0,medium
xes3g5m,temporal,0,438,681,11,0,dense
xes3g5m,temporal,0,439,681,11,0,dense
xes3g5m,temporal,0,44,7285,1051,2,dense
xes3g5m,temporal,0,440,443,4,0,medium
xes3g5m,temporal,0,441,1477,21,0,dense
xes3g5m,temporal,0,442,97,0,0,sparse
xes3g5m,temporal,0,443,875,5,0,dense
xes3g5m,temporal,0,444,245,4,0,medium
xes3g5m,temporal,0,445,93,0,0,sparse
xes3g5m,temporal,0,446,854,0,0,dense
xes3g5m,temporal,0,447,8584,57,48,dense
xes3g5m,temporal,0,448,21375,114,1885,dense
xes3g5m,temporal,0,449,212,11,0,medium
xes3g5m,temporal,0,45,558,0,0,dense
xes3g5m,temporal,0,450,825,187,0,dense
xes3g5m,temporal,0,451,60,1625,0,sparse
xes3g5m,temporal,0,452,441,2,0,medium
xes3g5m,temporal,0,453,142,2,0,medium
xes3g5m,temporal,0,454,70,5,0,sparse
xes3g5m,temporal,0,455,67,5,0,sparse
xes3g5m,temporal,0,456,0,183,0,strict_cold_start
xes3g5m,temporal,0,457,244,307,0,medium
xes3g5m,temporal,0,458,0,181,0,strict_cold_start
xes3g5m,temporal,0,459,0,237,0,strict_cold_start
xes3g5m,temporal,0,46,12592,8,0,dense
xes3g5m,temporal,0,460,0,237,0,strict_cold_start
xes3g5m,temporal,0,461,0,291,0,strict_cold_start
xes3g5m,temporal,0,462,4650,535,5,dense
xes3g5m,temporal,0,463,1311,0,0,dense
xes3g5m,temporal,0,464,984,0,0,dense
xes3g5m,temporal,0,465,1311,1,0,dense
xes3g5m,temporal,0,466,3655,1,72,dense
xes3g5m,temporal,0,467,2429,1,0,dense
xes3g5m,temporal,0,468,16536,311,6,dense
xes3g5m,temporal,0,469,0,0,1594,strict_cold_start
xes3g5m,temporal,0,47,3528,3,2,dense
xes3g5m,temporal,0,470,7052,0,0,dense
xes3g5m,temporal,0,471,13038,23,806,dense
xes3g5m,temporal,0,472,1984,553,0,dense
xes3g5m,temporal,0,473,3207,719,0,dense
xes3g5m,temporal,0,474,2848,653,0,dense
xes3g5m,temporal,0,475,1549,0,0,dense
xes3g5m,temporal,0,476,2015,0,0,dense
xes3g5m,temporal,0,477,5566,3,0,dense
xes3g5m,temporal,0,478,5304,3,51,dense
xes3g5m,temporal,0,479,2903,0,0,dense
xes3g5m,temporal,0,48,2931,0,0,dense
xes3g5m,temporal,0,480,3095,3,6089,dense
xes3g5m,temporal,0,481,1,2489,0,very_sparse
xes3g5m,temporal,0,482,138,1887,36,medium
xes3g5m,temporal,0,483,0,2699,0,strict_cold_start
xes3g5m,temporal,0,484,311,2621,0,medium
xes3g5m,temporal,0,485,0,0,2142,strict_cold_start
xes3g5m,temporal,0,486,0,0,3563,strict_cold_start
xes3g5m,temporal,0,487,0,0,2246,strict_cold_start
xes3g5m,temporal,0,488,3309,2,0,dense
xes3g5m,temporal,0,489,3407,10,1,dense
xes3g5m,temporal,0,49,334,0,0,medium
xes3g5m,temporal,0,490,957,6,0,dense
xes3g5m,temporal,0,491,1888,10,1,dense
xes3g5m,temporal,0,492,0,0,1176,strict_cold_start
xes3g5m,temporal,0,493,0,0,585,strict_cold_start
xes3g5m,temporal,0,494,679,0,0,dense
xes3g5m,temporal,0,495,419,0,0,medium
xes3g5m,temporal,0,496,1464,0,0,dense
xes3g5m,temporal,0,497,1606,0,0,dense
xes3g5m,temporal,0,498,1934,3,0,dense
xes3g5m,temporal,0,499,1400,17,0,dense
xes3g5m,temporal,0,5,10316,3,16133,dense
xes3g5m,temporal,0,50,345,0,0,medium
xes3g5m,temporal,0,500,976,56,0,dense
xes3g5m,temporal,0,501,0,2570,63,strict_cold_start
xes3g5m,temporal,0,502,1127,0,1174,dense
xes3g5m,temporal,0,503,0,94,1161,strict_cold_start
xes3g5m,temporal,0,504,0,0,2856,strict_cold_start
xes3g5m,temporal,0,505,22,0,1844,sparse
xes3g5m,temporal,0,506,685,0,0,dense
xes3g5m,temporal,0,507,499,0,0,medium
xes3g5m,temporal,0,508,2164,4,38,dense
xes3g5m,temporal,0,509,501,1,0,dense
xes3g5m,temporal,0,51,6700,0,0,dense
xes3g5m,temporal,0,510,885,4,16,dense
xes3g5m,temporal,0,511,595,1,0,dense
xes3g5m,temporal,0,512,857,1,0,dense
xes3g5m,temporal,0,513,1314,18,3,dense
xes3g5m,temporal,0,514,503,2,1,dense
xes3g5m,temporal,0,515,578,0,0,dense
xes3g5m,temporal,0,516,913,0,0,dense
xes3g5m,temporal,0,517,321,65,326,medium
xes3g5m,temporal,0,518,1583,288,0,dense
xes3g5m,temporal,0,519,191,45,769,medium
xes3g5m,temporal,0,52,1978,2,0,dense
xes3g5m,temporal,0,520,356,34,0,medium
xes3g5m,temporal,0,521,705,30,0,dense
xes3g5m,temporal,0,522,408,21,396,medium
xes3g5m,temporal,0,523,231,66,0,medium
xes3g5m,temporal,0,524,385,62,0,medium
xes3g5m,temporal,0,525,64,45,0,sparse
xes3g5m,temporal,0,526,0,2183,27,strict_cold_start
xes3g5m,temporal,0,527,224,0,0,medium
xes3g5m,temporal,0,528,638,38,0,dense
xes3g5m,temporal,0,529,214,0,556,medium
xes3g5m,temporal,0,53,972,2,0,dense
xes3g5m,temporal,0,530,1245,3,0,dense
xes3g5m,temporal,0,531,1000,356,0,dense
xes3g5m,temporal,0,532,222,1,0,medium
xes3g5m,temporal,0,533,206,1,0,medium
xes3g5m,temporal,0,534,389,2,0,medium
xes3g5m,temporal,0,535,568,3,0,dense
xes3g5m,temporal,0,536,2430,52,0,dense
xes3g5m,temporal,0,537,315,53,0,medium
xes3g5m,temporal,0,538,228,38,0,medium
xes3g5m,temporal,0,539,228,38,0,medium
xes3g5m,temporal,0,54,6561,1,0,dense
xes3g5m,temporal,0,540,279,48,13,medium
xes3g5m,temporal,0,541,286,64,99,medium
xes3g5m,temporal,0,542,153,25,0,medium
xes3g5m,temporal,0,543,410,35,0,medium
xes3g5m,temporal,0,544,193,24,0,medium
xes3g5m,temporal,0,545,977,37,0,dense
xes3g5m,temporal,0,546,7358,28,0,dense
xes3g5m,temporal,0,547,297,17,0,medium
xes3g5m,temporal,0,548,293,33,0,medium
xes3g5m,temporal,0,549,330,42,0,medium
xes3g5m,temporal,0,55,119633,271,13,dense
xes3g5m,temporal,0,550,0,0,230,strict_cold_start
xes3g5m,temporal,0,551,0,0,58,strict_cold_start
xes3g5m,temporal,0,552,0,0,36,strict_cold_start
xes3g5m,temporal,0,553,0,0,194,strict_cold_start
xes3g5m,temporal,0,554,40,0,201,sparse
xes3g5m,temporal,0,555,0,0,81,strict_cold_start
xes3g5m,temporal,0,556,0,0,63,strict_cold_start
xes3g5m,temporal,0,557,0,0,53,strict_cold_start
xes3g5m,temporal,0,558,0,0,830,strict_cold_start
xes3g5m,temporal,0,559,109,0,0,medium
xes3g5m,temporal,0,56,68583,609,19,dense
xes3g5m,temporal,0,560,145,0,0,medium
xes3g5m,temporal,0,561,70,0,0,sparse
xes3g5m,temporal,0,562,1422,0,0,dense
xes3g5m,temporal,0,563,169,0,0,medium
xes3g5m,temporal,0,564,355,0,0,medium
xes3g5m,temporal,0,565,616,0,0,dense
xes3g5m,temporal,0,566,354,2,0,medium
xes3g5m,temporal,0,567,399,10,0,medium
xes3g5m,temporal,0,568,284,3,6,medium
xes3g5m,temporal,0,569,379,2,0,medium
xes3g5m,temporal,0,57,85067,350,820,dense
xes3g5m,temporal,0,570,158,2,0,medium
xes3g5m,temporal,0,571,405,1,0,medium
xes3g5m,temporal,0,572,197,17,0,medium
xes3g5m,temporal,0,573,167,23,0,medium
xes3g5m,temporal,0,574,371,73,0,medium
xes3g5m,temporal,0,575,130,56,0,medium
xes3g5m,temporal,0,576,451,0,0,medium
xes3g5m,temporal,0,577,363,1,0,medium
xes3g5m,temporal,0,578,455,0,0,medium
xes3g5m,temporal,0,579,913,1,0,dense
xes3g5m,temporal,0,58,25685,125,3,dense
xes3g5m,temporal,0,580,810,10,17,dense
xes3g5m,temporal,0,581,1088,57,1,dense
xes3g5m,temporal,0,582,0,0,2162,strict_cold_start
xes3g5m,temporal,0,583,0,0,1074,strict_cold_start
xes3g5m,temporal,0,584,0,0,474,strict_cold_start
xes3g5m,temporal,0,585,1016,0,2,dense
xes3g5m,temporal,0,586,4640,0,0,dense
xes3g5m,temporal,0,587,888,0,0,dense
xes3g5m,temporal,0,588,443,0,0,medium
xes3g5m,temporal,0,589,429,0,0,medium
xes3g5m,temporal,0,59,12601,70,1,dense
xes3g5m,temporal,0,590,80,0,0,sparse
xes3g5m,temporal,0,591,83,0,0,sparse
xes3g5m,temporal,0,592,105,1,0,medium
xes3g5m,temporal,0,593,418,0,0,medium
xes3g5m,temporal,0,594,499,0,0,medium
xes3g5m,temporal,0,595,548,0,0,dense
xes3g5m,temporal,0,596,142,1,0,medium
xes3g5m,temporal,0,597,207,4,0,medium
xes3g5m,temporal,0,598,501,5,0,dense
xes3g5m,temporal,0,599,82,1,0,sparse
xes3g5m,temporal,0,6,28737,3,16308,dense
xes3g5m,temporal,0,60,2660,10,0,dense
xes3g5m,temporal,0,600,118,1,1,medium
xes3g5m,temporal,0,601,125,5,0,medium
xes3g5m,temporal,0,602,112,15,0,medium
xes3g5m,temporal,0,603,304,0,0,medium
xes3g5m,temporal,0,604,416,0,0,medium
xes3g5m,temporal,0,605,437,0,0,medium
xes3g5m,temporal,0,606,562,0,0,dense
xes3g5m,temporal,0,607,697,1,0,dense
xes3g5m,temporal,0,608,638,0,0,dense
xes3g5m,temporal,0,609,154,7,0,medium
xes3g5m,temporal,0,61,9831,56,133,dense
xes3g5m,temporal,0,610,283,54,0,medium
xes3g5m,temporal,0,611,245,55,0,medium
xes3g5m,temporal,0,612,1207,107,0,dense
xes3g5m,temporal,0,613,0,688,3,strict_cold_start
xes3g5m,temporal,0,614,0,0,516,strict_cold_start
xes3g5m,temporal,0,615,126,0,0,medium
xes3g5m,temporal,0,616,107,0,0,medium
xes3g5m,temporal,0,617,106,0,0,medium
xes3g5m,temporal,0,618,651,1,0,dense
xes3g5m,temporal,0,619,435,8,0,medium
xes3g5m,temporal,0,62,23071,40,0,dense
xes3g5m,temporal,0,620,153,2,0,medium
xes3g5m,temporal,0,621,0,0,46,strict_cold_start
xes3g5m,temporal,0,622,0,0,41,strict_cold_start
xes3g5m,temporal,0,623,461,16,0,medium
xes3g5m,temporal,0,624,1187,11,3,dense
xes3g5m,temporal,0,625,1497,3,0,dense
xes3g5m,temporal,0,626,748,15,95,dense
xes3g5m,temporal,0,627,0,0,428,strict_cold_start
xes3g5m,temporal,0,628,305,0,1,medium
xes3g5m,temporal,0,629,640,0,0,dense
xes3g5m,temporal,0,63,6918,49,2,dense
xes3g5m,temporal,0,630,0,0,188,strict_cold_start
xes3g5m,temporal,0,631,88,0,0,sparse
xes3g5m,temporal,0,632,87,0,0,sparse
xes3g5m,temporal,0,633,228,0,0,medium
xes3g5m,temporal,0,634,578,0,0,dense
xes3g5m,temporal,0,635,3774,0,0,dense
xes3g5m,temporal,0,636,384,4,0,medium
xes3g5m,temporal,0,637,332,1,0,medium
xes3g5m,temporal,0,638,243,52,0,medium
xes3g5m,temporal,0,639,198,32,0,medium
xes3g5m,temporal,0,64,31555,129,3384,dense
xes3g5m,temporal,0,640,607,0,0,dense
xes3g5m,temporal,0,641,0,116,10,strict_cold_start
xes3g5m,temporal,0,642,0,6,40,strict_cold_start
xes3g5m,temporal,0,643,1573,0,0,dense
xes3g5m,temporal,0,644,2016,4,2,dense
xes3g5m,temporal,0,645,1036,0,0,dense
xes3g5m,temporal,0,646,963,1,5,dense
xes3g5m,temporal,0,647,0,631,117,strict_cold_start
xes3g5m,temporal,0,648,0,307,30,strict_cold_start
xes3g5m,temporal,0,649,0,0,1367,strict_cold_start
xes3g5m,temporal,0,65,43892,66,0,dense
xes3g5m,temporal,0,650,0,1,1367,strict_cold_start
xes3g5m,temporal,0,651,274,0,0,medium
xes3g5m,temporal,0,652,252,3,0,medium
xes3g5m,temporal,0,653,463,1,0,medium
xes3g5m,temporal,0,654,584,2,0,dense
xes3g5m,temporal,0,655,744,1,0,dense
xes3g5m,temporal,0,656,652,5,1,dense
xes3g5m,temporal,0,657,1813,0,0,dense
xes3g5m,temporal,0,658,1967,0,0,dense
xes3g5m,temporal,0,659,2646,2,0,dense
xes3g5m,temporal,0,66,8135,4,15114,dense
xes3g5m,temporal,0,660,0,0,518,strict_cold_start
xes3g5m,temporal,0,661,166,4,0,medium
xes3g5m,temporal,0,662,94,0,0,sparse
xes3g5m,temporal,0,663,86,0,0,sparse
xes3g5m,temporal,0,664,76,0,0,sparse
xes3g5m,temporal,0,665,312,0,0,medium
xes3g5m,temporal,0,666,115,0,0,medium
xes3g5m,temporal,0,667,38,1,0,sparse
xes3g5m,temporal,0,668,102,8,0,medium
xes3g5m,temporal,0,669,38,1,0,sparse
xes3g5m,temporal,0,67,23569,3683,18,dense
xes3g5m,temporal,0,670,122,0,0,medium
xes3g5m,temporal,0,671,0,132,0,strict_cold_start
xes3g5m,temporal,0,672,64,0,0,sparse
xes3g5m,temporal,0,673,67,0,0,sparse
xes3g5m,temporal,0,674,63,0,0,sparse
xes3g5m,temporal,0,675,125,0,0,medium
xes3g5m,temporal,0,676,85,0,0,sparse
xes3g5m,temporal,0,677,77,0,0,sparse
xes3g5m,temporal,0,678,112,3,0,medium
xes3g5m,temporal,0,679,300,0,0,medium
xes3g5m,temporal,0,68,9801,25,615,dense
xes3g5m,temporal,0,680,402,1,0,medium
xes3g5m,temporal,0,681,956,1,0,dense
xes3g5m,temporal,0,682,348,0,0,medium
xes3g5m,temporal,0,683,41,108,0,sparse
xes3g5m,temporal,0,684,0,199,33,strict_cold_start
xes3g5m,temporal,0,685,0,0,162,strict_cold_start
xes3g5m,temporal,0,686,70,0,0,sparse
xes3g5m,temporal,0,687,266,0,0,medium
xes3g5m,temporal,0,688,229,0,0,medium
xes3g5m,temporal,0,689,453,0,0,medium
xes3g5m,temporal,0,69,12654,327,3,dense
xes3g5m,temporal,0,690,296,0,0,medium
xes3g5m,temporal,0,691,319,0,0,medium
xes3g5m,temporal,0,692,295,1,0,medium
xes3g5m,temporal,0,693,276,0,0,medium
xes3g5m,temporal,0,694,211,0,0,medium
xes3g5m,temporal,0,695,568,1,1,dense
xes3g5m,temporal,0,696,834,3,2,dense
xes3g5m,temporal,0,697,150,0,0,medium
xes3g5m,temporal,0,698,542,0,0,dense
xes3g5m,temporal,0,699,221,0,0,medium
xes3g5m,temporal,0,7,7693,0,9439,dense
xes3g5m,temporal,0,70,275,2,0,medium
xes3g5m,temporal,0,700,0,359,0,strict_cold_start
xes3g5m,temporal,0,701,0,54,0,strict_cold_start
xes3g5m,temporal,0,702,343,1,0,medium
xes3g5m,temporal,0,703,277,2,0,medium
xes3g5m,temporal,0,704,352,3,0,medium
xes3g5m,temporal,0,705,195,4,0,medium
xes3g5m,temporal,0,706,69,0,0,sparse
xes3g5m,temporal,0,707,92,0,0,sparse
xes3g5m,temporal,0,708,52,0,0,sparse
xes3g5m,temporal,0,709,406,0,0,medium
xes3g5m,temporal,0,71,1411,2629,0,dense
xes3g5m,temporal,0,710,68,0,0,sparse
xes3g5m,temporal,0,711,92,0,0,sparse
xes3g5m,temporal,0,712,0,0,150,strict_cold_start
xes3g5m,temporal,0,713,0,0,933,strict_cold_start
xes3g5m,temporal,0,714,162,0,0,medium
xes3g5m,temporal,0,715,127,1,0,medium
xes3g5m,temporal,0,716,0,0,63,strict_cold_start
xes3g5m,temporal,0,717,0,0,37,strict_cold_start
xes3g5m,temporal,0,718,2,0,32,very_sparse
xes3g5m,temporal,0,719,146,1,0,medium
xes3g5m,temporal,0,72,5348,59,3,dense
xes3g5m,temporal,0,720,148,0,0,medium
xes3g5m,temporal,0,721,266,2,0,medium
xes3g5m,temporal,0,722,72,0,0,sparse
xes3g5m,temporal,0,723,95,0,0,sparse
xes3g5m,temporal,0,724,5,0,0,very_sparse
xes3g5m,temporal,0,725,67,0,0,sparse
xes3g5m,temporal,0,726,74,0,0,sparse
xes3g5m,temporal,0,727,0,0,112,strict_cold_start
xes3g5m,temporal,0,728,151,0,0,medium
xes3g5m,temporal,0,729,0,67,0,strict_cold_start
xes3g5m,temporal,0,73,32976,7771,36626,dense
xes3g5m,temporal,0,730,41,0,18,sparse
xes3g5m,temporal,0,731,37,0,0,sparse
xes3g5m,temporal,0,732,125,0,0,medium
xes3g5m,temporal,0,733,153,0,0,medium
xes3g5m,temporal,0,734,230,0,0,medium
xes3g5m,temporal,0,735,82,0,0,sparse
xes3g5m,temporal,0,736,83,0,0,sparse
xes3g5m,temporal,0,737,48,0,0,sparse
xes3g5m,temporal,0,738,47,0,0,sparse
xes3g5m,temporal,0,739,11,0,0,very_sparse
xes3g5m,temporal,0,74,7522,43,6,dense
xes3g5m,temporal,0,740,0,0,71,strict_cold_start
xes3g5m,temporal,0,741,0,0,258,strict_cold_start
xes3g5m,temporal,0,742,0,0,258,strict_cold_start
xes3g5m,temporal,0,743,0,0,41,strict_cold_start
xes3g5m,temporal,0,744,0,0,85,strict_cold_start
xes3g5m,temporal,0,745,42,0,0,sparse
xes3g5m,temporal,0,746,57,1,0,sparse
xes3g5m,temporal,0,747,57,1,0,sparse
xes3g5m,temporal,0,748,64,5,0,sparse
xes3g5m,temporal,0,749,63,5,0,sparse
xes3g5m,temporal,0,75,460,4,0,medium
xes3g5m,temporal,0,750,75,5,0,sparse
xes3g5m,temporal,0,751,103,0,0,medium
xes3g5m,temporal,0,752,19,0,0,very_sparse
xes3g5m,temporal,0,753,19,0,0,very_sparse
xes3g5m,temporal,0,754,0,44,0,strict_cold_start
xes3g5m,temporal,0,755,63,2,0,sparse
xes3g5m,temporal,0,756,75,3,0,sparse
xes3g5m,temporal,0,757,24,3,0,sparse
xes3g5m,temporal,0,758,57,0,0,sparse
xes3g5m,temporal,0,759,50,0,0,sparse
xes3g5m,temporal,0,76,27461,164,4,dense
xes3g5m,temporal,0,760,43,7,0,sparse
xes3g5m,temporal,0,761,69,1,0,sparse
xes3g5m,temporal,0,762,57,0,0,sparse
xes3g5m,temporal,0,763,78,2,0,sparse
xes3g5m,temporal,0,764,68,1,0,sparse
xes3g5m,temporal,0,765,202,0,0,medium
xes3g5m,temporal,0,766,50,0,0,sparse
xes3g5m,temporal,0,767,0,0,39,strict_cold_start
xes3g5m,temporal,0,768,50,0,0,sparse
xes3g5m,temporal,0,769,17,11,0,very_sparse
xes3g5m,temporal,0,77,26352,127,7,dense
xes3g5m,temporal,0,770,0,0,65,strict_cold_start
xes3g5m,temporal,0,771,0,0,65,strict_cold_start
xes3g5m,temporal,0,772,0,0,136,strict_cold_start
xes3g5m,temporal,0,773,171,0,0,medium
xes3g5m,temporal,0,774,10,3,0,very_sparse
xes3g5m,temporal,0,775,0,0,70,strict_cold_start
xes3g5m,temporal,0,776,0,0,28,strict_cold_start
xes3g5m,temporal,0,777,0,0,34,strict_cold_start
xes3g5m,temporal,0,778,33,0,0,sparse
xes3g5m,temporal,0,779,0,0,43,strict_cold_start
xes3g5m,temporal,0,78,138351,889,34,dense
xes3g5m,temporal,0,780,2,0,84,very_sparse
xes3g5m,temporal,0,781,0,0,48,strict_cold_start
xes3g5m,temporal,0,782,9,0,0,very_sparse
xes3g5m,temporal,0,783,0,0,128,strict_cold_start
xes3g5m,temporal,0,784,0,7,13,strict_cold_start
xes3g5m,temporal,0,785,0,98,13,strict_cold_start
xes3g5m,temporal,0,786,293,0,0,medium
xes3g5m,temporal,0,787,0,0,12,strict_cold_start
xes3g5m,temporal,0,788,0,0,27,strict_cold_start
xes3g5m,temporal,0,789,3,0,0,very_sparse
xes3g5m,temporal,0,79,1782,56,3,dense
xes3g5m,temporal,0,790,2,0,0,very_sparse
xes3g5m,temporal,0,791,6,0,0,very_sparse
xes3g5m,temporal,0,792,2,0,0,very_sparse
xes3g5m,temporal,0,793,6,0,0,very_sparse
xes3g5m,temporal,0,794,0,0,2,strict_cold_start
xes3g5m,temporal,0,795,0,0,2,strict_cold_start
xes3g5m,temporal,0,796,14,0,0,very_sparse
xes3g5m,temporal,0,797,13,1,0,very_sparse
xes3g5m,temporal,0,798,14,1,0,very_sparse
xes3g5m,temporal,0,799,26,0,0,sparse
xes3g5m,temporal,0,8,6282,2,474,dense
xes3g5m,temporal,0,80,3733,29,8,dense
xes3g5m,temporal,0,800,3,0,0,very_sparse
xes3g5m,temporal,0,801,10,0,0,very_sparse
xes3g5m,temporal,0,802,0,8,0,strict_cold_start
xes3g5m,temporal,0,803,0,3,0,strict_cold_start
xes3g5m,temporal,0,804,0,0,15,strict_cold_start
xes3g5m,temporal,0,805,0,0,15,strict_cold_start
xes3g5m,temporal,0,806,0,0,14,strict_cold_start
xes3g5m,temporal,0,807,0,0,9,strict_cold_start
xes3g5m,temporal,0,808,4,0,0,very_sparse
xes3g5m,temporal,0,809,71,0,0,sparse
xes3g5m,temporal,0,81,60044,1570,50,dense
xes3g5m,temporal,0,810,13,0,0,very_sparse
xes3g5m,temporal,0,811,0,2,0,strict_cold_start
xes3g5m,temporal,0,812,0,1,0,strict_cold_start
xes3g5m,temporal,0,813,0,1,0,strict_cold_start
xes3g5m,temporal,0,814,0,1,0,strict_cold_start
xes3g5m,temporal,0,815,0,2,0,strict_cold_start
xes3g5m,temporal,0,816,0,1,0,strict_cold_start
xes3g5m,temporal,0,817,0,1,0,strict_cold_start
xes3g5m,temporal,0,818,0,1,0,strict_cold_start
xes3g5m,temporal,0,819,1,0,0,very_sparse
xes3g5m,temporal,0,82,11292,123,44,dense
xes3g5m,temporal,0,820,80,0,0,sparse
xes3g5m,temporal,0,821,202,0,0,medium
xes3g5m,temporal,0,822,102,0,0,medium
xes3g5m,temporal,0,823,102,0,0,medium
xes3g5m,temporal,0,824,184,0,0,medium
xes3g5m,temporal,0,825,0,24,0,strict_cold_start
xes3g5m,temporal,0,826,0,0,125,strict_cold_start
xes3g5m,temporal,0,827,0,0,189,strict_cold_start
xes3g5m,temporal,0,828,0,0,143,strict_cold_start
xes3g5m,temporal,0,829,1,0,0,very_sparse
xes3g5m,temporal,0,83,5401,44,9,dense
xes3g5m,temporal,0,830,0,0,96,strict_cold_start
xes3g5m,temporal,0,831,38,0,0,sparse
xes3g5m,temporal,0,832,0,0,111,strict_cold_start
xes3g5m,temporal,0,833,20,0,0,sparse
xes3g5m,temporal,0,834,20,0,0,sparse
xes3g5m,temporal,0,835,4,0,0,very_sparse
xes3g5m,temporal,0,836,0,47,0,strict_cold_start
xes3g5m,temporal,0,837,1,0,0,very_sparse
xes3g5m,temporal,0,838,5,0,0,very_sparse
xes3g5m,temporal,0,839,23,0,0,sparse
xes3g5m,temporal,0,84,2796,8,3,dense
xes3g5m,temporal,0,840,1,0,0,very_sparse
xes3g5m,temporal,0,841,6,0,0,very_sparse
xes3g5m,temporal,0,842,3,0,0,very_sparse
xes3g5m,temporal,0,843,1,0,0,very_sparse
xes3g5m,temporal,0,844,7,0,0,very_sparse
xes3g5m,temporal,0,845,7,0,0,very_sparse
xes3g5m,temporal,0,846,0,0,5,strict_cold_start
xes3g5m,temporal,0,847,1,0,0,very_sparse
xes3g5m,temporal,0,848,0,0,7,strict_cold_start
xes3g5m,temporal,0,849,16,0,0,very_sparse
xes3g5m,temporal,0,85,2280,18,0,dense
xes3g5m,temporal,0,850,1,0,8,very_sparse
xes3g5m,temporal,0,851,0,1,0,strict_cold_start
xes3g5m,temporal,0,852,2,0,0,very_sparse
xes3g5m,temporal,0,853,6,0,0,very_sparse
xes3g5m,temporal,0,854,4,0,0,very_sparse
xes3g5m,temporal,0,855,2,0,0,very_sparse
xes3g5m,temporal,0,856,0,2,0,strict_cold_start
xes3g5m,temporal,0,857,0,3,0,strict_cold_start
xes3g5m,temporal,0,858,6,0,0,very_sparse
xes3g5m,temporal,0,859,11,0,0,very_sparse
xes3g5m,temporal,0,86,11012,163,10,dense
xes3g5m,temporal,0,860,0,0,1,strict_cold_start
xes3g5m,temporal,0,861,0,0,1,strict_cold_start
xes3g5m,temporal,0,862,0,0,1,strict_cold_start
xes3g5m,temporal,0,863,2,0,0,very_sparse
xes3g5m,temporal,0,864,4,0,0,very_sparse
xes3g5m,temporal,0,87,1771,25,8417,dense
xes3g5m,temporal,0,88,12236,133,37012,dense
xes3g5m,temporal,0,89,1179,7,0,dense
xes3g5m,temporal,0,9,28793,24,5987,dense
xes3g5m,temporal,0,90,173,5,0,medium
xes3g5m,temporal,0,91,4377,23,32929,dense
xes3g5m,temporal,0,92,7140,144,226,dense
xes3g5m,temporal,0,93,2960,1708,113,dense
xes3g5m,temporal,0,94,1248,21,31,dense
xes3g5m,temporal,0,95,1721,10,0,dense
xes3g5m,temporal,0,96,3723,76,356,dense
xes3g5m,temporal,0,97,1496,8,457,dense
xes3g5m,temporal,0,98,7378,61,43,dense
xes3g5m,temporal,0,99,8517,2702,4384,dense
