kc_id,train_freq,train_correct_rate,test_n,test_pos,test_neg,difficulty_proxy,in_official_preds,eligible,dataset
1,6609,0.6622787108488425,2007,1314,693,0.3377212891511575,True,True,assist2012
10,362,0.6988950276243094,111,75,36,0.30110497237569056,True,False,assist2012
100,115,0.4782608695652174,44,24,20,0.5217391304347826,True,False,assist2012
101,1963,0.5995924605196128,538,358,180,0.4004075394803872,True,True,assist2012
103,7682,0.8078625357979693,2149,1720,429,0.1921374642020307,True,True,assist2012
104,350,0.6085714285714285,100,63,37,0.39142857142857146,True,False,assist2012
105,1730,0.7624277456647399,538,363,175,0.23757225433526008,True,True,assist2012
106,4715,0.7427359490986214,1360,1038,322,0.2572640509013786,True,True,assist2012
11,4532,0.6590909090909091,1211,787,424,0.34090909090909094,True,True,assist2012
110,1168,0.8861301369863014,373,319,54,0.11386986301369861,True,True,assist2012
12,14585,0.6220774768597874,4089,2508,1581,0.3779225231402126,True,True,assist2012
13,14293,0.6705380256069404,3794,2569,1225,0.3294619743930596,True,True,assist2012
14,988,0.812753036437247,287,244,43,0.18724696356275305,True,True,assist2012
15,10426,0.7709572223287934,2802,2150,652,0.22904277767120662,True,True,assist2012
16,5123,0.722623462814757,1484,1076,408,0.277376537185243,True,True,assist2012
163,420,0.6761904761904762,143,101,42,0.32380952380952377,True,False,assist2012
1641,233,0.8154506437768241,61,45,16,0.18454935622317592,True,False,assist2012
165,203,0.7093596059113301,43,35,8,0.29064039408866993,True,False,assist2012
166,2075,0.5253012048192771,643,343,300,0.4746987951807229,True,True,assist2012
17,9860,0.48296146044624744,3434,1535,1899,0.5170385395537526,True,True,assist2012
172,38,0.7105263157894737,7,1,6,0.2894736842105263,True,False,assist2012
173,339,0.3215339233038348,63,20,43,0.6784660766961652,True,False,assist2012
174,29,0.9310344827586207,5,5,0,0.06896551724137934,True,False,assist2012
177,2,1.0,1,1,0,0.0,True,False,assist2012
18,13547,0.7167638591570089,3966,2900,1066,0.2832361408429911,True,True,assist2012
181,1175,0.6442553191489362,262,171,91,0.3557446808510638,True,True,assist2012
184,46,0.5,7,5,2,0.5,True,False,assist2012
186,476,0.6680672268907563,114,63,51,0.33193277310924374,True,False,assist2012
192,503,0.6938369781312127,104,74,30,0.3061630218687873,True,True,assist2012
196,161,0.6086956521739131,41,29,12,0.3913043478260869,True,False,assist2012
197,85,0.788235294117647,18,15,3,0.21176470588235297,True,False,assist2012
198,109,0.6605504587155964,21,17,4,0.33944954128440363,True,False,assist2012
2,422,0.8222748815165877,121,94,27,0.17772511848341233,True,False,assist2012
202,541,0.5785582255083179,86,51,35,0.4214417744916821,True,False,assist2012
203,768,0.4674479166666667,183,87,96,0.5325520833333333,True,True,assist2012
204,518,0.444015444015444,84,40,44,0.555984555984556,True,False,assist2012
206,243,0.5349794238683128,62,35,27,0.46502057613168724,True,False,assist2012
21,12153,0.6250308565786226,3209,2038,1171,0.37496914342137744,True,True,assist2012
212,158,0.3987341772151899,36,9,27,0.6012658227848101,True,False,assist2012
213,214,0.7102803738317757,60,42,18,0.28971962616822433,True,False,assist2012
214,162,0.38271604938271603,32,19,13,0.617283950617284,True,False,assist2012
216,76,0.6973684210526315,20,13,7,0.3026315789473685,True,False,assist2012
217,1487,0.6173503698722259,415,262,153,0.3826496301277741,True,True,assist2012
218,37,0.5405405405405406,11,5,6,0.45945945945945943,True,False,assist2012
22,10075,0.7185111662531017,2652,1901,751,0.28148883374689826,True,True,assist2012
220,21,0.7142857142857143,4,2,2,0.2857142857142857,True,False,assist2012
222,363,0.5454545454545454,119,73,46,0.4545454545454546,True,False,assist2012
223,169,0.28994082840236685,51,19,32,0.7100591715976332,True,False,assist2012
224,267,0.6441947565543071,70,55,15,0.35580524344569286,True,False,assist2012
226,156,0.391025641025641,33,7,26,0.608974358974359,True,False,assist2012
23,15,0.3333333333333333,1,0,1,0.6666666666666667,True,False,assist2012
230,270,0.7148148148148148,42,28,14,0.2851851851851852,True,False,assist2012
231,346,0.5,99,60,39,0.5,True,False,assist2012
233,224,0.5133928571428571,57,27,30,0.4866071428571429,True,False,assist2012
238,278,0.41007194244604317,132,74,58,0.5899280575539568,True,False,assist2012
24,3700,0.8737837837837837,915,775,140,0.12621621621621626,True,True,assist2012
240,1231,0.5751421608448416,355,199,156,0.4248578391551584,True,True,assist2012
25,18704,0.811751497005988,5165,4174,991,0.18824850299401197,True,True,assist2012
26,4517,0.8020810272304627,1312,1041,271,0.1979189727695373,True,True,assist2012
27,21551,0.6968586144494455,6344,4385,1959,0.3031413855505545,True,True,assist2012
276,49246,0.7276936197863786,13938,10296,3642,0.2723063802136214,True,True,assist2012
277,103982,0.7226923890673386,29334,21122,8212,0.27730761093266143,True,True,assist2012
278,38286,0.8042365355482421,10950,8905,2045,0.19576346445175785,True,True,assist2012
279,57724,0.8494906797865706,15819,13378,2441,0.15050932021342944,True,True,assist2012
280,101027,0.6820058004295881,28760,19702,9058,0.31799419957041186,True,True,assist2012
281,3589,0.7472833658400668,980,757,223,0.2527166341599332,True,True,assist2012
282,4103,0.7640750670241286,1356,1032,324,0.23592493297587136,True,True,assist2012
283,8166,0.8927259368111683,2270,2052,218,0.1072740631888317,True,True,assist2012
284,1640,0.7810975609756098,431,343,88,0.21890243902439022,True,True,assist2012
287,1770,0.6310734463276836,422,281,141,0.3689265536723164,True,True,assist2012
288,1205,0.8091286307053942,304,255,49,0.1908713692946058,True,True,assist2012
289,108,0.10185185185185185,34,3,31,0.8981481481481481,True,False,assist2012
29,17,0.8823529411764706,4,4,0,0.11764705882352944,True,False,assist2012
290,1127,0.6983141082519965,307,227,80,0.30168589174800353,True,True,assist2012
292,159,0.8050314465408805,51,48,3,0.19496855345911945,True,False,assist2012
293,914,0.7910284463894968,320,270,50,0.20897155361050324,True,True,assist2012
294,8566,0.5693439178146159,2552,1458,1094,0.4306560821853841,True,True,assist2012
295,7310,0.7916552667578659,1847,1504,343,0.2083447332421341,True,True,assist2012
296,10261,0.7982652762888607,2583,2025,558,0.20173472371113932,True,True,assist2012
297,10066,0.5994436717663422,2871,1740,1131,0.40055632823365783,True,True,assist2012
298,14255,0.6816555594528235,3817,2657,1160,0.3183444405471765,True,True,assist2012
299,6677,0.500224651789726,1850,979,871,0.49977534821027403,True,True,assist2012
3,41,0.8292682926829268,11,11,0,0.1707317073170732,True,False,assist2012
30,6,0.3333333333333333,1,0,1,0.6666666666666667,True,False,assist2012
300,288,0.24305555555555555,89,27,62,0.7569444444444444,True,False,assist2012
301,17008,0.5608537158984007,4707,2762,1945,0.4391462841015993,True,True,assist2012
302,2048,0.65576171875,578,385,193,0.34423828125,True,True,assist2012
303,4931,0.5761508821740012,1638,957,681,0.42384911782599877,True,True,assist2012
304,4405,0.7604994324631101,1305,1010,295,0.23950056753688986,True,True,assist2012
305,3343,0.518994914747233,1185,633,552,0.481005085252767,True,True,assist2012
306,2542,0.6357199055861527,759,501,258,0.36428009441384734,True,True,assist2012
307,9234,0.7440978990686593,2668,2015,653,0.2559021009313407,True,True,assist2012
308,2513,0.5742140867489057,725,421,304,0.4257859132510943,True,True,assist2012
309,24091,0.7029181021958407,7037,5109,1928,0.2970818978041593,True,True,assist2012
310,44595,0.6263706693575513,12460,7828,4632,0.37362933064244874,True,True,assist2012
311,135036,0.7224666014988596,36655,26204,10451,0.27753339850114045,True,True,assist2012
312,41918,0.5802280643160456,11864,7040,4824,0.41977193568395443,True,True,assist2012
313,117,0.7863247863247863,46,33,13,0.2136752136752137,True,False,assist2012
314,8154,0.8741721854304636,2180,1912,268,0.1258278145695364,True,True,assist2012
315,2495,0.7106212424849699,711,514,197,0.28937875751503006,True,True,assist2012
316,2029,0.7826515524889108,615,476,139,0.21734844751108917,True,True,assist2012
317,8785,0.6974388161639158,2555,1777,778,0.3025611838360842,True,True,assist2012
318,476,0.46218487394957986,116,54,62,0.5378151260504201,True,False,assist2012
319,4081,0.7177162460181328,1189,876,313,0.2822837539818672,True,True,assist2012
32,4165,0.9289315726290516,1161,1084,77,0.07106842737094843,True,True,assist2012
320,34,0.7941176470588235,9,9,0,0.20588235294117652,True,False,assist2012
321,2022,0.6419386745796242,662,463,199,0.35806132542037583,True,True,assist2012
322,15844,0.4634561979298157,4560,2058,2502,0.5365438020701843,True,True,assist2012
323,6423,0.7312782189008251,1978,1414,564,0.2687217810991749,True,True,assist2012
324,5430,0.7839779005524862,1711,1347,364,0.21602209944751383,True,True,assist2012
325,11702,0.6147667065458896,3774,2317,1457,0.3852332934541104,True,True,assist2012
326,8742,0.7487989018531228,2452,1784,668,0.2512010981468772,True,True,assist2012
327,335,0.6805970149253732,102,63,39,0.31940298507462683,True,False,assist2012
33,563,0.6518650088809946,167,122,45,0.34813499111900537,True,True,assist2012
331,5990,0.5621035058430718,1701,945,756,0.4378964941569282,True,True,assist2012
332,331,0.7492447129909365,106,76,30,0.25075528700906347,True,False,assist2012
333,14819,0.65038126729199,4429,2750,1679,0.34961873270801,True,True,assist2012
334,13484,0.6425393058439632,3900,2594,1306,0.35746069415603676,True,True,assist2012
336,15244,0.6903043820519549,4279,2900,1379,0.3096956179480451,True,True,assist2012
338,13032,0.5209484346224678,3718,1985,1733,0.47905156537753224,True,True,assist2012
339,160,0.83125,52,48,4,0.16874999999999996,True,False,assist2012
34,13637,0.7219329764610984,4126,3015,1111,0.27806702353890156,True,True,assist2012
340,24812,0.6439222956633887,7370,4721,2649,0.35607770433661134,True,True,assist2012
343,316,0.6645569620253164,90,59,31,0.33544303797468356,True,False,assist2012
344,655,0.5984732824427481,179,105,74,0.4015267175572519,True,True,assist2012
345,41,0.43902439024390244,11,3,8,0.5609756097560976,True,False,assist2012
346,15898,0.6605233362687131,4220,2717,1503,0.33947666373128693,True,True,assist2012
348,5,0.0,1,0,1,1.0,True,False,assist2012
35,714,0.5056022408963585,171,97,74,0.4943977591036415,True,True,assist2012
350,11810,0.49610499576629974,3399,1703,1696,0.5038950042337003,True,True,assist2012
354,1413,0.8591648973814578,511,435,76,0.14083510261854215,True,True,assist2012
355,53,0.8490566037735849,20,17,3,0.15094339622641506,True,False,assist2012
356,1560,0.45384615384615384,364,176,188,0.5461538461538462,True,True,assist2012
358,4430,0.6835214446952596,1385,903,482,0.31647855530474045,True,True,assist2012
359,478,0.6610878661087866,191,133,58,0.33891213389121344,True,False,assist2012
36,5043,0.6738052746381122,1346,888,458,0.32619472536188776,True,True,assist2012
360,1006,0.6123260437375746,396,226,170,0.3876739562624254,True,True,assist2012
362,2067,0.8301886792452831,713,581,132,0.16981132075471694,True,True,assist2012
363,4789,0.7214449780747546,1351,946,405,0.2785550219252454,True,True,assist2012
365,2591,0.6499421072944809,704,454,250,0.3500578927055191,True,True,assist2012
366,1673,0.6580992229527795,447,304,143,0.34190077704722055,True,True,assist2012
367,1752,0.6449771689497716,463,307,156,0.35502283105022836,True,True,assist2012
368,16230,0.6292667898952558,4922,2943,1979,0.37073321010474425,True,True,assist2012
370,599,0.4323873121869783,149,60,89,0.5676126878130217,True,True,assist2012
371,19814,0.6201170889270213,5990,3692,2298,0.37988291107297867,True,True,assist2012
373,381,0.4356955380577428,38,16,22,0.5643044619422573,True,False,assist2012
375,2147,0.5631113181183046,644,391,253,0.4368886818816954,True,True,assist2012
376,227,0.7048458149779736,66,44,22,0.2951541850220264,True,False,assist2012
378,11812,0.6422282424652895,3561,2226,1335,0.35777175753471047,True,True,assist2012
385,65,0.7384615384615385,15,10,5,0.2615384615384615,True,False,assist2012
386,52,0.8076923076923077,15,12,3,0.1923076923076923,True,False,assist2012
387,25,0.28,12,3,9,0.72,True,False,assist2012
388,288,0.7291666666666666,66,45,21,0.27083333333333337,True,False,assist2012
389,109,0.6972477064220184,41,26,15,0.3027522935779816,True,False,assist2012
39,13024,0.6259213759213759,3789,2415,1374,0.37407862407862413,True,True,assist2012
390,89,0.7191011235955056,25,16,9,0.2808988764044944,True,False,assist2012
391,455,0.9802197802197802,178,174,4,0.01978021978021982,True,False,assist2012
392,1665,0.6852852852852853,582,396,186,0.3147147147147147,True,True,assist2012
393,214,0.4252336448598131,52,24,28,0.5747663551401869,True,False,assist2012
4,7975,0.7069592476489028,2161,1543,618,0.29304075235109717,True,True,assist2012
40,14310,0.6711390635918938,4046,2742,1304,0.3288609364081062,True,True,assist2012
41,815,0.6478527607361964,224,155,69,0.35214723926380365,True,True,assist2012
42,11819,0.7361874947119046,3347,2466,881,0.2638125052880954,True,True,assist2012
43,34,0.6764705882352942,13,6,7,0.32352941176470584,True,False,assist2012
45,3,0.3333333333333333,1,0,1,0.6666666666666667,True,False,assist2012
46,10023,0.685423525890452,3166,2175,991,0.31457647410954803,True,True,assist2012
47,66733,0.7494792681282124,20365,15463,4902,0.2505207318717876,True,True,assist2012
48,19262,0.6971757865226872,5707,4094,1613,0.3028242134773128,True,True,assist2012
49,21015,0.8067570782774209,6265,5135,1130,0.19324292172257906,True,True,assist2012
5,4338,0.6758875057630245,1378,906,472,0.3241124942369755,True,True,assist2012
50,15948,0.7933283170303487,4222,3463,759,0.20667168296965133,True,True,assist2012
51,13762,0.8745095189652666,3843,3429,414,0.12549048103473337,True,True,assist2012
52,183,0.8633879781420765,50,46,4,0.13661202185792354,True,False,assist2012
523,1738,0.6979286536248561,476,339,137,0.3020713463751439,True,True,assist2012
53,1709,0.6395552954944412,477,283,194,0.36044470450555877,True,True,assist2012
54,24228,0.7211903582631666,7016,5175,1841,0.2788096417368334,True,True,assist2012
568,295,0.6101694915254238,92,59,33,0.38983050847457623,True,False,assist2012
569,463,0.23542116630669546,135,25,110,0.7645788336933046,True,False,assist2012
570,477,0.2620545073375262,136,32,104,0.7379454926624738,True,False,assist2012
571,411,0.41119221411192214,112,36,76,0.5888077858880778,True,False,assist2012
572,478,0.5920502092050209,136,64,72,0.40794979079497906,True,False,assist2012
573,448,0.18080357142857142,131,21,110,0.8191964285714286,True,False,assist2012
574,457,0.4135667396061269,130,46,84,0.5864332603938731,True,False,assist2012
575,303,0.46864686468646866,81,34,47,0.5313531353135313,True,False,assist2012
576,206,0.8252427184466019,60,51,9,0.1747572815533981,True,False,assist2012
577,364,0.8956043956043956,97,86,11,0.10439560439560436,True,False,assist2012
578,367,0.7956403269754768,98,73,25,0.20435967302452318,True,False,assist2012
579,376,0.39893617021276595,99,34,65,0.601063829787234,True,False,assist2012
58,4829,0.8482087388693311,1264,1068,196,0.15179126113066888,True,True,assist2012
580,143,0.8391608391608392,41,38,3,0.16083916083916083,True,False,assist2012
581,315,0.3682539682539683,85,33,52,0.6317460317460317,True,False,assist2012
582,361,0.2659279778393352,103,17,86,0.7340720221606648,True,False,assist2012
583,375,0.21066666666666667,103,18,85,0.7893333333333333,True,False,assist2012
584,355,0.6985915492957746,102,72,30,0.3014084507042254,True,False,assist2012
585,376,0.30319148936170215,103,27,76,0.6968085106382979,True,False,assist2012
586,123,0.4878048780487805,40,23,17,0.5121951219512195,True,False,assist2012
587,248,0.3709677419354839,66,22,44,0.6290322580645161,True,False,assist2012
588,159,0.5849056603773585,50,29,21,0.41509433962264153,True,False,assist2012
589,330,0.49696969696969695,89,37,52,0.503030303030303,True,False,assist2012
590,328,0.20426829268292682,85,19,66,0.7957317073170732,True,False,assist2012
591,326,0.43558282208588955,91,33,58,0.5644171779141105,True,False,assist2012
592,36,0.8055555555555556,11,7,4,0.19444444444444442,True,False,assist2012
593,38,0.23684210526315788,11,2,9,0.7631578947368421,True,False,assist2012
594,35,0.08571428571428572,11,0,11,0.9142857142857143,True,False,assist2012
595,37,0.4594594594594595,14,7,7,0.5405405405405406,True,False,assist2012
596,37,0.6486486486486487,13,8,5,0.3513513513513513,True,False,assist2012
597,40,0.15,13,1,12,0.85,True,False,assist2012
598,40,0.7,13,5,8,0.30000000000000004,True,False,assist2012
599,22,0.6363636363636364,9,6,3,0.36363636363636365,True,False,assist2012
6,1326,0.555052790346908,386,222,164,0.444947209653092,True,True,assist2012
600,29,0.896551724137931,10,9,1,0.10344827586206895,True,False,assist2012
601,32,0.96875,11,10,1,0.03125,True,False,assist2012
602,31,0.6129032258064516,11,5,6,0.3870967741935484,True,False,assist2012
603,26,0.8461538461538461,10,9,1,0.15384615384615385,True,False,assist2012
604,20,0.85,9,8,1,0.15000000000000002,True,False,assist2012
605,25,0.68,10,5,5,0.31999999999999995,True,False,assist2012
606,36,0.19444444444444445,11,0,11,0.8055555555555556,True,False,assist2012
607,33,0.30303030303030304,11,1,10,0.696969696969697,True,False,assist2012
608,35,0.22857142857142856,11,0,11,0.7714285714285715,True,False,assist2012
609,28,0.5714285714285714,10,8,2,0.4285714285714286,True,False,assist2012
61,42071,0.6710798412207934,11723,7902,3821,0.32892015877920655,True,True,assist2012
610,28,0.6785714285714286,10,8,2,0.3214285714285714,True,False,assist2012
611,1,0.0,2,0,2,1.0,True,False,assist2012
612,25,0.44,10,6,4,0.56,True,False,assist2012
613,30,0.3,11,4,7,0.7,True,False,assist2012
614,30,0.5,11,5,6,0.5,True,False,assist2012
62,2964,0.6575573549257759,752,491,261,0.34244264507422406,True,True,assist2012
63,1996,0.6322645290581163,563,353,210,0.36773547094188375,True,True,assist2012
64,970,0.6113402061855671,285,194,91,0.38865979381443294,True,True,assist2012
65,20620,0.6757032007759457,6324,4271,2053,0.3242967992240543,True,True,assist2012
67,45601,0.6805771803249929,12488,8559,3929,0.3194228196750071,True,True,assist2012
69,4147,0.7219676874849289,1070,721,349,0.2780323125150711,True,True,assist2012
7,450,0.4955555555555556,143,78,65,0.5044444444444445,True,False,assist2012
70,17047,0.6947850061594415,4907,3413,1494,0.3052149938405585,True,True,assist2012
74,4236,0.82766761095373,1109,916,193,0.17233238904627002,True,True,assist2012
75,16972,0.7903605939193966,4883,3888,995,0.20963940608060339,True,True,assist2012
76,5469,0.5703053574693728,1528,912,616,0.42969464253062717,True,True,assist2012
77,17976,0.5844459279038718,5571,3325,2246,0.41555407209612816,True,True,assist2012
78,5956,0.48992612491605103,1898,953,945,0.510073875083949,True,True,assist2012
79,40642,0.7216918458737267,11781,8645,3136,0.2783081541262733,True,True,assist2012
8,5628,0.7937100213219617,1633,1315,318,0.20628997867803833,True,True,assist2012
80,6790,0.6609720176730486,1894,1270,624,0.3390279823269514,True,True,assist2012
81,16703,0.7001736215051189,4636,3320,1316,0.29982637849488114,True,True,assist2012
82,13675,0.72636197440585,3833,2863,970,0.27363802559414996,True,True,assist2012
83,31103,0.6461113075909076,9564,6157,3407,0.3538886924090924,True,True,assist2012
84,9499,0.7606063796189072,2829,2128,701,0.2393936203810928,True,True,assist2012
85,8774,0.7122179165716891,2478,1853,625,0.2877820834283109,True,True,assist2012
86,32035,0.7698454815046043,8666,6733,1933,0.2301545184953957,True,True,assist2012
88,765,0.6209150326797386,231,144,87,0.3790849673202614,True,True,assist2012
9,669,0.6457399103139013,193,124,69,0.3542600896860987,True,True,assist2012
90,2329,0.5212537569772434,664,382,282,0.4787462430227566,True,True,assist2012
91,16574,0.708821045010257,5122,3563,1559,0.291178954989743,True,True,assist2012
92,13284,0.601927130382415,4452,2632,1820,0.39807286961758503,True,True,assist2012
93,181,0.3370165745856354,56,24,32,0.6629834254143646,True,False,assist2012
94,20341,0.6431345558232142,6358,4076,2282,0.3568654441767858,True,True,assist2012
95,13969,0.7455079103729687,4168,3151,1017,0.2544920896270313,True,True,assist2012
96,4504,0.7904085257548845,1341,1093,248,0.20959147424511548,True,True,assist2012
97,315,0.5777777777777777,126,65,61,0.4222222222222223,True,False,assist2012
98,663,0.6923076923076923,154,101,53,0.3076923076923077,True,True,assist2012
99,224,0.8035714285714286,64,49,15,0.1964285714285714,True,False,assist2012
+DlgHAr1GtoQgtGqwoen6pt4/ayVRO+rMaCVZ7jGCHE=,5021,0.4146584345747859,1663,686,977,0.5853415654252141,True,True,junyi
+IgBffWedJpxG6Zo/kHbrgIRR4jwwTwa6nV03GLwX5A=,874,0.45080091533180777,322,150,172,0.5491990846681922,True,True,junyi
+Lgj0Me9/8gtiruGKq8KxemAD15kU4yCfb6nteNDWjw=,947,0.6853220696937699,314,197,117,0.31467793030623015,True,True,junyi
+N+e7SzcUVowUo7D4udR8rBKRmR1H7yuu5Tleqlhv48=,9820,0.6470468431771894,2729,1737,992,0.3529531568228106,True,True,junyi
+ZVl8HEbTM1GOoCTt2wxAfzQswvAWL3L8e5mLuyy1dY=,13846,0.6632962588473206,3856,2525,1331,0.3367037411526794,True,True,junyi
+aXi8dpg0URdKkJtkicic7DrTHAWPSnR9bwD+QouANE=,11580,0.8380829015544041,3147,2702,445,0.16191709844559588,True,True,junyi
+c+5BQh1a2P75VjWgg/aX+j7kru6tteMWrupq+MMQgw=,11332,0.8077126720790682,3118,2529,589,0.19228732792093184,True,True,junyi
+cLbiKkV7+VhNPr7OGG3B3kPpZ8er0mvFvqPbM/gm+E=,11801,0.3140411829505974,2974,890,2084,0.6859588170494026,True,True,junyi
+fQqnCkVTMs8GPkdZJWUcApXC/Ea9bVtxNIblqLRie4=,3723,0.6621004566210046,1023,705,318,0.3378995433789954,True,True,junyi
+g5YlvjiVYzjFfpMkHEGCty7PGcKRuuCVDY/g8dzoD0=,2019,0.605250123823675,617,393,224,0.39474987617632495,True,True,junyi
+gP/fH6yBDlDTCmjUykZq+rykF0MopXNzQLSxiEVEYY=,2459,0.6913379422529483,688,482,206,0.3086620577470517,True,True,junyi
+kCFtC8nCf9I2/ee1BGgQRlVBoECQV9G/8z4fL7hzp4=,13042,0.6392424474773808,3504,2302,1202,0.3607575525226192,True,True,junyi
+lmw480dBLSwkBgaKdL9MeVNsUfCgHmD+L4wzqUFX9M=,2152,0.6854089219330854,712,510,202,0.31459107806691455,True,True,junyi
+mwsRV33uKTS+1DrZGfM+z+Ccut/FGocokZm/j0OJ/k=,9416,0.9605989804587935,2839,2724,115,0.03940101954120645,True,True,junyi
+odAMeNn6DqBHYkdD0fKH59bzQMwJTqsCW9nqJ1etcI=,6343,0.6873719060381523,1913,1338,575,0.31262809396184765,True,True,junyi
+owQ9eTzitOLHF3SZxKwWN9ZpsHjg3tK4A9fpS7E0oo=,4497,0.8832555036691128,1116,992,124,0.11674449633088724,True,True,junyi
+tVk3DLjXUKiZ3/hK6CJAl3Z8sfp093/2DwLqCsFgMA=,10179,0.8681599371254544,2890,2567,323,0.13184006287454564,True,True,junyi
+tX4n52MmDdJGGzRnY7I7jEoynqRl6k1jAnonznfs7Q=,2457,0.5588115588115589,604,347,257,0.44118844118844114,True,True,junyi
+xN/geZI+rXD8yB7YBDvLwAXgXO6aORg9eOFv6AfGHM=,7349,0.546332834399238,2064,1130,934,0.45366716560076203,True,True,junyi
+zUL0wWCfsBXNoDj5KsvASLlqd26KU9+nSN1zZ7GsQI=,7009,0.8045370238265088,2064,1662,402,0.19546297617349118,True,True,junyi
/0Y1OFJkQGPagfYO9uI6mM0Z9KK7vcmT/QPVos+v7Ec=,3485,0.5317073170731708,926,497,429,0.46829268292682924,True,True,junyi
/4h6DuvZuZzr028oR886m6kpiLYuUSmpr9v3ITNTgiY=,13189,0.8824778224277807,4025,3566,459,0.11752217757221928,True,True,junyi
/7bwpUc6iDiE/m0Qj8CJo8qYMkAC51PHzIxTMmkE0nA=,1411,0.703756201275691,505,374,131,0.29624379872430895,True,True,junyi
/OENQOL30zwAXAy3IN1FbzZFfjfOLaynYaW3w6bk2gw=,2899,0.38599517074853396,993,395,598,0.614004829251466,True,True,junyi
/SsQisa91ErcEufKW7SNb4xZ6DASvJZ4Ml5/0BluyAA=,6385,0.6602975724353954,1793,1164,629,0.33970242756460456,True,True,junyi
/Sw5cJFSX/oGzBxxguGO4BkFKPZmhFXSpCCJVhOtffU=,6915,0.6537960954446854,1999,1343,656,0.3462039045553146,True,True,junyi
/ZG3Gxrc7wG0FWxYWExavs4ATbc0nu47cDYJAuQYVvc=,1945,0.45604113110539846,489,217,272,0.5439588688946015,True,True,junyi
/acOsfJkQuYuDq5UjkRrojhkbUcIgia4SvjKpo1v0pI=,2213,0.5765928603705377,691,383,308,0.4234071396294623,True,True,junyi
/d39FzqaM3PZzpoMXxA80PMICsVhzfL6MGSCqZtsQOo=,12334,0.6420463758715745,3512,2310,1202,0.35795362412842546,True,True,junyi
/dE70lhbWnFlB1v+ZQBYpQu2XDmodq4HYiBDGZRw3+o=,8344,0.835810162991371,2482,2091,391,0.164189837008629,True,True,junyi
/dgnkSSQs7RfFOI233RPKNKg29VBS0L7s7IBSmtIWqI=,1568,0.47066326530612246,532,272,260,0.5293367346938775,True,True,junyi
/ejwQaTpw8saI8XVEo0mo08Yf2ko9KW5lwBJRlO8/dM=,165,0.45454545454545453,63,34,29,0.5454545454545454,True,False,junyi
/fQsOaxbPuYyM7ZO/JBLBRA6HJyOHY8zUN9oLVT5vYM=,9768,0.9148239148239148,2617,2409,208,0.08517608517608521,True,True,junyi
/fn8Ym16AvhuhgFRtoeZ4sRU9ZRhvvpYN90SUH7zQ4M=,13225,0.7726275992438564,3962,3111,851,0.22737240075614362,True,True,junyi
/m+oiUSO1lBCPvQ6LkUyCbWdd7ML4X1IxxuUa8QcDMo=,7829,0.6424830757440286,2178,1451,727,0.35751692425597137,True,True,junyi
00KEZbwE/6qJ+WSl9TwUEgbwi/wmnEVgeCnGzi4/EYo=,19954,0.4809060839931843,5266,2594,2672,0.5190939160068158,True,True,junyi
00tlmGnNIf0z+qJsG0NMS4ufwkwwG1nZtKszPesM1EM=,4809,0.6729049698482013,1506,961,545,0.32709503015179875,True,True,junyi
01c8/1Mc1V3LZtYFNre8TolslWChJSztpFHSNAvPlpI=,4704,0.6547619047619048,1393,957,436,0.34523809523809523,True,True,junyi
04Ly7oQJHeLBj2GcKWLn7e51TJmF5MTSvPESVomvUM4=,15132,0.7107454401268835,4856,3480,1376,0.28925455987311655,True,True,junyi
06kRCVdMd4I4CpJxtM7rmBED6keL482Br8ZCE6DU+W4=,1677,0.5181872391174717,521,256,265,0.48181276088252833,True,True,junyi
0BL+DbelLoGwTw7JvHBXe7pZr1N/E8JVhngim3zzjJ4=,6896,0.877030162412993,2163,1903,260,0.12296983758700697,True,True,junyi
0FMoJE22DcUZEQ3fIPHBSuBfrQEG0vjhpvOoWyeTTXY=,11486,0.4811944976493122,3235,1626,1609,0.5188055023506878,True,True,junyi
0FaNRnGt8wB5REzt8NnMPYaoTw4/qe+3z2hOkQOvI/s=,5221,0.7638383451446084,2142,1372,770,0.23616165485539165,True,True,junyi
0L/eenAcUQ8YSZ6x22wFpagb2l4TXqOSGgRtSI56kvI=,6629,0.7016141197767386,2130,1531,599,0.2983858802232614,True,True,junyi
0SEOeLpKd2K4V+T1BhZENWUuLHGTd+x+SQiXWcPAFZc=,1502,0.8009320905459387,512,430,82,0.19906790945406128,True,True,junyi
0TFQA8MIRYvgH+PXVXYkRKMPK/LPcaVH9hTxb5daZ+o=,4369,0.5447470817120622,1298,676,622,0.4552529182879378,True,True,junyi
0f0BGV01H4RbdYLrd/fZN5enqRjIC7Bkzcoqxzgf0YA=,3325,0.7254135338345865,1073,812,261,0.2745864661654135,True,True,junyi
0hKXPT2iK/182EPLj3c5qePYUT84KU4JI+P/t6nnmBk=,3526,0.4659671015314804,1130,527,603,0.5340328984685196,True,True,junyi
0jLx3N/h3zT921WmSVhS4e0TPADpzOygjsvjtTOolmc=,2262,0.48364279398762156,732,336,396,0.5163572060123784,True,True,junyi
0k/ZE9Ku+2Enji5zKQZ5mrfr9r+Noh1CS9kH0GKGf0Q=,3558,0.4378864530635188,1032,453,579,0.5621135469364812,True,True,junyi
0lDY2d/yzs1IgpdsEVNAptv7CcTNSmBXzskCNgPAJTU=,1887,0.5924748277689454,491,298,193,0.40752517223105456,True,True,junyi
0nHTRYRZznXBRGpGHElXm2Gw+zHjWz37H+X3XCvUxQI=,1454,0.7372764786795049,470,327,143,0.26272352132049515,True,True,junyi
0o4JbsG6rcRJSeQKtJ2tAUo1PL+wlyvYlEr/nB4zkOo=,12104,0.8079973562458691,3097,2482,615,0.1920026437541309,True,True,junyi
0oPDO0zy0NDr7kBNesLy+ZbkNuyynak8fcfE05h+pwc=,3226,0.7343459392436453,1205,902,303,0.26565406075635467,True,True,junyi
0scVV//lTsPR9BCw3T2WDN6f9c0ASzANn/bUBJM4+gI=,3150,0.35079365079365077,984,373,611,0.6492063492063492,True,True,junyi
0va2kBHyhCQAFKdC9DOJnPagiG32mCuQJZuApAXzMw0=,847,0.4037780401416765,287,132,155,0.5962219598583235,True,True,junyi
0zOX/8KkAItZEgHsWUWF2Ac2jsFVbT6TWnAuugSAteU=,9731,0.4662419073065461,2828,1363,1465,0.533758092693454,True,True,junyi
1/laFoxMaEJLQfaHo92bbuIVjnq33aptQA8IY+0Hu+8=,664,0.4623493975903614,186,97,89,0.5376506024096386,True,True,junyi
1832ZH2Snk3B6ztlqJVE6Ias3IiPSH5gGZBuYAy7SvI=,7331,0.5830036829900422,2121,1308,813,0.41699631700995776,True,True,junyi
1Fy/09VqlDTU2ABClPQcq/zyTpDz9LpnuIS7kowjjEA=,3196,0.6120150187734669,849,526,323,0.38798498122653313,True,True,junyi
1MhbCa7PFHspw9qYdDLAld7A/t5TV965ehYwzUUf1ug=,9384,0.7799445865302643,2562,2083,479,0.22005541346973567,True,True,junyi
1WFEjeVRD0MW325Ssif9QSV+oEAMGUQfXzuBVtjPSto=,3494,0.5186033199771036,960,515,445,0.4813966800228964,True,True,junyi
1Zu6puXXArXORLxfMsN+B1XQm4lb2shHuMZAcokqmWw=,16342,0.6652184555134011,4220,2893,1327,0.3347815444865989,True,True,junyi
1e/leswSLZ3mYyWZriPrPDY2EoN3wwCXPbjTUX5aYW8=,2300,0.5304347826086957,508,267,241,0.4695652173913043,True,True,junyi
1fj13beFL9gkyJu7fOVD08cezQW4aaruf2z0f+Xew1E=,17799,0.653126580144952,5278,3428,1850,0.34687341985504805,True,True,junyi
1iha+v5exIXrmb2ARHQmmJwmljMj98PxQ1Io7y+rq84=,4297,0.6690714451943216,1443,1027,416,0.3309285548056784,True,True,junyi
1rYu966l6i1cA34mdxukVKusuaDPMwcW6a6WCWe5ZFo=,7602,0.8973954222573007,1804,1646,158,0.10260457774269927,True,True,junyi
1vxQPFV4O43WybxMtioe1qA8GIcP/kOWTaysWsNrBRY=,3004,0.42876165113182424,937,413,524,0.5712383488681758,True,True,junyi
1xsYLCdr/gQCUDijkXoMhULyqs0zluLgCvJN7Bfq3Pg=,9290,0.6296017222820237,2657,1775,882,0.3703982777179763,True,True,junyi
2/JTGg3RUH3Q7RJgicVubieOoxNnseT0PQorlMexeog=,12537,0.8312993539124193,3612,2982,630,0.16870064608758073,True,True,junyi
201731Orvb+GcD3eI5Vi/mlUY7NGyHhegN0onY6aa1Y=,3775,0.6974834437086093,1202,806,396,0.30251655629139074,True,True,junyi
24yLmjpZLo3XO2t14fVHMUMqhVcVPs93RBeN42c/MGc=,9279,0.7713115637460933,2391,1876,515,0.22868843625390667,True,True,junyi
2CExVv5jxzlmXb7zEgSlHP1/7BPhBG5eJ83q7zmPOkc=,8096,0.6933053359683794,2174,1635,539,0.3066946640316206,True,True,junyi
2I6JcI6MiTkb6Ya10XVBUdZIRXgbXhpapejBytTcjTg=,6642,0.8985245408009636,1730,1581,149,0.10147545919903644,True,True,junyi
2I9aYyQzVZey2D9t2kJpJn97Aty7PBeZ0ITJvFS7Hfk=,15930,0.7468926553672316,4120,3034,1086,0.2531073446327684,True,True,junyi
2ITXot2a2bPpUbrQr34491M0lzlI7QvvHhgqW0bNZbw=,6039,0.7294254015565491,1561,1161,400,0.2705745984434509,True,True,junyi
2PPwwz9vQmrE8GQ+lOjBHWuVjLZlH2HIdJ2i2IuDmmc=,1659,0.705244122965642,692,510,182,0.294755877034358,True,True,junyi
2Q4i17ObOkd2Yb449DHA1IBEBnZ/7EImF3FYztgI+dk=,573,0.518324607329843,114,72,42,0.481675392670157,True,True,junyi
2VeOUPWzSmpJ7IWdbWoWzpPR2MszJab/rDr+jN04w1E=,8071,0.659521744517408,2177,1423,754,0.34047825548259203,True,True,junyi
2asf2uduG+FkuOfdP8cHt1SZjfjhNwqotGgnVZXKiuQ=,5305,0.5538171536286522,1315,754,561,0.44618284637134775,True,True,junyi
2dZAIlKn+MzyIa5L8xpWkRhS6Njmw4EYe2vwwwNsRQ4=,16504,0.8508240426563257,4842,4118,724,0.14917595734367428,True,True,junyi
2f91Isfs+HaZMyoefue8KM5T9TUHnyfMUs7lDEcsgWo=,12157,0.74697705025911,3358,2382,976,0.25302294974089,True,True,junyi
2gvPp/ApACeovvXfovMnj6PCOtw2m8IJH2WxJuJuktE=,8917,0.7108893125490636,2630,1930,700,0.2891106874509364,True,True,junyi
2k3XtblUSWpurYNdEmcHclEHBkPUraezRZrIxjMggzE=,911,0.5653128430296378,302,195,107,0.4346871569703622,True,True,junyi
2kgk70NSoRSIZJVWHH0hyeuD652kJYAa28NJwx1qjlQ=,4381,0.4800273910066195,1514,762,752,0.5199726089933805,True,True,junyi
2rJ6DLjEMKZiRtzTx7yjg+2lbHOfTfLDyNli2mFXTiA=,4056,0.747534516765286,1075,785,290,0.25246548323471396,True,True,junyi
2tKnUmnucgz4dVzTefKY0jsYdmnTfpuCZoCDvA49L/k=,712,0.7907303370786517,187,156,31,0.2092696629213483,True,True,junyi
30tNTRnlyLs5r1ni/Lc0PMtHJajnPKrAhD37ZIOoIQQ=,10375,0.732144578313253,3183,2320,863,0.26785542168674703,True,True,junyi
31pm8raJKwwI41JrU+s508PpAfTazsyOVzK6AcUPbU4=,675,0.49777777777777776,191,99,92,0.5022222222222222,True,True,junyi
375WTBbZdRYv/Jw/rnTv7auOCQAAiNliDREgtraOuH0=,11455,0.6209515495416849,3435,2187,1248,0.37904845045831514,True,True,junyi
3Bb76ZUap0HQIBirEbaOpc3O9okCVcv5TcNx+GfSCzk=,14856,0.6827544426494345,4420,2943,1477,0.3172455573505655,True,True,junyi
3C+qN0SBDoX18ZlkWCo9GhwnYOVQZ4S3XcPPwRLkOWU=,2424,0.6287128712871287,844,528,316,0.3712871287128713,True,True,junyi
3Eu8lfUzzxW5b7/tSAH3gjzZMSa5Zu0vZJEc8avjHqQ=,2488,0.3942926045016077,737,310,427,0.6057073954983923,True,True,junyi
3FRmd7Ra1OoMuIMLg7kdD6GNoPN0J1tQEzwMpnuopVA=,4708,0.8882752761257434,1205,1101,104,0.11172472387425658,True,True,junyi
3G6mZ4PSx2p5a6KftzQvLgJ9vr4dhJnTV8SVKGqIg8Q=,1400,0.5578571428571428,404,239,165,0.44214285714285717,True,True,junyi
3ODGnNWJeT6dSEdVq0/4+miAK7egH5D4MD5iRNsyKCY=,7990,0.4423028785982478,2392,1070,1322,0.5576971214017522,True,True,junyi
3PSp+aLiSSlNgI+ZmYAMp/CUwJpbtLr21j9xOVFbKho=,1237,0.6111560226354082,339,197,142,0.38884397736459175,True,True,junyi
3Rmd2VQUBwDitQ5mXI3d4TO3qkZv/hd0NH9nOSeh9sQ=,6438,0.8783783783783784,1700,1493,207,0.1216216216216216,True,True,junyi
3RuMUvN/dcLHZuOG/Y7DJ/bcazpLCu/pXC6iqNqEXog=,2610,0.38697318007662834,894,351,543,0.6130268199233717,True,True,junyi
3T5CjM/cVJ69j4JcjfIpyFR12FVoH9zN8h1GhXhBCAk=,1044,0.6139846743295019,450,285,165,0.3860153256704981,True,True,junyi
3UMCgqaFzwxkOnq4f8/PpYBxsI66yzicdM5uwfuBBcw=,6397,0.5926215413475067,2084,1266,818,0.40737845865249334,True,True,junyi
3VfCWZFKH42xkwq4yzD7e3080d6sXtw7H8OM4GXFB/4=,2477,0.5607589826402907,961,470,491,0.43924101735970933,True,True,junyi
3Y3dv8Z1NFlxuvaLEK3OTOR8tgE75EPsZ93DaYMtApU=,4035,0.5826517967781908,1331,780,551,0.4173482032218092,True,True,junyi
3an/ohfFqHxFEA43RNM0CLh0slcV70c7Rah3pSz0KpM=,6205,0.7979049153908139,1895,1494,401,0.20209508460918613,True,True,junyi
3b4WEwcR5WHjNJnrhAcEIsTdouxsfJ8nSQZ/4ikf4SM=,10849,0.4359848833993917,2993,1440,1553,0.5640151166006083,True,True,junyi
3bHs8ubahqHEEoAqR+v3jiUd36aEtg6AwQwevvoB5g0=,642,0.5295950155763239,294,157,137,0.47040498442367606,True,True,junyi
3bi3IlXJCmGsHjjhLFlge9KQogLgE0Jf8uEEclJdq84=,8502,0.7203011056222065,2355,1703,652,0.2796988943777935,True,True,junyi
3cg9wquB/Sf1whKNOekAQ/XUQcTUeXeW01l06R+BbNE=,15328,0.670929018789144,4049,2680,1369,0.329070981210856,True,True,junyi
3d6TySgzpTTKAQOg92jopidAKHKVBDpBnxMb8Sj9qZs=,4253,0.5154008934869504,1214,680,534,0.4845991065130496,True,True,junyi
3nGnL8DTmGw+c/xyCRcMO0ZPv1fw3aecHbw/ZjJC5KY=,4817,0.6385717251401287,1777,1125,652,0.3614282748598713,True,True,junyi
3sOEuxGBKh09ZpcaBhWXk4+LY+clD2Zpu/qTcPUVkVc=,9817,0.760823062035245,2652,2078,574,0.23917693796475503,True,True,junyi
3xqxJN2W+KEo3SBjh7HnXpGjB4ewSbm1j/18fCn05yc=,11130,0.3701707097933513,3118,1199,1919,0.6298292902066487,True,True,junyi
3yFVYhjNhMP7tnJJxuCoKfPObXOoeoA5CWP2jeb05pw=,7894,0.5331897643780086,1945,1055,890,0.4668102356219914,True,True,junyi
4+ldnKTcBGARW+MU2EyI+NRoyL2s/Mi8v7Po4+/RR6Y=,3701,0.40610645771413134,743,322,421,0.5938935422858687,True,True,junyi
402dNPbx+4GTuJz3zqGawb4Vh7B9jYsME8+b/b01PwY=,9337,0.587876191496198,2605,1620,985,0.41212380850380204,True,True,junyi
412PAnenNdYglQWXSlVtS1RYA7Yg60Wty166LCMaiHU=,12128,0.6793370712401056,3433,2439,994,0.32066292875989444,True,True,junyi
42SFjQ+xu0j97j13pHv3KG8Ha68fBYaZmYs3641qwho=,9324,0.5070785070785071,2765,1412,1353,0.4929214929214929,True,True,junyi
44N1RXOiWg4Zy6x/GQwNyECUUWAykXTDm7q/dERMTZo=,26777,0.7809687418306756,7359,5799,1560,0.21903125816932445,True,True,junyi
45ftKnZp9GFrtzAvKvMwoMxtJRjVTLZxIXl1Vo6PzFY=,3130,0.7472843450479233,1012,782,230,0.2527156549520767,True,True,junyi
467jZhz5FyJVTN9X3CZRReWVNyCr5ThuQ6pvvkgXTtU=,3864,0.4945652173913043,995,514,481,0.5054347826086957,True,True,junyi
46ROXDc+6TtRsAPHki7/E82y+3AiRRPb1cWpd/9Y0OU=,16957,0.8348174795069883,5162,4253,909,0.16518252049301174,True,True,junyi
49sbTmIMLfubZ+jwrUcdiWu5DciVkyQyCxSDPZcKAgk=,283,0.6219081272084805,57,45,12,0.37809187279151946,True,False,junyi
4BVALn5irV1247RL43vCYHrGwGO+WyV5JNasXCe3N8Y=,2333,0.7201028718388341,830,529,301,0.27989712816116585,True,True,junyi
4Cs14shCTLdfFnIdlQ4kN//z73I2k0ryjmF6E1FzBmo=,544,0.47058823529411764,158,83,75,0.5294117647058824,True,True,junyi
4JcS9o5eqSGmsfqe/xrIrLH6445lgnKVcwF9b24djEw=,3083,0.7145637366201751,951,689,262,0.28543626337982486,True,True,junyi
4MP++M0mzDth2XpfseRILPjwOXOAk+Z2oAquU+nEEYE=,7270,0.6618982118294361,2060,1391,669,0.3381017881705639,True,True,junyi
4O/bW47dO93OOFh+q3pUoZX5kXQfbqI8onvu0RriUbE=,11266,0.7816438842535062,3060,2366,694,0.21835611574649383,True,True,junyi
4OOqY/SxnrDhJYNG9IWfI75NGmUwzQF9qC7YYdUwrbI=,4771,0.5489415216935652,1442,797,645,0.45105847830643475,True,True,junyi
4SA/+F8g7P5zdbzUmu4C70OOtDhWIvjhrlb5KsJctFg=,5199,0.6945566455087517,1761,1197,564,0.30544335449124826,True,True,junyi
4SBeVrJgh8ZwvSY6e/VWdSa0DJUHDRe/l7oRV8lcMlQ=,14997,0.8446355937854237,3877,3271,606,0.15536440621457626,True,True,junyi
4TQW6WshhFY+RHtjqPKjxICmHWA5iO/57N39cYvvg94=,7506,0.7576605382360778,2455,1787,668,0.24233946176392218,True,True,junyi
4XDfW1dI2Qj2YY+tPotz6VY0VwcPfBzlZtfQa8RH98o=,379,0.24538258575197888,152,67,85,0.7546174142480211,True,False,junyi
4XFuNjD7fAKEKH6jyDqZPZJjoVyNn2hc2m3fVVgE2/8=,605,0.768595041322314,132,101,31,0.23140495867768596,True,True,junyi
4ZORM6aG+AuCdVwSDcuY5CIGomxB+yV7jEQ3c7BV9w4=,15090,0.810337972166998,4169,3269,900,0.189662027833002,True,True,junyi
4aBoITa95u1u3wbHY37hPJIFFinn6ZnQjmZmH1sP830=,11605,0.8155967255493322,3300,2700,600,0.18440327445066784,True,True,junyi
4h8h7HJckqx804hyKFBQcjS2w4U2iK5KAgIjUD62vJk=,8059,0.7615088720684948,2434,1863,571,0.23849112793150518,True,True,junyi
4iIvLk0lZ+0GBDS1C/Manl0Akf1WtIozwfMOkh1/PFc=,18326,0.8458474298810433,5386,4575,811,0.15415257011895667,True,True,junyi
4nAkvbt0uRJybF6KnVxXm2BOHbmsyDH76Yk/noX63o4=,7601,0.8325220365741349,2038,1721,317,0.16747796342586507,True,True,junyi
4ocFSB0WJ+OdC6URbytP90Mq+4KaJGPg3s0Dq7kysgw=,4317,0.7350011582117211,1199,882,317,0.2649988417882789,True,True,junyi
4p305X/NqL1Zx9j6BDJEpiQx090kFF3o/LTTGJt5s/E=,17999,0.8728818267681537,4706,4046,660,0.12711817323184627,True,True,junyi
4wPA+igxcnoZXHzbK57bUr7kHKW3/0BlBZX/AhhSkEk=,3546,0.5014100394811055,1125,599,526,0.4985899605188945,True,True,junyi
51yeHVqlt292oD7kSlyIajwHuUui7mT8PnYSMxUExjs=,11211,0.6406208188386406,3138,2151,987,0.35937918116135936,True,True,junyi
54iaIjJ463HXFF9nhiwi/1eQIB9mSIwg4hA695/iDZk=,12887,0.5321641964770699,3658,2003,1655,0.4678358035229301,True,True,junyi
5BND+QhJLGTw2gPNqCs0SjqEQuGL+IN798lUL3RUG3s=,3975,0.5771069182389937,999,566,433,0.42289308176100626,True,True,junyi
5BnT2c2+EFO9V0kttajPXaqmUNM2vAriGL/lJQdnidM=,3385,0.6064992614475628,1001,557,444,0.39350073855243717,True,True,junyi
5GSDEOPz8ykUYPVBbe6s8+TAN1rUxtQgcpirWtxAP30=,22318,0.7986826776592885,6130,4798,1332,0.20131732234071154,True,True,junyi
5HHrsQn5qiyLxLdipqrxulXA40DVSUGJ5ciQw/cHxHs=,2082,0.48751200768491837,629,296,333,0.5124879923150816,True,True,junyi
5J5VC2w6tQ7Fcg+P2oh3vM6Bo2l8bWGb6mdInIicams=,13023,0.7965138600936804,3694,2999,695,0.20348613990631959,True,True,junyi
5KQ7wVusODIGXeR77YTjuxxWFJmiYmgbaEGhEYj+nLA=,15637,0.5127582017010935,4161,2236,1925,0.48724179829890646,True,True,junyi
5ONBvVe9aUAWqO62Iz9waAwTucWIMbiDHCrXaLI33gI=,10197,0.4645483965872315,2894,1374,1520,0.5354516034127685,True,True,junyi
5XOh9hPgSIw+4ArOqH8SRFzrFrG107tCCpwFQcpZ9T8=,8076,0.7274640911342248,2378,1698,680,0.27253590886577517,True,True,junyi
5XP5A34EbVYPsNgi2q9tNzuW5fSOenWfbBkAXDGKAfw=,4636,0.6007333908541846,1340,896,444,0.39926660914581535,True,True,junyi
5ZJ5qSJYX6dsa9HODIJqoF60NnmdmYfFjBKCus7D7og=,14793,0.8142364631920503,4317,3482,835,0.18576353680794966,True,True,junyi
5dlKZnVky02kPrQ3HjXsJq0FAO4nImf7Q/v6t5xOoq8=,14298,0.46405091621205763,3868,1934,1934,0.5359490837879424,True,True,junyi
5gAwpmADo34wxzAw/auRsRgPsj+RvWPNWhOj3SdP0Ss=,18033,0.7462429989463761,5352,3907,1445,0.25375700105362387,True,True,junyi
5hdoig9S5bMSEU8dY8iuOOHDxIhRszCyjA2j1+HvnCs=,7805,0.8207559256886611,2146,1784,362,0.17924407431133893,True,True,junyi
5j1q7lkHFW8HJEpfUarDBzEppNaa42zrbrz1xDFw+Ck=,4875,0.8562051282051282,1472,1274,198,0.14379487179487183,True,True,junyi
5kSVSkNPjZ9e2yxsfdxafAY9krIn0DXQ6ltiytN0CPU=,2265,0.5867549668874172,652,385,267,0.41324503311258276,True,True,junyi
5lnlUzir6Rr7jFNvU6nOmmGn2BbhG6KD8yqbM4ThGQg=,6920,0.6839595375722544,2025,1375,650,0.31604046242774564,True,True,junyi
5mFUoufpNkJhFs1oOkwpadisjYtcoP4eIjvzRWOShe4=,17108,0.5851648351648352,4960,2950,2010,0.4148351648351648,True,True,junyi
5svTX6dhnFB2BXkiQO1O2qKKYggIy5f5KlvnEVntVhM=,13921,0.863587385963652,3853,3304,549,0.13641261403634797,True,True,junyi
5zb/E6kSp+5Gs/Qc8wv83Dy5jLIhJ0UabdQmsqOQsXs=,978,0.5521472392638037,292,163,129,0.4478527607361963,True,True,junyi
6/W9+pVrE9AFh807PuW/my0HtmEcry1j37kEec96OoU=,1040,0.3875,292,92,200,0.6125,True,True,junyi
626yBYLPoc8DKImfxhg1tjUMl+mBpYA7IyBh0uG4zTU=,10204,0.5692865542924344,2769,1552,1217,0.43071344570756565,True,True,junyi
65YgA0ahggSdeaYBdRl82v/AO+pGzmZFqsi8TTDiP3Y=,20596,0.7990872013983298,5465,4322,1143,0.20091279860167022,True,True,junyi
68qPK7TNOqHxa+vLFjF5SaA8s85h1cGPnEcSqmp/G4I=,14920,0.5661528150134049,4232,2380,1852,0.43384718498659514,True,True,junyi
6KWUZDbWrp4SZwz1c3Qemu0nKG1Ga6+YmrXtTMuil4M=,3020,0.5685430463576159,901,538,363,0.4314569536423841,True,True,junyi
6OqLfhKn7o3dbR9qbbxwkWWiO1BxMW3/iRqMJ3C4TNI=,8135,0.6074984634296251,2378,1368,1010,0.3925015365703749,True,True,junyi
6TZjFYjr52rgg/ZkgA/7oKDULdwCE70SrbpQaSU+Dhw=,8768,0.5585082116788321,2872,1585,1287,0.44149178832116787,True,True,junyi
6U61DyP2lMcrqSxLp8pU4JOtVvXq/BnxM/YXDVtOMbQ=,15443,0.6850352910703879,4563,3147,1416,0.31496470892961215,True,True,junyi
6UJI/nUJp0n771O8yxGM05XhkhXAfGhsT0DUpIRFFVQ=,3378,0.5485494375370041,1123,597,526,0.45145056246299586,True,True,junyi
6V/YprobwdkqXU9Ck03rPhYYe4Q9XY9WSpxp86SfMV4=,11234,0.675716574683995,3175,2107,1068,0.32428342531600496,True,True,junyi
6Vtsi+hGTu16nZLlswQ3+aM8hW2uGguuyNci1tt2FGA=,18777,0.6689034457048517,4976,3185,1791,0.3310965542951483,True,True,junyi
6Y5XzaNnvoUiMar6dJzcl0gW14UUz60BXY0x7j2LqTc=,9055,0.6049696300386527,2646,1670,976,0.3950303699613473,True,True,junyi
6i0db08vxp78rqzmscqC0FXbeJxoms6cn5I6cKthu3Q=,8719,0.6458309439155866,2363,1584,779,0.3541690560844134,True,True,junyi
6nAU6ttRQrsVGHzwzudkjimJcBMWWqstLo4WIY+3API=,14527,0.9075514559096854,3954,3619,335,0.09244854409031455,True,True,junyi
6oBJy9a+mLrulaDRintC7IOXA5h6oXL7oGZCUuH34Ag=,12674,0.8567934353795171,3367,2882,485,0.14320656462048287,True,True,junyi
6oV4EEiXnfv1cY4pXBitHQAXanttlx5+Tin1nYM4AWI=,914,0.8916849015317286,187,164,23,0.10831509846827136,True,True,junyi
6pvjmsSlGTJckr+l8pX/6w1tycejY0vnlCAB4Y1XM2c=,6004,0.6427381745502998,1815,1178,637,0.3572618254497002,True,True,junyi
7+zCeocizYIObv87m8EGftFwibVwD/QmbxfbCVzvqmM=,17983,0.777567702830451,4971,3909,1062,0.22243229716954904,True,True,junyi
74uvGh9hBfx+jQdqw9n6TzJCCnr8Q5wDHJqUead5+RU=,4403,0.7181467181467182,1483,1039,444,0.28185328185328185,True,True,junyi
7GfQH+xzSUY6otFf1vL+TrUfTP/mPShPsFPOrzb8tZc=,6171,0.5840220385674931,2009,1150,859,0.41597796143250687,True,True,junyi
7Q7Ff0raH7ISEZGbShV9Ir0eGA4xKjVISqXU/om3sX8=,9798,0.45478669116146153,2986,1473,1513,0.5452133088385385,True,True,junyi
7SG42IykaqcKQf+BZ3fBFrPLaCiKOJJPkBDLvzzOpGA=,7962,0.7190404420999749,2502,1759,743,0.28095955790002514,True,True,junyi
7Sm+J+ttrSwXrO/bKt4ZU534Mei/1rKNNW6TpNBbous=,3953,0.5188464457374147,1123,596,527,0.4811535542625853,True,True,junyi
7TnOWfQ9G1fHRFFRHP2UNZ3SdWfN5I40rfh/K1ZepWc=,10117,0.7440940990412177,2985,2334,651,0.2559059009587823,True,True,junyi
7XD1iSHcwJip7u6ZRYkTQhjk1DLbKL4lQMrf9nBWnX4=,4255,0.6380728554641598,1119,692,427,0.3619271445358402,True,True,junyi
7Z/KCQJ/Nos87439+IVOvNaz0gOZPSKmri8DEQgNazU=,7290,0.506721536351166,2418,1212,1206,0.493278463648834,True,True,junyi
7bahRo+EXaR1vW7KnSZ4jCacIWZQrJwQEb99sSBqZ0E=,3496,0.5852402745995423,837,521,316,0.4147597254004577,True,True,junyi
7cFI976r8aUQRMMibLQL8WwJA2qtycc67CAiCglG1yA=,7705,0.45476963011031796,2409,1138,1271,0.5452303698896821,True,True,junyi
7czfGZNjJ+Rcey3EayH2GbR2/u33U9m2PKb1+lMA1bs=,11962,0.47851529844507606,3519,1764,1755,0.521484701554924,True,True,junyi
7dWkhERQ653SMIMYe5OWVLn4eVm+680Vd2jEcsd4urY=,2550,0.47019607843137257,879,356,523,0.5298039215686274,True,True,junyi
7fbJaPJmoN2eKJr5ET2A4DTPY+IMpCxnc/1KKVl828E=,4530,0.6646799116997792,1466,989,477,0.33532008830022075,True,True,junyi
7fdHou+q4q/QY9nkfzbfGyWbvW6prJBGXnsOLgIlQbw=,1874,0.6846318036286019,617,392,225,0.3153681963713981,True,True,junyi
7lZW5SB9whu/nq0QJ1pCSdPhmnwhRqHIldZ1Fu9tZfc=,14803,0.8575964331554414,4093,3508,585,0.14240356684455857,True,True,junyi
7rEAlWAqa1YJ7CQRXAVVv6XcsYdqKiyBAL2Ka5B2Ilc=,6350,0.7023622047244095,1949,1355,594,0.29763779527559053,True,True,junyi
7weJLTdGePcbI6VZb5/eh77sHGzpnDTZXxgPlao6EMY=,3629,0.5659961421879306,1115,674,441,0.4340038578120694,True,True,junyi
8+Ui8a/IXrjCEk/AeDlbsOtigJFg7t61Q9NwMy8Qzhw=,10637,0.6031775876656952,3262,2103,1159,0.3968224123343048,True,True,junyi
81slPW4ugMYwnmjLjYrVz7eWERceMuwjaiOLE/U4Cg4=,11049,0.8010679699520319,2982,2306,676,0.1989320300479681,True,True,junyi
837V238PE+WJU81/8PpBu5ac7OXNU68cfC9XrqOMp2o=,2195,0.4874715261958998,754,354,400,0.5125284738041003,True,True,junyi
86gD6UU9EwEF1gJZmFYJhq0JhD/6MJggjkNdt9CKiJk=,498,0.4738955823293173,177,102,75,0.5261044176706827,True,False,junyi
8Az3OnwtgqatpwpQiRDe/VxoHiiwkSdaRvVM/d9Ump8=,7087,0.42373359672640043,2304,976,1328,0.5762664032735996,True,True,junyi
8I8/B2pzv1x0TB2IYizxMzsw8l/i14wEn/1WNZM+UPU=,6032,0.8751657824933687,1654,1453,201,0.12483421750663126,True,True,junyi
8Ncq2cefDusTuXeFUg7peZUP0xBVAEOXIeeF0IxNqic=,10385,0.6405392392874338,2945,1827,1118,0.35946076071256616,True,True,junyi
8WAiCr1NKNHhwGcicB0YFGjsDNAY0RXx5Ox+ypKfw5I=,5304,0.4877450980392157,1352,690,662,0.5122549019607843,True,True,junyi
8Y/8JyLIUk9y2/ZOMDwmEnrWF7pIdwt1lyaQRyxLRNI=,13870,0.8268204758471521,3628,3016,612,0.17317952415284787,True,True,junyi
8Y/LLPa4qJ3MkBetE9ZNbGl20pEX6YeQQlmiJUN8LNA=,1438,0.5354659248956884,440,230,210,0.46453407510431155,True,True,junyi
8Ym4s3vcF6pOUvb/40MoFgXhozbjEeY5KL6S60BHW2A=,20295,0.6684405025868441,5858,3829,2029,0.33155949741315593,True,True,junyi
8bPBQBhp9U7NrhLkKfKLSGl2O9uB1gAOKEeWZT39hv0=,6133,0.7089515734550791,1631,1164,467,0.2910484265449209,True,True,junyi
8gOZWBxE7wr8h/rGa/eYrD35P96u8qBjlPgsaHLe/IU=,3979,0.5878361397336014,1052,623,429,0.4121638602663986,True,True,junyi
8gP4KXoWBPXMgFg1cGnXshZYBZU+gowtj0kzfH3LDIo=,5277,0.42069357589539513,1734,764,970,0.5793064241046049,True,True,junyi
8iS7x756R3pFJUI3YiqHZJFPniXzmPnp2z6qzvdCGnA=,11403,0.6476365868631062,3597,2313,1284,0.3523634131368938,True,True,junyi
8jkEHU4ZGZRzZmBTkQGDvsyLjZIUExZmATnB5Xh7RnE=,7968,0.7338102409638554,2710,1996,714,0.2661897590361446,True,True,junyi
8k+9SvG1ONpORy6T3RZLB31a0oaYmZCZLbpxKfRT180=,3490,0.5756446991404012,873,524,349,0.4243553008595988,True,True,junyi
8k9UdKViQ2bczWr7yGZpegN088XEN6uGJi0UI+kr5vU=,14864,0.7534311087190527,3981,2955,1026,0.24656889128094728,True,True,junyi
8lMQHDTU5EwGBMdGd+c7Ud2X2hPbTj5eNQyD9N+bMKw=,10721,0.807294095700028,3440,2796,644,0.19270590429997203,True,True,junyi
8pMUDp4kBRtzPo1x8x6E3RZvxvLworxgH8lF8X/YHEg=,5729,0.6409495548961425,1440,953,487,0.35905044510385753,True,True,junyi
8r/LuwAYZGqYjMC99f1GuYesPmAC/r9IICHF832X20o=,11194,0.668036448097195,2894,1937,957,0.331963551902805,True,True,junyi
8xpaZEEZJ6206ep4as56VEyc5msrupMEjwLCnFKp7LQ=,2513,0.6422602467170713,865,548,317,0.35773975328292873,True,True,junyi
9/bbdH6Njs7y/o/QWcJf3YPX0UcgoyiUAexULCLnKbI=,2177,0.444648598989435,572,285,287,0.555351401010565,True,True,junyi
9/t+DtjQ/LZtSlRiyxT42j/uCkaXNx3dilnbirw8Idg=,20550,0.6936739659367397,5940,4059,1881,0.3063260340632603,True,True,junyi
90InnhzKdtZM0H2+oxk5FJn/2H0Ms1RmMgi1UjxE9FI=,6588,0.7824833029751063,1794,1399,395,0.21751669702489373,True,True,junyi
9DvpqliuikAji14RPwHUjWDnOLbbWTLxJ9jsXn20c14=,7245,0.7821946169772257,2243,1723,520,0.2178053830227743,True,True,junyi
9OXYxjWigzS5FgP5nZ1y1EAtwQihC19PGhDlRKqK3Pg=,28054,0.6635773864689527,7033,4775,2258,0.3364226135310473,True,True,junyi
9Xac/b9GDl8fIMKKSkRMpyot1KsrqcJ/hE/axKQRwH8=,5036,0.47537728355837966,1272,634,638,0.5246227164416204,True,True,junyi
9Xi5HaV/Z5cinEcWKVZMuef69TOyb3IxHlE53sgUbQA=,5609,0.6584061330005349,1600,1063,537,0.34159386699946515,True,True,junyi
9f1FmaQfbOo76nn6Dbh5CDn3qfIP8JDD3YqD4/LnOPc=,9092,0.6904971403431588,2861,2010,851,0.3095028596568412,True,True,junyi
9jGMq1D6/YUFkliSwkqCwoWcAr1IYE6C0Y/kxGatKSo=,6950,0.5712230215827339,2224,1359,865,0.42877697841726614,True,True,junyi
9lLzmJS+WCb4lxE0gk7bLrUFLMGJusLbizkGGvG52IU=,10122,0.8556609365737996,3154,2677,477,0.1443390634262004,True,True,junyi
9lNlcOPdqsxv4gFKj/l373+cK9Dfus5eNNsvjHY1yos=,727,0.48005502063273725,252,131,121,0.5199449793672628,True,True,junyi
9mYZdVIanfb2q60ypmKFtC5A+DcaoFToPY67MkZPrxs=,10147,0.9018429092342565,3104,2851,253,0.09815709076574353,True,True,junyi
9sB9W+3x5hEFUN/pFLPakL+0ubNopXBy3NGjYgRPSI4=,16036,0.9570341731105013,5842,5414,428,0.04296582688949868,True,True,junyi
9x6ylQHM8NlCIaCOiZUyL0Y/WcL5HVFdi3T/TCdr9W8=,10827,0.8507435115913919,3200,2707,493,0.14925648840860806,True,True,junyi
9xKPJypj9iNixPJpQ2i/OsHZXTb1JcFP70VkCCOrH38=,270,0.4444444444444444,123,50,73,0.5555555555555556,True,False,junyi
9z7XR/FDfIAlrvVwIbw6cXuoTHPxXx3Tfe2fcYkLFCU=,12393,0.49302025336883726,3324,1687,1637,0.5069797466311627,True,True,junyi
A2548sl8hqkIMIGY7mlg/p2NN83cncQx2SgT00lyByk=,7504,0.6671108742004265,2349,1593,756,0.3328891257995735,True,True,junyi
A4uyvCQoQk/eDtSbRh4VQSkKghw1lxAz3hTuikhchB8=,14009,0.7308872867442359,4366,3202,1164,0.26911271325576414,True,True,junyi
ABO0BTpEYfMxm7ab5QAZhbOUJGui6N8h7ohJBPwlkDA=,362,0.5939226519337016,144,96,48,0.40607734806629836,True,False,junyi
AFUszjsf6svmUlda54hgkgrK1VBaoOplWgUuvdf6qHU=,2799,0.5909253304751697,941,544,397,0.4090746695248303,True,True,junyi
AI1fp53PL5PAqIN/QBoT8xH/OkkpVuGuw+2Bfw9WjbM=,23264,0.8344222833562586,6742,5495,1247,0.16557771664374143,True,True,junyi
AOPJ6VAg/KKkFJJKSu/lQV/vvzgscheE8m81+R3ZzIQ=,4123,0.5154014067426631,945,506,439,0.4845985932573369,True,True,junyi
AUKcVABab0p2gaDWuFp3/SBBMLdbzqtduBnXhYaNX4A=,7276,0.7667674546454095,2313,1694,619,0.23323254535459048,True,True,junyi
AVQrq6G+1T2BculthjTF+IbOH3pgRM1G2mPRoCRxQXs=,11592,0.602743271221532,3158,1869,1289,0.39725672877846796,True,True,junyi
AWydRuHu2+cX0wAcWh9RcQJnBs4mFdeObcCzF1yM17A=,163,0.6871165644171779,67,57,10,0.31288343558282206,True,False,junyi
AY0mOAFvi9VmstXOvox56zDaP9fa9bTwKm2mjraTSpM=,8125,0.7149538461538462,2562,1856,706,0.28504615384615384,True,True,junyi
AcYYIf9FvFbcJSukoI+g8dbbVnGONCM2tSNWDBZPEVg=,12377,0.7038862406075785,3751,2608,1143,0.29611375939242146,True,True,junyi
AftCWTe9HWCQtI7qOgUITUl2eWnLhe6p09IHSLTFB2o=,17337,0.6358654899925016,5121,3213,1908,0.3641345100074984,True,True,junyi
AinVdT3v40+Xkc6XK1PV8yd3nMSyxfXNylgOVqAUTuc=,7411,0.49669410335987046,2107,1050,1057,0.5033058966401296,True,True,junyi
Al012qyMxPulPF6AG/591Tc4yZpAu7WzF0W1nozqDjE=,8158,0.7150036773719048,2291,1697,594,0.28499632262809516,True,True,junyi
ApMn4fwBLAonJKKklY9Xx7r36OqGMSFOyTu/K5c9c+o=,2118,0.49055712936732765,754,331,423,0.5094428706326724,True,True,junyi
AqtrGa+Qvhqa4wB01SqXoQf7HJKNBmJRrvl6F9s1ANE=,9814,0.9188913796617078,2917,2657,260,0.08110862033829225,True,True,junyi
AtutQaYoYed+bhR0nAKKuHcZCifFK5QvSh/zsmSBYws=,7614,0.7864460204885737,2255,1810,445,0.2135539795114263,True,True,junyi
Av3E5D+JWfyHjDr2vSsiW200MsgBmim5sLZc4UBQM/0=,1985,0.5541561712846348,436,273,163,0.4458438287153652,True,True,junyi
AvVjpkv6dhnbfTduLjLGr3yAy+u/yrG3tRyFD0dnplI=,10953,0.7447274719254998,2917,2204,713,0.2552725280745002,True,True,junyi
AzYy1fVXRy9vByJG/zOf+okOqOYX/wK7VjwzQtO06mA=,16150,0.4973374613003096,4981,2600,2381,0.5026625386996904,True,True,junyi
B1sKmLxXJgGq4v5V6OiiviSQvlRRVdG+VPhw5mtnB2A=,6500,0.48738461538461536,1465,792,673,0.5126153846153847,True,True,junyi
B8R6Hg4V/F/7VfoeoS3JflqvHVf/8wTTpw3F+5QRK0U=,7740,0.7175710594315245,2392,1712,680,0.28242894056847545,True,True,junyi
BCz3hEB0CxBDHs6ebA0dwY/yJI1GRKhXo5MmxjsLONM=,4270,0.659016393442623,1296,850,446,0.34098360655737703,True,True,junyi
BFLeIt3fKT+RFErw4CjMV/iHEo5mzd9ZTYi6tORkpok=,850,0.41058823529411764,278,122,156,0.5894117647058823,True,True,junyi
BFN7V9RhPTIHj+hfM4kCpiFoNMu4vJs73h071w1MYXw=,5730,0.6797556719022687,1845,1101,744,0.3202443280977313,True,True,junyi
BG1RsWojzEHzV28RBm/1iKi1NyZgDcDomLYEJSV6lmo=,35840,0.7788504464285714,9373,7208,2165,0.22114955357142863,True,True,junyi
BG5tyd78Q/W+eQU5e5tUTKS14+tiZ6//Zftq7fxiLYE=,10054,0.37915257608911873,3173,1266,1907,0.6208474239108812,True,True,junyi
BKRlVJjusXXqyF7Mti7eUJiW9bgzP/IOVLxgWOgdPdo=,4712,0.6975806451612904,1602,1063,539,0.30241935483870963,True,True,junyi
BKt/X36NfFpI627PMWLYduGX+QjDoMwvH4t3vd7m8Fk=,5777,0.7789510126363164,1778,1352,426,0.2210489873636836,True,True,junyi
BMWFDTPQo2WDehX7lEVqVUvQfGCijq3whIyPYMnjc30=,11192,0.8154932094353109,2883,2383,500,0.1845067905646891,True,True,junyi
BOsRDO+HYK8BWQZeW6NYvjKlmA4tI7BV6Y9tC1RIpQI=,521,0.5489443378119002,180,115,65,0.4510556621880998,True,True,junyi
BRVWXF/J4+0yaKyucGRj3Zey14U/6FJcgOtZsz0t+5c=,14475,0.6469084628670121,3992,2688,1304,0.3530915371329879,True,True,junyi
BUPBhaJgHOYfys/H+7clnnHEW1LZ9koprANEAsxlMpc=,3932,0.7886571719226857,1071,796,275,0.2113428280773143,True,True,junyi
BcsnYUEwbuR5tS+BMG9YOQPDladPhc1gCufYlv/PNr0=,4848,0.5210396039603961,1586,792,794,0.47896039603960394,True,True,junyi
BjRt9ztH0eQGaMBHEBW3d1dnrKlg/t9cOV//Lvar6Tw=,10371,0.7298235464275383,2758,2077,681,0.2701764535724617,True,True,junyi
BrLr9H0NbhhH0E8bcCav8bq+2csWvEraQIgMmNsgvaE=,8683,0.7415639755844754,2365,1812,553,0.2584360244155246,True,True,junyi
BrTqq0RU5pT0MuL93VJfFGwV8IhRCgcWmdz0Qfp0i+Y=,2254,0.75377107364685,746,565,181,0.24622892635314997,True,True,junyi
BsX6i0arMQF4Pm3e13U2Hs8vkEflls6+v5TKh3xvkU0=,4455,0.6664421997755331,1494,942,552,0.3335578002244669,True,True,junyi
Btds09v+9HMRx4P6eflC5gPQoNUwxSaOSdqT5SfNzRs=,7284,0.7936573311367381,1992,1628,364,0.2063426688632619,True,True,junyi
Bwy+g5s/cdkK1YBAu2AbE00aDEIgVHvQLglAIAnNIlU=,3820,0.35209424083769636,1152,446,706,0.6479057591623036,True,True,junyi
ByQA/MmCIFpFDmbqdsY9HPLUXlMwe6dauKrJXJFmtO0=,24323,0.7094930724006084,6977,4955,2022,0.29050692759939156,True,True,junyi
C0OnRDLdTPvcy6KEjcoRFC2/hqKUOxytXBGKJT2hbaA=,1882,0.39585547290116896,673,297,376,0.604144527098831,True,True,junyi
C2AT0OBTUn+PRxEVd39enhW/DJtka1Tk90DUAR6yVdA=,8074,0.5985880604409215,2280,1392,888,0.4014119395590785,True,True,junyi
C2mLl3LPA63WewP1k+Xh1aXlNuGWnhIOUKANkoz5sA8=,4860,0.7366255144032922,1400,1022,378,0.26337448559670784,True,True,junyi
C7iIbMZdPneDzT/rQltVfazJAO3ZwSES2ZirNpKCmeM=,3421,0.6571178018123356,836,548,288,0.3428821981876644,True,True,junyi
C909uiishGWZRTfgsev1IhCjyL0gUD0ph9QKAYE+2DE=,614,0.5130293159609121,277,113,164,0.48697068403908794,True,True,junyi
CEQr505iIq/1Tu39ojlsHXf7Y+jMalnhWU126UWdgyI=,12231,0.4726514594064263,2997,1482,1515,0.5273485405935737,True,True,junyi
CF13V6t23GjzMMrmb1dKAo7CKiOon8TM72V7olKWEgw=,6071,0.5425794761983199,1785,996,789,0.4574205238016801,True,True,junyi
CHLr4TQcYRa8ps6Vpimyi7fiuL+EtoUaN1YAWoCE+Tw=,11976,0.7140113560454242,3260,2369,891,0.2859886439545758,True,True,junyi
CMyGDXUELzeplk/4CMeRIFdFeukLF5cACzMugP2ar2k=,218,0.5596330275229358,51,38,13,0.44036697247706424,True,False,junyi
COZ39Wo+uIUO2s7c2VGEHjJf6Vx0xifxVAiaeHtaTdk=,14915,0.8679852497485753,4112,3621,491,0.13201475025142473,True,True,junyi
CPI+5YCeEmhqdk6znJeii6jJUNl1QWGEvwCUJ6uLflg=,96791,0.963963591656249,27467,26498,969,0.03603640834375099,True,True,junyi
CVPAbATBJIcwj+W5tdHPMJPOXd7zjBzeCVdUuSchQOQ=,219,0.410958904109589,90,56,34,0.589041095890411,True,False,junyi
CejMfdLJACR3d5PBzF/nALE8oDLqufdT1ThGCWBAtzs=,1863,0.6446591519055287,476,318,158,0.3553408480944713,True,True,junyi
Cfvrgm1Xt18sIEZ4kpSnePUQfJFC6uDZ281lZ6A7m+U=,4733,0.5263046693429114,1356,709,647,0.4736953306570886,True,True,junyi
CsEbUU6ye3MWlxUXRNZ6czmGLlt70mRKs5S2ZyYEn7E=,16415,0.7231190983856229,4880,3582,1298,0.27688090161437706,True,True,junyi
CspTRnYx/rdKxnW0RuyjMXwx1vrcR55tQZDzjzV5mRc=,2967,0.6235254465790361,860,523,337,0.3764745534209639,True,True,junyi
Ctr+7eXOp1moXyVJDfXHxeK+VijAj+QGQf3KN4+waNA=,8061,0.5241285200347351,2211,1061,1150,0.4758714799652649,True,True,junyi
CveY41m7f7+cJ9cxZRljF7rMPXhMo990yikQ5KYM0x4=,1483,0.5529332434254889,605,334,271,0.4470667565745111,True,True,junyi
CzDZ1MLXzGdIvkP/kEE92OzFgbVyBwoUvtEx8YXAzUQ=,9273,0.6406772349832848,2602,1651,951,0.35932276501671523,True,True,junyi
D+FHl27nM1FORJIrrx21aDYgSjXGIM4nzk77BDQCSz4=,8840,0.5166289592760182,2550,1281,1269,0.48337104072398185,True,True,junyi
D9HHanexVehrjyeBGS1P8EJ90naPdALsOcCou88jhx4=,11335,0.7324217026907808,3603,2709,894,0.2675782973092192,True,True,junyi
DBCNxZ0sgsp2UnxD2QjnB5hpbDbKo2poEf5HLMnXhck=,12826,0.6227974426945267,3772,2315,1457,0.37720255730547325,True,True,junyi
DDlDJPD+Pf0lX8WBgnOUdm1wA1bnHc1lsKlvUct+Qb0=,1057,0.5307473982970672,338,178,160,0.4692526017029328,True,True,junyi
DH1woY0jiq5IXrppQ7IjlrjnVUoe9Y99FFrAnh4K9qc=,4034,0.5694100148735746,1157,644,513,0.43058998512642543,True,True,junyi
DK+rYDqFxs5kQDeBg236ch52xxIxBdsYcrn0t52y/O4=,1466,0.3867667121418827,325,174,151,0.6132332878581173,True,True,junyi
DLnrzChizTx453F5jnRlIz32VK1+v4h/rD4QR1q9KL0=,1045,0.4172248803827751,312,170,142,0.5827751196172248,True,True,junyi
DNXGwbi0H2VORtI1i1PGiDKE8ZQmugjzZLUNzuWQwE8=,4158,0.6445406445406445,1125,719,406,0.3554593554593555,True,True,junyi
DRTrxTZ3EjiwnJUUqIsOLCqDQihuHkqux4RSUOkk2sA=,1936,0.5681818181818182,620,376,244,0.43181818181818177,True,True,junyi
DVBcyBb/39zS15rRE/1kw6f60ixtFIs83UFgKIrKv7c=,2564,0.547191887675507,692,373,319,0.45280811232449303,True,True,junyi
DX7JpJCwcJs6C2qejstdt0z/KJVJV2d6+HHL5VJxYEQ=,20645,0.879631872124001,5673,5013,660,0.12036812787599904,True,True,junyi
DZOzPkrGKGiWZ0ZEIezqQG1SVtsv7aigoWyf1AIB7X0=,1820,0.6527472527472528,759,441,318,0.34725274725274724,True,True,junyi
DgH+MRxk5YRf7Ngdo7+R+ibJY9IgkZ3LRX4c/KJ+JV0=,3847,0.7314790746035872,1290,933,357,0.2685209253964128,True,True,junyi
DijENLQwI0eQXpvIEtawj3UvDDB4tHjXT54jhWoEXU4=,5751,0.7035298209007129,1602,1115,487,0.2964701790992871,True,True,junyi
DmF26Iww/ia0ys9by6NpVRp+OxwD5keuuqZ+CbR56FA=,3548,0.6237316798196166,1209,762,447,0.37626832018038336,True,True,junyi
DnZ+4F0wfZyawol4t+/bAvIm5PTPYUC/NSZakKr8g4I=,4134,0.6279632317368167,1263,833,430,0.3720367682631833,True,True,junyi
DoDNUFFBBErUlGRh0wKmlOlznf+PtByhRT4bnpALAD8=,4078,0.6427170181461501,1340,852,488,0.3572829818538499,True,True,junyi
DsagSH6fY3fa91S3IfiweWR01YDbg7w40kuIJWwvvZM=,3835,0.31681877444589307,1075,385,690,0.683181225554107,True,True,junyi
DtvKO1+2Ch/AE2FEfvJk1CyuVHFhFA08kGI64zamVfI=,5212,0.6887950882578665,1364,943,421,0.3112049117421335,True,True,junyi
E1brbms8OjC9eR5b/1BQp/6KHCwAlnOG7ZFwXV8S/5U=,10415,0.7163706192990879,2935,2055,880,0.28362938070091215,True,True,junyi
E3B9SjT8bMG3v5nbUC0ygPR3x4i/oVjGtA/5V/f05rg=,2633,0.6148879605013293,799,521,278,0.3851120394986707,True,True,junyi
E8el1KULXDYfznMNQWPhOukFnqhiZit6gIGI/u9Kupg=,2039,0.9382050024521824,706,669,37,0.06179499754781759,True,True,junyi
EC3mXr36NXo2Y460UNktlpNHH4fmUjKYq/yDyy6NXUw=,5237,0.5596715676914263,1625,876,749,0.44032843230857366,True,True,junyi
EH35TxVqqCRWfd7C+kBleb4yHsq1ycppE5AvnX+WQBE=,27331,0.7868720500530533,7290,5682,1608,0.21312794994694673,True,True,junyi
EKYLxMLTcn5kWVoGOsh3zHLI31GB3V/xZq1IjjqFPNk=,10204,0.7945903567228538,3054,2401,653,0.20540964327714617,True,True,junyi
EQns4v7nyWQ3aZaF1kJ+TZcugJ3hlFkc153alreohMo=,620,0.717741935483871,265,166,99,0.282258064516129,True,True,junyi
EaT2e1/r54WlF1GML+FRf3XenFqIfSU1u2hdakvUJVg=,5661,0.7012895248189366,1360,949,411,0.2987104751810634,True,True,junyi
EeAQRS+kGarrxqFWxO5U2lJ12zE7xgtIiHO9ojBNYpw=,20505,0.8583760058522312,5683,4900,783,0.14162399414776883,True,True,junyi
EeGMnhrm4kMsHkyciCkRHDKmLKUY/jHQd5H7C/vPDNM=,3954,0.7382397572078907,1377,969,408,0.2617602427921093,True,True,junyi
EedOkesRVDnFwtBDegS+2DXjAMOSPgOvhPbGLmqAjcc=,11041,0.8125169821574133,3807,3055,752,0.1874830178425867,True,True,junyi
EiOn32wcldy/0j20uRGp8a2BWA9tBLVZiul1Z67Shxk=,2831,0.5383256799717414,988,439,549,0.4616743200282586,True,True,junyi
EmMf7fKLNR/bxD1PlEAJpZ6oI8o05NkGbs2nb4hnj20=,11068,0.5530357788218287,3117,1841,1276,0.44696422117817125,True,True,junyi
EoxaKgXtsgVLpnw8d6TdnsnnqzM2gEb+mHUwkOsZGpU=,5132,0.5444271239282931,1446,848,598,0.45557287607170693,True,True,junyi
Eqh3rtLupSh4OZOBfz/QwrSxbdbPLXAGP3luGcRi7Kk=,1641,0.7257769652650823,491,335,156,0.2742230347349177,True,True,junyi
F4GmvS4Bi2uZWkbTIc/2nAey1+AXYlAgQWpQcuY9HOA=,17685,0.7985863726321741,4480,3572,908,0.20141362736782586,True,True,junyi
FDFKlshYbN4rO93MtgimwfpEoKerSWp1RFhoSKWXHsY=,9142,0.7979654342594619,2745,2172,573,0.20203456574053813,True,True,junyi
FFX0ABpL61Fw6NB6T5NXjBlQnaknwhJjmbrC3z1AyHA=,5899,0.5260213595524665,1669,926,743,0.47397864044753346,True,True,junyi
FGPC2guShr0Gk55qXrzvUeeAunh9m5xf7lFMutk2foU=,13255,0.5312712184081478,3890,2025,1865,0.46872878159185216,True,True,junyi
FJV9jFDQLQAIAZoc7YboSSkQOkS3dNtCQAVDL874AKM=,16867,0.7048082053714353,4178,2865,1313,0.2951917946285647,True,True,junyi
FJzw+tZX1ifB8bWZsiI1O/zF5LjsyzzAKwvBigQ10uY=,5935,0.8163437236731256,1561,1302,259,0.18365627632687442,True,True,junyi
FOZdPAbVSKKgrQXyJeHVAVOYrXr2K5t8OYG1fJ/+Ex0=,2826,0.6277423920736023,598,401,197,0.3722576079263977,True,True,junyi
FR4KFXSJBwuu1LqaZRVJs+gv6d7T8mqibchrQhNvAKc=,19010,0.5037348763808522,4828,2484,2344,0.49626512361914776,True,True,junyi
FRnM1V06dIJJUcNhs6gQ74GXbm2KQ2J2MvCv8TmPQ6Y=,1770,0.8242937853107345,615,529,86,0.1757062146892655,True,True,junyi
FXZHogJiLvLU25++7dJCE1y9LEuSi4gulb0iPp36vdQ=,13896,0.6398244099021301,3986,2573,1413,0.3601755900978699,True,True,junyi
FYcSOmLQ15uJo7MMKj/zGR2neWU4YI50GUDT/kc9Y2I=,7012,0.537934968625214,1891,1059,832,0.46206503137478605,True,True,junyi
Fbva86ABOgW15Bp8DdzvBmqz5++wT8+Lwr32PDvWBkk=,1634,0.37454100367197063,489,218,271,0.6254589963280294,True,True,junyi
Fc5XlXIANxkaDJS1pCHnp6bBBBrzfplmaPJWEhyHdh0=,16136,0.7754090233019336,4411,3352,1059,0.22459097669806638,True,True,junyi
Fj4qR65Oj+FrvKsCqx/NszMakMB145XBuUyRAUyeMqE=,27257,0.8486994166636094,6973,5941,1032,0.15130058333639063,True,True,junyi
Fn3aEQyqcTZhRlGzh6NLdZFpKY5yVIG9y9aAXfrRW+s=,1362,0.5198237885462555,471,235,236,0.48017621145374445,True,True,junyi
Fp2N843wQ4ascJJ2z+U5gFTitsWL/g/USFepwMhW+cQ=,3457,0.5634943592710443,853,491,362,0.4365056407289557,True,True,junyi
Fs7rh4BWTNyGyHmP1FDo2C0JQzPnyByghyUsARf8uvE=,1162,0.8029259896729777,383,318,65,0.19707401032702232,True,True,junyi
Fu7F8fXg/tjFKnFZoPpTGMQKn0gGxbJNebMMftkdJqE=,6750,0.5585185185185185,2045,1189,856,0.4414814814814815,True,True,junyi
FvDZFrVXY2bQd2/8mdGCy8jeH+9OoOsU4qeDzZSptPU=,1979,0.5351187468418394,610,332,278,0.46488125315816065,True,True,junyi
Fwdh4gilz6J+a7i4zJMgpSHaln8cmbwVkMg5DeeW+8o=,13559,0.7148757282985471,3477,2522,955,0.28512427170145294,True,True,junyi
FzlL3BMs4RcndF+5SIruQoA/ds42iWUt+cuErOyosIg=,12954,0.5575883896865833,3709,1990,1719,0.4424116103134167,True,True,junyi
GA6Dha1MDEK/UJfiA7ab/hYV7PyA+y3Ff04A0q01FLI=,4956,0.511501210653753,1448,786,662,0.488498789346247,True,True,junyi
GBuuTGwr8n5kkbXa8dQb8tLv+dfcK0gZ9vNcFCjlDJ0=,7845,0.7782026768642447,2047,1573,474,0.2217973231357553,True,True,junyi
GF75cBxmQVNyy22Jr1Y+46Uk1eSmfjPm+W+v6nLnqBk=,9077,0.788696705960119,2560,2045,515,0.21130329403988102,True,True,junyi
GIVcQl5Ns4y4M7bPjsFFJ8jr99ZIxBwMp3iV5FwbEaY=,9954,0.705947357846092,2669,1910,759,0.29405264215390803,True,True,junyi
GKsTLPdjoFT5L8MFLduUaKOBTgtAz0RjoP8E5qYsmF8=,27225,0.5216528925619834,7324,3837,3487,0.47834710743801656,True,True,junyi
GLgbTk9pSzIkaPoN4xF271DsfbQI9fY+OK+9tsBiRH0=,3686,0.6237113402061856,1168,790,378,0.37628865979381443,True,True,junyi
GOpS2Uap4gYwMnk0Li7V7U2S7wDYXRE3XijTxTdngsk=,3476,0.5940736478711163,1032,621,411,0.4059263521288837,True,True,junyi
GPPZXkxbs0qmtzPG952Kt89U6p108D097EKpuuHk2Kw=,5088,0.5322327044025157,1590,849,741,0.4677672955974843,True,True,junyi
GQxT3JGAhbU5cjX/+o/dFINzhYOTlP9i7GeQGgOIfHs=,5814,0.4480564155486756,1742,771,971,0.5519435844513244,True,True,junyi
GSi2GkiUGDNXuUqCrsNK5ZB5qW8bRkAoY9wEGx5rRng=,11761,0.7096335345633875,3554,2537,1017,0.2903664654366125,True,True,junyi
GWrfasljlyqZ+UNT8MRgzzxZcKQFFHyQVMnG7T7Wre8=,20453,0.7074267833569647,5953,4211,1742,0.29257321664303526,True,True,junyi
GXHkSyhWAOB0hH/wOko5D5pr0II7SUPrjnejCj98N8k=,13335,0.8272215973003375,4150,3404,746,0.1727784026996625,True,True,junyi
GZY8ga1P0DFvam+70Fjj0NwIsPACRwDe+RH8rmO/m9I=,8577,0.5800396409000816,2582,1431,1151,0.41996035909991836,True,True,junyi
Gac0tsJ6sYFX0zK9L6kkirwp3tvIjB7XfBt/4n74c60=,6648,0.6031889290012034,1608,1024,584,0.39681107099879664,True,True,junyi
GcHA5YrQ/VZR/FtKlMu8Hmh6+nnO4U8azAFab0hzJQ4=,10304,0.7545613354037267,2835,2175,660,0.24543866459627328,True,True,junyi
GcuG2ukgxXmym9WSnWnlpKVNUFysZ8QfpAgpJMcheMU=,16110,0.8320297951582868,4472,3659,813,0.1679702048417132,True,True,junyi
GhFxv7BoAI++BrgjSP6mVEhEsO33gLRvb66hG7WW6iA=,7734,0.5874062580812,2103,1265,838,0.41259374191880005,True,True,junyi
Gjss1lWMScHPWwWZlfDClUNvL+nDFQp9FEarWeurC+Q=,4492,0.48018699910952806,1117,533,584,0.519813000890472,True,True,junyi
GkU4YRR5l1jeRDOWNQmr37Lv5G6jR8z3dHRsRgLiyts=,11880,0.7648148148148148,3365,2581,784,0.23518518518518516,True,True,junyi
GoN9YWbQI69re/7NeUvdDmSwlJ5jhP/K1FhXV5R/+MU=,1481,0.5280216070222823,469,254,215,0.4719783929777177,True,True,junyi
GogTiwoGv+VkAzLYeC5+qm/zPzJ/9QGAW7+43gzaFyA=,8874,0.9646157313500112,2693,2597,96,0.03538426864998878,True,True,junyi
GqjrKOz5f3VIEoX3SIXFX4c0u+ZQf78K7jEausPq1zY=,569,0.648506151142355,214,121,93,0.351493848857645,True,True,junyi
Gs2eHMkqvr4Vmv27og7SW0dttNc2vGI+ECb6wDhNGBI=,3170,0.5615141955835962,845,501,344,0.43848580441640383,True,True,junyi
GwclrRm7k07DFC2KIvqVsFlerQ5flvoi99WUcJsWipQ=,8242,0.617083232225188,2863,1807,1056,0.382916767774812,True,True,junyi
Gxwblz42IsMsZNyQ/o1AOV2zvb9lGbE/lk8NAHtE3uc=,10959,0.6024272287617484,3142,1978,1164,0.39757277123825163,True,True,junyi
H+kjSpD4tvJlZwMTYPX4lhGX0K6WehpDCq47nVwRYI8=,8381,0.9016823768046772,2607,2401,206,0.09831762319532278,True,True,junyi
H4fOcqGek4BtHazEnZ2doEbvXkWwjby37JYFdtJWbLE=,1393,0.45226130653266333,356,201,155,0.5477386934673367,True,True,junyi
H9tE/axZ4DsmCfhZY9auIyxyBeXalwM2dnTvNSkhD+E=,12801,0.7561128036872119,3540,2635,905,0.2438871963127881,True,True,junyi
HDHAipSsrFpMgCVqD8wYT4JhziGVSgjG2rkkL3dKY/g=,10023,0.5807642422428415,3154,1886,1268,0.4192357577571585,True,True,junyi
HKqPgUALqZGw984KFqAMeDwDJTi9cNhJ51UXfjzELSg=,18464,0.5732235701906413,4916,2899,2017,0.4267764298093587,True,True,junyi
HMhzLW9miVf0WLDDX9F7g67mAm9td0TfHSo8TeZQj5M=,10715,0.8131591227251517,3051,2423,628,0.18684087727484833,True,True,junyi
HNE+oAEQp1JlBxa/P70tJmhSzwORSx4tR5MrBQl5jsU=,6702,0.9183825723664578,2000,1827,173,0.08161742763354218,True,True,junyi
HQovuDJjeLKXHO9abi0E4pR8SAROYKEviztcwbbZxTA=,6982,0.6645660269263821,2061,1443,618,0.3354339730736179,True,True,junyi
HVK5NzAAwATh2OikiX5NMJyrMLE5+2ef85INuQeTIqU=,5624,0.5812588904694168,1495,880,615,0.4187411095305832,True,True,junyi
HWsQi2gh2imZ+B7lfffCgOj8uzOy5kWwOYfTHpW0BI0=,1429,0.5780265920223933,455,310,145,0.42197340797760674,True,True,junyi
HXnIAxmCDEWAJJV2J7f2pEeGvddv9MpcRjbckar9YTY=,4859,0.4801399464910475,1008,515,493,0.5198600535089525,True,True,junyi
HZe7qpPO4/WVhGuUwG7X8OhFgaJ0n4RPiM8TGcfu2jw=,5265,0.8567901234567902,1467,1269,198,0.14320987654320982,True,True,junyi
HZjujc6emQQn14Tviy/t0Xw8v8jRJ0J1Le11NzVrlV4=,11418,0.8915747066036084,3553,3171,382,0.10842529339639162,True,True,junyi
HbzxHxzxJEcXXmpGxn6HVgsAeH82lubPagM1RpCsh8E=,11913,0.7077142617308823,3401,2388,1013,0.29228573826911775,True,True,junyi
Hd9OBbvjHN64sdMS8xVftqco6BxQnrWHOq1Leu3ZjWE=,17473,0.879986264522406,4352,3834,518,0.12001373547759397,True,True,junyi
HiffIWPAC1YJDwu8WRYatMOmxW/ufbs1/6A6HoWj1dU=,6441,0.7748796770687781,1775,1445,330,0.22512032293122186,True,True,junyi
HkphON7FGZhxH00QM+nroOHvAGI5ntJX09tiU1Vu80A=,16475,0.6199696509863429,4385,2702,1683,0.38003034901365706,True,True,junyi
HniUZmsvDs7UGkQACuak9ZIBo5uVv1BxZT8RHR/uGhY=,6606,0.45958219800181654,1612,772,840,0.5404178019981835,True,True,junyi
Hx+/niNKmgHzv36efZiF8Q0C6Sfb5oZ9OfeTsH46vkQ=,4283,0.8148494046229279,1205,1011,194,0.18515059537707212,True,True,junyi
HxDSyyUmHERWpro0B8nEQFWH/E461CuZXM5F7LpOHO4=,13152,0.6034063260340633,4219,2419,1800,0.3965936739659367,True,True,junyi
I/598ZmMIMeI5NdTNKVBHbbhAMhZA3QRabeZhQ/ddL8=,14768,0.6417930660888408,3978,2683,1295,0.3582069339111592,True,True,junyi
I5F+V017wkGXlo9YHRtw1qVfzFDId1dx7MtIEKLw8J8=,5003,0.687787327603438,1334,939,395,0.31221267239656203,True,True,junyi
IEMYaVfcWrRohEaMdaspvChKtdAfFIeDu5dOMwU5tUE=,4148,0.6135486981677917,1457,858,599,0.3864513018322083,True,True,junyi
IH5IsJ7NfivpV8YRPlcRNiwPmrtI+kJpCmIU50BzznQ=,14099,0.7253705936591247,4199,3015,1184,0.2746294063408753,True,True,junyi
IN2rf9N8yr1JT9tAJXei08vWhgCbmljAZ141KO0Bdto=,9990,0.7246246246246246,2694,1964,730,0.2753753753753754,True,True,junyi
INRHW4A8HcdD24d9DGp5JEEdx6Z4StQt3X0XknSShA8=,5486,0.6294203426904849,1702,1075,627,0.37057965730951514,True,True,junyi
IVUvy0QcT07F2gkgugegsSriZOW7G5XrpVSXqY7TWl4=,2047,0.666829506595017,764,499,265,0.33317049340498295,True,True,junyi
IZmjDB5gc3QtqCkw10LYwtPthoXOeCmqIDr+yIt+r+A=,8394,0.6385513461996665,2353,1498,855,0.36144865380033353,True,True,junyi
IdFjvRDOndqu+VdtEnL+sMG3hOHxxvIoIE6MOCeqn+I=,3320,0.3966867469879518,1044,361,683,0.6033132530120482,True,True,junyi
Ii1pVHrc3A/M6pPt8oHbceXvm/CskxJAkGhFtt4isDg=,1790,0.4072625698324022,620,290,330,0.5927374301675978,True,True,junyi
Ii5Cz6tdyODxCCa3TBksmL6H1pZRzQQ8oFfvyTRO+pA=,11353,0.492468950938078,3142,1706,1436,0.507531049061922,True,True,junyi
IiMukcYDN2GyT48gY4Z/D+VuYzqu4uN1AkHV+io7qzI=,2037,0.5871379479626903,621,326,295,0.41286205203730975,True,True,junyi
Iivwb5nkQMEAcelv+J6uucjr4biBoKM554pqeUoGhs4=,7981,0.8749530134068413,2216,1915,301,0.12504698659315872,True,True,junyi
IjjEW09De8UieuEGOrK9rwUBobUbJgcphwsteZNFJcA=,3082,0.899740428293316,921,812,109,0.10025957170668398,True,True,junyi
Ijs1UshEIMgt1OcG6eKsXptj44RGEr6VuWhFcmr0erA=,384,0.6145833333333334,121,75,46,0.38541666666666663,True,False,junyi
Im/O8JQfe6IGtnRmK02yN+R2E4DemgQCHqP/RZ6yXTU=,6292,0.8135727908455181,2127,1682,445,0.18642720915448185,True,True,junyi
Iq4bn747ApUwO7SvDR8vvfjBWGvDxAyBTsce0dN3Q1w=,26778,0.8802748524908507,7320,6505,815,0.11972514750914931,True,True,junyi
Iri0Mm69Jhy9dYumaZScJt7B6cHJhAjve5Ii96kP4vc=,13708,0.8057338780274292,3475,2815,660,0.19426612197257076,True,True,junyi
Is6C9Z4P5w/BKBc3H9gl2cC0EFpEQD5dKLQomh0Wv1w=,3401,0.8188768009408998,1038,872,166,0.18112319905910024,True,True,junyi
ItQToCzXe/WAeMATDm4tC8gEsJil65dsJph2puJeiSQ=,20822,0.7577562193833446,5591,4390,1201,0.2422437806166554,True,True,junyi
IttU7X/dI6br6pFlzFNdqVSEFYzU5wvX2yFKtVdqbjs=,12700,0.7244881889763779,3700,2695,1005,0.2755118110236221,True,True,junyi
IxasEWID5fnM7sM/cwJQXizkkLLKkLjqUftm4hy6264=,7291,0.686325606912632,2117,1408,709,0.313674393087368,True,True,junyi
IyZfGFQA5FLUNeChYAcVbxnayM12nN7CI/ZgFJRq3as=,13793,0.9123468426013195,3592,3319,273,0.08765315739868051,True,True,junyi
J3WqWuIL4K9D5AfOarCtTLZsRn6I8XJU2J1UZYvS8k0=,4275,0.648187134502924,1297,889,408,0.351812865497076,True,True,junyi
J5c76AnfkB6hMQU+QWzlyPCdmUpqKhQeMZzspmG1HUg=,6057,0.39045732210665346,1723,686,1037,0.6095426778933466,True,True,junyi
J8b8Ok1gEPROB5T/Vtq9jdAFAnS8sLo1ZMsdTpWLr0g=,10791,0.7121675470299323,3001,2147,854,0.28783245297006765,True,True,junyi
J967JTnPp2BN291C9SMVH/p3iQ130V2A2rVdlybNUv8=,11599,0.8407621346667816,3262,2829,433,0.15923786533321838,True,True,junyi
JBY82dSINZ2oyc72lrBg93wms83Z1GAJh8BWYZ2JMv8=,1533,0.558382257012394,567,298,269,0.44161774298760603,True,True,junyi
JBvKC6tCKbdKUiY5M0A6CA/lAe2U+PYlGYHrcNE5w+c=,13394,0.7495893683738988,3755,2731,1024,0.2504106316261012,True,True,junyi
JLq4ipDD2gaVkE/NL1l6a3pfa1VXclx0VegIpE9bj5Q=,10057,0.7571840509098141,3395,2558,837,0.2428159490901859,True,True,junyi
JO/tye7QOCtigcl96GW7BmNDzKXPKE998STsaZtgC7I=,7997,0.5654620482681005,2634,1473,1161,0.43453795173189946,True,True,junyi
JSn/IrR9AojleJJunX1UPpeay9cWZA1jAL2BZ2RcmFU=,14510,0.7389386629910406,4302,3198,1104,0.2610613370089594,True,True,junyi
JX8VtWTwbrh5ibmIbFVUWpUPiQ+0rW+HGVOz7RD0W4c=,14494,0.43293776735200773,3977,1755,2222,0.5670622326479923,True,True,junyi
JZfQaPLUEZBed+XMOOWufLndpgukChiiKsqH/d+cxlI=,13830,0.7165582067968185,4581,3313,1268,0.2834417932031815,True,True,junyi
JcrFXI7wzq/14kZRPCdix3feq0/yQh1gHU06bGQwNBE=,33938,0.7646885497082916,10564,8128,2436,0.2353114502917084,True,True,junyi
JeJ/U+YZ3HU5Nr8HVj98IUq5D+92/mnaxITEPQlJr7k=,11418,0.7234191627255211,3283,2390,893,0.2765808372744789,True,True,junyi
Jk155nzVVLSMQ3+fpddzICkIOrVE5MOJx759S/AF/dk=,2525,0.6502970297029703,645,414,231,0.3497029702970297,True,True,junyi
Jk92rjScG7+mMuAptzCsrhBXKpDuLQA6KI3ojSVY0LA=,1444,0.6135734072022161,357,246,111,0.3864265927977839,True,True,junyi
Jl92cIZYcCutl8sqyj2VP8UbUigvqBoHBO/R38DK1DU=,10250,0.6577560975609756,2737,1870,867,0.34224390243902436,True,True,junyi
JlLOrhjyKOHgQMgBDevMNpEYdnN2KuLkLOsihld3/ug=,961,0.6170655567117586,410,237,173,0.38293444328824144,True,True,junyi
JpYzPRDw0n+B3QTPjgJAEBPXFwlycyukYkLcooX0mHM=,2297,0.5341750108837614,681,339,342,0.4658249891162386,True,True,junyi
K+/l1QecCKo4z/PiXGWgLmP5q07XSMDUh34+HKmEltE=,3440,0.4020348837209302,1192,478,714,0.5979651162790698,True,True,junyi
K+E2pj1HgSC5GexBpChmTuG21HlO2wcCulMly1KSNE4=,7562,0.6244379793705369,2220,1432,788,0.3755620206294631,True,True,junyi
K1JDDj+chCE/ZH5wzdraQHI2j52Nzy0JBJmeLOgq3vc=,6666,0.525052505250525,1562,881,681,0.47494749474947495,True,True,junyi
K4GS8qPmRPsosinHUMiie4K4rcAVcF05OI/bcQqHJdc=,11150,0.6854708520179372,3047,2085,962,0.3145291479820628,True,True,junyi
K5JzO6isAN9xTFepnDicBmb9YTIOvXDUHwa60hwxCjM=,14146,0.5383147179414676,4248,2223,2025,0.46168528205853243,True,True,junyi
KDOmuTrY/IJzDP4kIgIYCBiGyTymsJ8Iy4cDB35WGYg=,15960,0.5572055137844611,5140,2770,2370,0.44279448621553885,True,True,junyi
KDUfRj93vFrSB/KZ2C5TDu8EQ8QkkkSbtjQjYVletro=,776,0.5605670103092784,272,175,97,0.43943298969072164,True,True,junyi
KDeSPE8wIGcwIv9i0sJixfdUBqBN8tnZI9NwJHm7n80=,2680,0.6533582089552239,796,542,254,0.3466417910447761,True,True,junyi
KDmidXT8+B/WOtPvVSWF6TKTO7xeI+S5CqqmaRdkHcM=,16069,0.7653245379301761,4311,3267,1044,0.23467546206982393,True,True,junyi
KI8O4kRTA9hmOK449IXRIVsj/XvtODOvymAcDaT90dI=,8237,0.634818501881753,2441,1620,821,0.36518149811824696,True,True,junyi
KRStnam9HyVFJNcPipeCdLCojuvcpEJluG+TnIQa/Qo=,588,0.5850340136054422,119,82,37,0.41496598639455784,True,True,junyi
KRXigmwLKxDb5f7nG9tNMvk7+Ccz8OTTLR5foLjtOY4=,8803,0.4834715437918891,2566,1270,1296,0.5165284562081109,True,True,junyi
KTHoYjN6XAYd5rCzRQ/xn3o7OozbvxdwUeiVYFSJPGM=,9215,0.7932718393922952,2663,2107,556,0.20672816060770483,True,True,junyi
KVamuw/JPWoQiskPUCpFW+TQbKOEJonhNcUCJlTcVV8=,2073,0.6377231066087795,617,365,252,0.3622768933912205,True,True,junyi
KVumCxlGcZIZ8c8xC2wj9/EVY1hSqjb33TZDX0OIaE4=,8515,0.7662947739283618,2563,1963,600,0.23370522607163824,True,True,junyi
KX1s7/Qxk6pH/qGwmxl1hIM9Tasofefi8z7FpkP1IcE=,3230,0.37708978328173376,896,353,543,0.6229102167182663,True,True,junyi
KZFLNJ+cJ1JF1DMYCDMHTCmpQfHjQ0cx0lpYJfL19sM=,8446,0.6599573762727918,3064,1793,1271,0.34004262372720817,True,True,junyi
KaJlr5jTCShzkQu8T3MYWsJbqqEXtX+F4w15fmUPlOE=,9416,0.42225998300764656,2868,1272,1596,0.5777400169923534,True,True,junyi
Kb79tl+Nvf6D1h2jOL9TPzcV7Bd0QlIDpHl55dgLBKU=,4860,0.7069958847736626,1441,984,457,0.2930041152263374,True,True,junyi
KcShnqrGywsZWe5MG0nYWJrimCRKokw46irRW+Hoc2I=,11283,0.6773907648674998,3173,2226,947,0.32260923513250017,True,True,junyi
KeJmbhOn5D4GwVbthjGdNmvg+pW76XxfjkZizeDWUpk=,3204,0.7659176029962547,1084,856,228,0.23408239700374533,True,True,junyi
KgVjZvzzM9YeUr6YdniKOUEu5U9A1qHrbdthvkqUg0s=,10619,0.6125812223373199,3368,2143,1225,0.38741877766268007,True,True,junyi
KlMtgQyCzeyNI/luVLtY/TXszXJrew6gRhfjeyt2F9w=,12909,0.536989697110543,3713,2037,1676,0.463010302889457,True,True,junyi
Km4UtamxG5HOGBYO5bAFwlruZSFNKxlILK2wKiFEcSI=,12484,0.8479653957065043,3138,2623,515,0.1520346042934957,True,True,junyi
KnnV92Q4yuuCVckJy9mwIY9AjLwwiUnTPus2pCC1FYo=,3810,0.5750656167979002,1118,662,456,0.42493438320209975,True,True,junyi
KpJfQutqPUoUbwWZ5oNFKeVhvKqXZcqL69vsPEHg9jY=,12467,0.8168765541028314,3651,2963,688,0.18312344589716856,True,True,junyi
Ksao1OzuQrrxT6tlJ/URlJ5P6Fi0NsFEL/yG31harfo=,4129,0.5546137079195931,1161,670,491,0.4453862920804069,True,True,junyi
KvhsJhsUPgRAkELozyZg5wm6g/5PWhrs7XkXvqja6R8=,17600,0.8155113636363637,4387,3630,757,0.18448863636363633,True,True,junyi
KvkCQpg/2ciwASQU0QFSk9H8gE1eAan0r1NR8jdIXF4=,4256,0.7283834586466166,1329,1007,322,0.2716165413533834,True,True,junyi
KzqwnxUK+iRBndR+lzXwahSLXmETUnzgdJOrYdF4zxU=,9245,0.4219578150351541,2346,969,1377,0.5780421849648458,True,True,junyi
L+pBxoDmfvJzX698b7RhtpKO1uhwzPak3xnbSyJzECo=,4971,0.9386441359887346,1405,1302,103,0.06135586401126536,True,True,junyi
L3ZeqTupA6ZuETrW3aXaw86JZGYl1uRF5LkZGKDhois=,9003,0.623125624791736,2427,1542,885,0.37687437520826395,True,True,junyi
LABXrcnSSYw9D5Y6UesjShprnzk2yqms4v5kBAod3uI=,7461,0.6728320600455703,2273,1469,804,0.3271679399544297,True,True,junyi
LCz/rIBPDjV+9tcB8P8On0xwPups1k9t8fcMBsc7rRs=,9893,0.7372889922167188,3082,2300,782,0.26271100778328116,True,True,junyi
LG7hX6thwID2W3qbOyTOucKWMcrkvanRX6GQDsMfTQs=,1942,0.5216271884654995,539,298,241,0.4783728115345005,True,True,junyi
LIglPayokICs9zOBBba+6/GlGrg6tTHTfZ2ahuKWfNk=,4975,0.5039195979899498,1404,761,643,0.4960804020100502,True,True,junyi
LQrGjVlzt2saOM8v9XMeeVj0T00lsFpsdJx95qQza2k=,599,0.5442404006677797,176,113,63,0.4557595993322203,True,True,junyi
LVQFQmyO5bd6aJa8iZwe04tHXH1gEaS9K+H5oxb8raU=,3618,0.6556108347153123,1121,716,405,0.34438916528468766,True,True,junyi
LW5fheFKmpxrYPVEAXjEcNUtz9PChr6yjz/enILitwA=,1771,0.6538678712591756,472,318,154,0.34613212874082444,True,True,junyi
LX5JBmC+vdiEQxmg1hxbBfGAanwh78vK0LYfaoDJMTM=,11433,0.7173970086591446,2996,2185,811,0.2826029913408554,True,True,junyi
LZ/ZUlrBjPGOINJvKHRijqW+RIVb5QgOmkc74aK/8IY=,13558,0.6603481339430595,3480,2320,1160,0.33965186605694053,True,True,junyi
LcAN7TMK1vKQDUSPxjKDIARJeOwJX98jW9S6vZylVKs=,4105,0.7627283800243605,1436,1118,318,0.2372716199756395,True,True,junyi
LeuXSh3STu/nWMAZErkg2yygA7NPJjux0zmz6eutQZM=,19303,0.7910169403719629,4828,3764,1064,0.2089830596280371,True,True,junyi
Lgvpn5xUu0sbll2/53oFiSmVdcNM99MCNRPNcpyw1yI=,12097,0.8385550136397454,3202,2651,551,0.16144498636025462,True,True,junyi
Lhd00PvCdq23PNggSHEbszeZ68vTRWdg6MmaBD1kEZ8=,27301,0.5697593494743782,7733,4462,3271,0.43024065052562177,True,True,junyi
LkGxmLWesEPJgooW03RGU1eRXKGzJKoyurxRYeh0KOI=,4504,0.6232238010657194,1186,793,393,0.3767761989342806,True,True,junyi
LpZS/GFsDGjF3rEt7YLZd8IYdScjZ5Z+5bJuJ/c2BZs=,16881,0.6554706474734909,5242,3473,1769,0.34452935252650907,True,True,junyi
LrwnPq9m+L8jrO/2MgLsR7Yno06Qevd9IkZhsoY7DfY=,3138,0.3333333333333333,1184,381,803,0.6666666666666667,True,True,junyi
Lvy3d56mLmoLgxzNCF8tmLRCNBaq0S/ZQXkG5viaWX4=,2375,0.6665263157894736,789,517,272,0.33347368421052637,True,True,junyi
M+UxJPgRIW57a0YS3eik8A9YDj+AwaMpTa5yWYn/kAw=,5016,0.47109250398724084,1361,627,734,0.5289074960127591,True,True,junyi
M4lv3w3T20+Z1YcnIEUe/CKdA/ROAHdY/dmcaJTg0hA=,3727,0.6909042125033539,1370,944,426,0.3090957874966461,True,True,junyi
M57I/0GVGuAMT7/cRvngV0AJF7YUWoBgB2+jdIZbSLo=,2746,0.6110706482155863,806,485,321,0.3889293517844137,True,True,junyi
M8Lfw5taHmpTdDkfSEoNpd9/xmXC2wRXO6O0Bs4qOIw=,4960,0.7709677419354839,1341,1043,298,0.2290322580645161,True,True,junyi
MI2RiivkQ8/bMsM+kVBZJpnZHfd2EWxrnY4/dl/VBKA=,3621,0.5697321181993924,910,522,388,0.4302678818006076,True,True,junyi
MLd1zG5xQjPdScBoMFYa9Hj+Y3upNMhxFLidC8v2AmM=,2634,0.605542900531511,619,367,252,0.39445709946848895,True,True,junyi
MOPXEiz/NLBJOOXxlMiH+uc18WdVV6TmghrIbK0e56w=,934,0.45610278372591007,213,106,107,0.5438972162740899,True,True,junyi
MT7C8JLJuKRBwbHC7sjLfteRuwqBae+IlGh/2pBtUX4=,16718,0.7583442995573633,5178,3871,1307,0.24165570044263673,True,True,junyi
MUbqU/Il0Jtq/WAby1VtcO+pS/tc7QnNE3TI/GuzuMM=,16234,0.5192189232475052,5147,2783,2364,0.4807810767524948,True,True,junyi
MefOHEpHMbpSlIglmM0dFv9PLECXPNiRwF5qFmNSncA=,6826,0.764283621447407,2292,1746,546,0.23571637855259298,True,True,junyi
Mg4qERZHTwwC2gbKK5PK1x83LmW5lgPUKB6xEdFM6Ys=,16677,0.9342807459375188,3973,3684,289,0.06571925406248125,True,True,junyi
MjiiiChVSuiaHesBEPm6QmA0eZIz8dgF9wOzXR9La48=,11822,0.6477753341228218,3973,2473,1500,0.35222466587717816,True,True,junyi
Mp4dXv8p6ukOHl3zEXKwRT/DJ1jn+U/fHT3Km+vjH6g=,2552,0.375,710,270,440,0.625,True,True,junyi
Mujc7fhlpiAZ/8+VvJTuahAOrjvNECvtA4YBD6fP02Y=,10512,0.7420091324200914,3109,2319,790,0.25799086757990863,True,True,junyi
N3wO0fC439PgPDMPRDVu0qGXZj+cYL49zF/sgQZAlww=,10552,0.8533927217589082,2939,2517,422,0.14660727824109177,True,True,junyi
N4oVXBKRiHKEYw6SebJh6pDSMFh9W1VBDaYMNp7HZjQ=,2872,0.778899721448468,888,695,193,0.22110027855153203,True,True,junyi
N7RI6heSDN83dU42Jm5Q5/NhgGiBHJV/siihpGG9+YY=,670,0.3656716417910448,261,113,148,0.6343283582089552,True,True,junyi
NA/6rJli13WahqXIJO8Gc7iLmI2qc048XZuDwrQ3zlg=,12722,0.6803961641251376,3837,2520,1317,0.3196038358748624,True,True,junyi
NBTrqZQukYoF9YwDkIjYlsqwaqpMVimSFrDmMuOXQRs=,1497,0.32331329325317304,636,204,432,0.676686706746827,True,True,junyi
NLhQTo2U/eLlj+b97VT0UnW05Kshl68Axud4WJDoqwY=,12877,0.7791411042944786,3802,2747,1055,0.22085889570552142,True,True,junyi
NNDeofPcfsq3nkylBjexLeCKrf/SETj91zj7YGiS0FE=,16144,0.7902006937561943,4956,3884,1072,0.20979930624380572,True,True,junyi
NPkrCjbLK35wefMCv6y6XMO5eYO/gthS6LGwrdjG2OQ=,8506,0.826122736891606,2636,2126,510,0.17387726310839402,True,True,junyi
NQq7QTnOTWDz3NSogiu6NV/2SjYWtPZoUc7Ijv1UI/k=,1659,0.5720313441832429,479,242,237,0.42796865581675714,True,True,junyi
NS6OkBviulEOoEuZxo/1C7WYE0TBn7Asw/DwVo28lW8=,7331,0.5854590096848997,2331,1325,1006,0.4145409903151003,True,True,junyi
NUYjCvs6zBkoCO90jnqqPYhJ04GkmopjXV6JhCOLkOw=,5612,0.6042409123307199,1685,959,726,0.39575908766928014,True,True,junyi
NX/cV2Wm/e+Ky0eV3a9fb4uti9Fl/VPgmuajzfa8wtU=,5408,0.457655325443787,1811,821,990,0.542344674556213,True,True,junyi
NX6O5HSHAPuk5+88sOGUAz1W2bEmTv/p2N9DrrWfZiM=,4995,0.7107107107107107,1469,1037,432,0.2892892892892893,True,True,junyi
NbBubQKT4fanKTDFR8SmEerTmNXGgdkwtP8ovb9/AHg=,1332,0.5525525525525525,370,221,149,0.44744744744744747,True,True,junyi
NbzNnWabooJ8J/09unhbUwFiH6Jr9Vv3VQwYF8cT2IY=,8858,0.7628132761345676,2318,1758,560,0.23718672386543238,True,True,junyi
NcWaNtErOZNSS3qaqbqUhMRUU3/LUYwHj+5/vw601SU=,379,0.3641160949868074,223,93,130,0.6358839050131926,True,False,junyi
Ng8Iw8PYfUoT3Pv0dKtEs6DvpuenM9W6STSDlwcc2f0=,12479,0.7589550444747175,3200,2393,807,0.2410449555252825,True,True,junyi
NoSFhTWBKqUGlYjm2smtD46bykxeTrKtsQuV3y6aJQ0=,904,0.713495575221239,227,166,61,0.28650442477876104,True,True,junyi
NoiGICCqJdvFmvy6LlcPw0m5SH7C7FO4TMbJHCdlRz4=,17405,0.703476012640046,5329,3790,1539,0.296523987359954,True,True,junyi
NoskBq4Br1/gsHaS0Pkuhdx67DlKfRiCcj2jMAWpRS8=,7935,0.7358538122243227,2004,1459,545,0.26414618777567733,True,True,junyi
O+qdSyYcmKAzs4PPZikdBQWMw5MMHcW5ROV8s8sFljc=,1558,0.5872913992297818,475,263,212,0.4127086007702182,True,True,junyi
O/KjGB9rr8dvio3EBiuDvoL1cg/22EZaZV1FxmkURKc=,31911,0.8465419447839303,9583,8124,1459,0.1534580552160697,True,True,junyi
O4+yF1QVhTb7fUbQdI18S9zwfASI9wJ0mHVIPa6h3sw=,11499,0.46751891468823376,3310,1700,1610,0.5324810853117663,True,True,junyi
O5REHVmAHn7gqbV004+NYosaXTrsEuiqcIORcWSdXXY=,3334,0.6922615476904619,999,680,319,0.3077384523095381,True,True,junyi
O7yKpGNIFze/B/+ivo0JTHDVQ3EpuTLWwbjz2ouVChw=,10609,0.736638702988029,2917,2210,707,0.263361297011971,True,True,junyi
O8HMQ+uWFY7AqdCEYgIDBl6+KBNIau8wuCUGPTVSrXA=,9360,0.556517094017094,2382,1304,1078,0.44348290598290596,True,True,junyi
OByIaYY/56y05bpjY1K3Dg+OS32Y/fB3yVjKfBqFIIY=,6939,0.47975212566652253,1946,979,967,0.5202478743334775,True,True,junyi
OCtZCw4vxbL9tULywAqVeistrWqbKBWqJ2ldN66om0U=,1645,0.6723404255319149,441,302,139,0.32765957446808514,True,True,junyi
OD4zys90IZxFbg56o3znJLB7qoczUi+8mFZdpUbiTSI=,3471,0.6528377989052147,1043,739,304,0.34716220109478535,True,True,junyi
ODEv/zQe85ashn/pvTconu7UT/KCBkxkZokBH6H8OxI=,2244,0.5508021390374331,648,384,264,0.44919786096256686,True,True,junyi
OFviqNusL3qUCiAp+zDob+G8I7rsTkSPGFNa+xzA8sE=,1524,0.6213910761154856,620,373,247,0.3786089238845144,True,True,junyi
OHomudEcAveCjx9XUsIVoEyEVSJMBK9qnG3ExQydOI0=,2972,0.4851951547779273,1067,528,539,0.5148048452220727,True,True,junyi
OJdwYcjEXluq9EWCqnDzp2Yvu/ALGh5DD9nPegq+pgQ=,18324,0.7531652477624973,5093,3887,1206,0.24683475223750273,True,True,junyi
OJioXoiZxIzRBhycCjmphl4dI2Dt8J+exC1qFpvek/8=,8307,0.7484049596725653,2447,1791,656,0.25159504032743474,True,True,junyi
OKTWoAXQB4dzLEFSDU2mSMMKG6VxaLq5vqLpTTVFgeo=,8300,0.8174698795180723,2182,1838,344,0.18253012048192774,True,True,junyi
OTW/dDCx+GEYDj+DqmvyLkxuab8epUX6tuGXQbN2wls=,565,0.6743362831858407,246,133,113,0.3256637168141593,True,True,junyi
OUnkRX0qK0fXq4JbhUkqNk/Pm5YTwahvlT0CQeC21Zg=,24145,0.5610685442120522,6021,3411,2610,0.4389314557879478,True,True,junyi
OVGQBBcCHSOyJ89uwY+z15n2iuZYrv8Tajf37jiGzqc=,49593,0.907103825136612,14453,13107,1346,0.09289617486338797,True,True,junyi
OVwmRGTNCS+hBkvFYDawSwdperfo46ooCVV/tBEfd84=,23436,0.7743642259771292,6477,5054,1423,0.22563577402287083,True,True,junyi
OYK+8MJAblYDOgh2ohzoG1xT40feTLYvk/fAvdTktkI=,2103,0.642415596766524,493,363,130,0.35758440323347596,True,True,junyi
OeaYHhfKV2vXQKqvs8/5Yx7sQiFDFEmf2r6cWd3apKE=,4220,0.716350710900474,1182,867,315,0.283649289099526,True,True,junyi
OjIombrPy9hCBI5SbBeZHRWfcXoVRZAN8p6p28nQDfQ=,10516,0.6301825789273487,2873,1819,1054,0.36981742107265125,True,True,junyi
OkMUi9/AtQ/YxPVmMj4Jx9WVHcjuXS9/fhcreFEB9Bg=,2649,0.5277463193657984,817,425,392,0.4722536806342016,True,True,junyi
OkgyFAFUhVF5xeu+iDV16+5dlnfzfYQJxXIidJx7dzE=,3298,0.632504548211037,965,671,294,0.36749545178896303,True,True,junyi
Olr8azZ7638vOtR5V+KNF9jlhraDLCahnsxqV67PZ0c=,8146,0.837097962190032,2336,1950,386,0.16290203780996804,True,True,junyi
OmUsbt7RaK3Gs9LwcpEYshJl6rIzzZF5DjRp230rTNI=,16353,0.7909863633584052,5508,4203,1305,0.20901363664159478,True,True,junyi
OmVUm+97EqL1PSeEy318gszce7gJjIMnEjDMFU9e+qA=,11760,0.7585034013605442,3647,2712,935,0.24149659863945583,True,True,junyi
OnOsto+ftuylNECIWNGMBEpa8RoJ39dz4+95nFUtmE4=,10429,0.4812541950330808,2996,1420,1576,0.5187458049669191,True,True,junyi
OnztoLe/KRAGCzT1fhys2SSvoBd4VIDTcFpP5fMpU68=,9217,0.7620700878810893,2931,2179,752,0.23792991211891068,True,True,junyi
OowZ5vdDfwOEL1LD/3yxHdHmT5fHqZUl1obUtKekJlU=,3136,0.6505102040816326,1158,761,397,0.3494897959183674,True,True,junyi
OpP2FCplZ1a3UCUD9+tmw0Az+FrTdUOy8QtzWTO3BbM=,4442,0.5934263845114813,1031,621,410,0.40657361548851867,True,True,junyi
OqlJtwFg1Ekkrx2SQ894pDPGH28c7bfHfJsLy16Y8QI=,11837,0.7379403565092506,3230,2462,768,0.2620596434907494,True,True,junyi
P02YQOS0HnUM+0FJcT2Hpa5X0gjJ/eIaL/Quc8Kj5u0=,14961,0.6682708375108616,5057,3201,1856,0.3317291624891384,True,True,junyi
P1aW4NWkbjTAgrdvKdb/WsQZOI7wEV81FWNrD8IkT0Q=,10227,0.5911802092500245,2857,1770,1087,0.40881979074997554,True,True,junyi
P7BbN3XtNfmNgFUznGo0EKF0EO8JfiDgw/XJD1h/Crs=,8950,0.48592178770949723,2680,1334,1346,0.5140782122905028,True,True,junyi
P7ylAtyaUeaapiNAor3BY5fi3JH6Swz5Azu48jtbZps=,12142,0.6843188930983364,3728,2571,1157,0.3156811069016636,True,True,junyi
P9MBH2y9lTr+ueuFDr6VDrx3GSS1/MvPLRyklqdSyVM=,4178,0.5600765916706558,1287,747,540,0.4399234083293442,True,True,junyi
PB+tEauJ6Cu8clF5IHjouv5FqEgH9UDWxbOqE+SBa50=,15785,0.7237250554323725,4297,3117,1180,0.27627494456762747,True,True,junyi
PB2mQE/E3slXrHhnDVHSNhb5Ei8QIwQB6DipI2jRkOU=,12355,0.6577094293808174,3866,2530,1336,0.34229057061918255,True,True,junyi
PDjFRBgq4c5rzxS6wQrkOkhNs3qKPZ35htxUocnuNEw=,14297,0.6681121913688186,4107,2730,1377,0.3318878086311814,True,True,junyi
PGbCr6wCmzlyPoKCBQv8aOM0NW8HVk4PW+IU4iR6GRI=,21978,0.676995176995177,6365,4283,2082,0.323004823004823,True,True,junyi
PIoM9UkR72BGOOCJwBMgzPXrR5EHZiv8SzfvVFsNlxk=,6378,0.8822514894951395,2025,1841,184,0.11774851050486046,True,True,junyi
PL/9zJXG7zguwqO/MqHkdLaEWAXCT0AIMUNY1gqRrNQ=,1053,0.691358024691358,190,150,40,0.308641975308642,True,True,junyi
POe1GpZCs0XAkf8qMngYc903fO7YAI7ijydnbX3l+/U=,7447,0.7039076138042165,2306,1596,710,0.2960923861957835,True,True,junyi
PSHqjHPywyyXi0y2Xgl+jLfJn4P5u6EHMd5/3/hvPlg=,890,0.4966292134831461,306,191,115,0.503370786516854,True,True,junyi
PSneyMRyz91kF3BethZIYuhHg8W9mV383mS+3rQguUQ=,16765,0.7380256486728303,4871,3524,1347,0.26197435132716973,True,True,junyi
PTyaFYWmIg+5PNX4LsFQGDFZlntPfkud08tNGBXnw+Y=,3487,0.35818755377114997,1202,437,765,0.64181244622885,True,True,junyi
PYkuZLd5EpFjzAeC8E2gVnGIXBLSlrBXRPhZNaQtdqo=,8113,0.6715148527055343,2317,1631,686,0.32848514729446565,True,True,junyi
PZiMEThYIWDp5LXaqdNHdOfMunTBCS2DXk0x9ctcOzk=,8983,0.6375375709673828,2346,1589,757,0.36246242903261716,True,True,junyi
PbVYI1CRNaSeyeEyzq2xT68tf/hq17mof2B8FYiM+io=,14948,0.8344260101685844,3683,3110,573,0.16557398983141558,True,True,junyi
Pj38dvOZ+H6eylMm22y2HUPJ/2MqKuSTsaOIkGFdExM=,606,0.4752475247524752,281,139,142,0.5247524752475248,True,True,junyi
PlMIYvc3fCsZ4pYDuAJK1ADA8SMuWLshZIh1bvsDgaY=,18600,0.625752688172043,5341,3404,1937,0.374247311827957,True,True,junyi
PlktFXkKNWBnU1+LuxWAGiP34j8SskGL2K20E3qCpSw=,2923,0.4413274033527198,987,435,552,0.5586725966472802,True,True,junyi
Pm4ZYd3FPx3Chch18Er/uNkCsIZCSvPv19sFZFtZyTA=,2875,0.6281739130434782,1048,673,375,0.37182608695652175,True,True,junyi
Pno/CGBMlrCkP6v7Qig/GV1dlecJ5lEnZSJ6jZbpmZE=,8673,0.5137783927130174,2515,1424,1091,0.4862216072869826,True,True,junyi
PpW+++sV2g8ZfNiSrJBx4aUY2yL+BPpbafTDwscbOow=,14531,0.7256899043424403,4308,3015,1293,0.2743100956575597,True,True,junyi
PqQyQvOjvvozBCtlR/0pL8uxhe0K63IPiKYCi1tDG1o=,74283,0.9085255038164856,20970,18960,2010,0.09147449618351444,True,True,junyi
Ps4dfShfpeMF3VG030HqZ2bsbD7PaVxvJYFTtroeSzQ=,17810,0.5751824817518248,4711,2850,1861,0.42481751824817515,True,True,junyi
PsNJe5XMT7olF29RVFBkcVUKbBQorktzCVlg3h5/UXI=,545,0.45871559633027525,194,94,100,0.5412844036697247,True,True,junyi
Pt16yAWeWMgPGXsQUWEZ8q4oNKD30uoUwMljaOi24sI=,14588,0.781190019193858,4449,3483,966,0.218809980806142,True,True,junyi
PvpLwkJhsaSFDgYgP2BUVWxNx+0ur7BufMi+rTxJHYM=,11692,0.9125042764283271,3171,2853,318,0.0874957235716729,True,True,junyi
PwTmz5OGXktdjZBR5o3T6W/9xOtuu2dJeIwi/xwom1s=,5550,0.7796396396396397,1682,1327,355,0.22036036036036033,True,True,junyi
Q/SwuYH/ZNpYQVLmg+bpFVSLyN+QjWW4+Q6FJBsepeA=,13051,0.7105968891272699,3691,2611,1080,0.2894031108727301,True,True,junyi
Q/taLV1XMrDmLpqWe+wVqvUU/JenxdWwwA8am9xppWU=,5345,0.7812909260991581,1712,1357,355,0.21870907390084193,True,True,junyi
Q0mRkMzFoFAkNaLsyPYFJoBmC4JdqV9riasp/YCRf/M=,10169,0.6923984659258531,2970,2041,929,0.3076015340741469,True,True,junyi
Q4rlu4p4omxZhIwjIFvGGUuC7wPUkgP+m0owUS+PTtY=,6560,0.74375,1668,1292,376,0.25625,True,True,junyi
Q6oyQv4evP1EzfiPfaiyLQUS1mHQgoz+d7J7zk+zxbs=,2838,0.4619450317124736,1078,479,599,0.5380549682875264,True,True,junyi
QEjs/Y0qxKqphtX3HPy3o5NLK3ln/f5PNCKLAhhvKJM=,1797,0.5325542570951586,1130,537,593,0.4674457429048414,True,True,junyi
QItWSsqV6XwvWHO63v1Q3q0cS8HtbGkBWTkRtJ62BDw=,8982,0.7607437096415053,2594,1934,660,0.23925629035849472,True,True,junyi
QKs+1aEPk0x80IIx0aKNLHlmX1JIOry1/wb3Lhq4sFg=,11511,0.8577013291634089,3381,2915,466,0.1422986708365911,True,True,junyi
QLZ1wKDTHboEYAyw3gx/ZFqOkxwu4cMUHZrenzwD9sY=,940,0.40638297872340423,327,182,145,0.5936170212765958,True,True,junyi
QMSnwGbK7tYBNz9p869x0lrxHkB6Yd1EQcOqjCuLujU=,2071,0.398841139546113,485,215,270,0.601158860453887,True,True,junyi
QZ6LopqYP/r9aU9mfJaX3+scQfAlYe19eeaj7TW+zww=,21871,0.7014768414795849,5940,4125,1815,0.2985231585204151,True,True,junyi
QZYEX3iUClUnuqodly/8KADAcMRs+hjzmHD61g1apGg=,2075,0.7691566265060241,613,456,157,0.23084337349397588,True,True,junyi
Qfkdu0xMDo7ZKO14VkT7AmpqH0GnAvcprI5Fj+rC1u0=,2222,0.6948694869486949,724,502,222,0.3051305130513051,True,True,junyi
QjpkOpuGWH0UnITA2wpaRypYPOTnkGJFcYezuYGtYuM=,4446,0.3825910931174089,1002,412,590,0.6174089068825911,True,True,junyi
QkM4hin94znSQ6Dj6MkPpYBAjcEKA0u+2HbJyCWol3I=,1519,0.42330480579328505,563,252,311,0.5766951942067149,True,True,junyi
QlU/0uOUSWj8W8vTMUywLl+Uev53aISqtS8jMi2JnDE=,5793,0.7550491973070947,1892,1362,530,0.24495080269290526,True,True,junyi
QlgE9ktDNbyezcCDHWTZkmzRM8/8FOcwEHpwzA+Zib8=,5554,0.46074900972272237,1791,836,955,0.5392509902772776,True,True,junyi
QmVklaXAga6VIQ+lpYkCclWpaUrgeJABVDnm+XFhXB0=,1174,0.7052810902896082,438,289,149,0.29471890971039183,True,True,junyi
Qo3teiynihSpD4R1XtUH9HqLDtvdWpneGpSfDR1fSto=,3041,0.7122657020716869,899,617,282,0.28773429792831307,True,True,junyi
Qx6mwirYKln7CTvOXad5Do5OkVKmypYSQfFs0MB6Cvs=,12182,0.77343621736989,3220,2518,702,0.22656378263011,True,True,junyi
R+PA0n0gNtg8uHV6dQ5TLW+3WEt2Bac2ak0mDoaL9f0=,2880,0.3326388888888889,601,247,354,0.6673611111111111,True,True,junyi
R5pBjwxHhlwD8Iv1qdtR9VtjKwfWBVuh5P0UM3eQg7Y=,357,0.4481792717086835,195,96,99,0.5518207282913166,True,False,junyi
R6QefDBKjMm/uoG5bP/sWm4HxgqX8fZQ9wriQsEbLhU=,2156,0.5705009276437848,592,392,200,0.4294990723562152,True,True,junyi
R8DtELOi6cThZOCqTX6c+wNDtTcGGuaAufw4vCdQPsw=,7116,0.39783586284429456,1953,785,1168,0.6021641371557054,True,True,junyi
R9Uc/YSWli57zmUYbFm1LrpLpQSpiV8XlzGUDkoUIn8=,7321,0.6949870236306516,2175,1568,607,0.30501297636934843,True,True,junyi
RC6q7zijbSkLeANRrhUHoLSa+HC/PGtbFSSBlsaFrag=,1959,0.7575293517100562,474,371,103,0.2424706482899438,True,True,junyi
RHcmN3mTXkmYbY1GZpG9Rrtjg8Jahs0zXkFyLBy/ekc=,3016,0.48209549071618035,823,402,421,0.5179045092838197,True,True,junyi
RKkxBe+3Z33I75tZfZ8EY7LtVnN5QEfE8O0y6bPFCeo=,23025,0.5072747014115092,7143,3680,3463,0.4927252985884908,True,True,junyi
RLVg2oNL54gAjL5WK5vK9JDSj1xUds0tDwVqAAfDTxg=,358,0.44972067039106145,220,98,122,0.5502793296089385,True,False,junyi
ROy2LJr08ctjmiuRc4SXFKrmk91KPBxZU6hZPJ7JIu8=,23920,0.4736622073578595,5814,2729,3085,0.5263377926421404,True,True,junyi
Rcsy5m8O7pQ3np5tv3eeCgGc7Vn9vqmoMEYbz1pB8pw=,17247,0.6827854119557024,5250,3495,1755,0.3172145880442976,True,True,junyi
RlHAktJl64ZiBd7sf7MkpXdvIKiGtmUYYctdc2AjNSE=,1271,0.5546813532651456,434,253,181,0.44531864673485444,True,True,junyi
Ro29/9OFIon5Y4nq4ptN7g7LWevKCWual3GGUaKeYYw=,3352,0.537291169451074,1020,590,430,0.462708830548926,True,True,junyi
RqWJRTdyiEJkrfUuO1BNxb3KXHD+idu3CvWpdu9lgHM=,16918,0.7066438113252157,4548,3185,1363,0.2933561886747843,True,True,junyi
RtjkuNmuzBI2VhWYRk43wMkzhzIQD6YstXG1ZsypAZU=,2468,0.6434359805510534,873,589,284,0.35656401944894656,True,True,junyi
RyHgPcXfEn/CVHtbJsSpZTh3Ri3giA5M6sf1VGayr7c=,22607,0.5618613703720087,6366,3516,2850,0.4381386296279913,True,True,junyi
RySWVPM4vpcQHdMukD+i/MhP3/lK4Vwj5TAl48A6LKk=,5187,0.833815307499518,1694,1340,354,0.16618469250048196,True,True,junyi
S0VFEY+TX4JInp2RbHDsOeNIjLRKCfs1ywbzFrcTDWM=,10044,0.8602150537634409,2871,2423,448,0.13978494623655913,True,True,junyi
S3hqMF0e5To6kPDkpp0xZ7dpZx7GRQgLjAs14iM6rfE=,11541,0.7131964301187073,2995,2142,853,0.28680356988129274,True,True,junyi
S9X2EjiG3ZyYzP5GckQ0s4bkH4Sz1X3NSre3vniBFw8=,5895,0.5452078032230704,1550,899,651,0.4547921967769296,True,True,junyi
S9xsg6+N3hh24WpN7bJxFXVB9XYH/d6cXpuqOsiFADg=,7387,0.5336401786922973,2431,1298,1133,0.4663598213077027,True,True,junyi
SBKtN+xP0yIQrTRObRW2C5D7oO34pRf8QAnjfMjnqcY=,4656,0.5951460481099656,1296,814,482,0.40485395189003437,True,True,junyi
SJ3oFp7EryIlYanhtkVHYkcAHmEcCaQdGR6MmCR0mzs=,10764,0.8321256038647343,3287,2589,698,0.16787439613526567,True,True,junyi
SJTFghEQOed1hZMCrR3hHBJLS2VNyHCmi8/CHDDmy44=,1113,0.5678346810422282,312,200,112,0.43216531895777177,True,True,junyi
SM7B2SxOLiOmbjVKes5evyxllrNCQTFzEKpHtl117BI=,10554,0.7255069168087929,3212,2329,883,0.27449308319120713,True,True,junyi
SNny3SIxP6zv/dhk4ZU0EH0mmajwjgeHGzeEZpTbzvs=,5178,0.37543453070683663,1836,640,1196,0.6245654692931634,True,True,junyi
SPmFV4RvUZLm41Gfgt8kBm8u6VzSl1tNcT5BsAQvMls=,1892,0.6395348837209303,511,352,159,0.36046511627906974,True,True,junyi
SQMgGY6bpDnpHTx2hEwNomSPUK2IpSvmaAXUKpx7+pI=,3041,0.46136139427819794,733,332,401,0.538638605721802,True,True,junyi
SSDMxAE5L1x25IfMEbpXrmr8mQIqZzu40Nb6QyxBDKw=,9885,0.6974203338391503,3016,2183,833,0.30257966616084975,True,True,junyi
STKIh4mc96nCMWCChSWcToyncYSNayuOyy4k9dSAgS0=,17274,0.8233761722820424,5251,4294,957,0.1766238277179576,True,True,junyi
SVxqhYXrH6SfIgcbLQ9Z+95ZeN14VIMuO/gr6OWgXBU=,8014,0.4883953082106314,2510,1186,1324,0.5116046917893686,True,True,junyi
Sb3aon2FSNNX4wgPRFi3hwJKcQgo8dM+4M26k2TF4wY=,1921,0.8282144716293597,540,459,81,0.17178552837064032,True,True,junyi
SeczIB1AchCyU+2ERN9UZfwNxpPR+iEWdTKdKVAOplQ=,7541,0.7020289086328073,2193,1502,691,0.2979710913671927,True,True,junyi
SkN/5zphtv5ctUPsh3QRmLCj0yp23MT9pzr5EDFZe/8=,2735,0.6526508226691042,635,447,188,0.34734917733089576,True,True,junyi
SoyS9lUIh/q7oCg6XQeMqOtoiMT+GZVjes485aXEbKU=,5789,0.727932285368803,1710,1217,493,0.27206771463119706,True,True,junyi
Sscg9vquPUuOL9DKkSbs9NTSxfCV/DYuMnsLRUZs6eA=,3212,0.524906600249066,1003,507,496,0.475093399750934,True,True,junyi
Sz/KKL9ywpxyPJ7heAWEqkt/tf/nbDP5b4f1m7EbBVk=,11690,0.7820359281437126,2866,2273,593,0.2179640718562874,True,True,junyi
T+TdpKTtcckj1sM4MAUOU/taROWhuq1ZIiOoJbasmhg=,2276,0.6344463971880492,748,457,291,0.3655536028119508,True,True,junyi
T+rWMKiJgE6rmRdVUFc0WOeDY0RVPhl0EYU/hS4dlSc=,24706,0.7080466283493888,6330,4446,1884,0.2919533716506112,True,True,junyi
T0aJ7xmDPBaqhhLPpZP5EPK0XfPj9a1vqdKuvOmoHCI=,1932,0.5414078674948241,710,350,360,0.45859213250517594,True,True,junyi
T2hI5mqqogezvse00UeJHgHc3DDK1vrGyyn7Z6IIpsM=,7961,0.5238035422685592,1853,1041,812,0.4761964577314408,True,True,junyi
T4SE4EgcHfMeg58rrWKRWuXd7tw0mVCfHJvBhy6TC78=,16182,0.867816091954023,4633,4034,599,0.13218390804597702,True,True,junyi
T4SwgJk2xgBpvWW0/NYmhl9u5jm63dwg1Q39k1pLrWw=,9819,0.8078215704246868,2853,2323,530,0.19217842957531317,True,True,junyi
T4f/arzfSalcvrX0iElU649bu8yFkRYxheJCrrNEkLQ=,5951,0.6113258275920014,1703,1042,661,0.3886741724079986,True,True,junyi
T7V7D8OgJF2BeuK/agj56BY9ibTmoqRbGdtwrt8a1SQ=,72114,0.9318301578056966,20858,19309,1549,0.06816984219430344,True,True,junyi
TDEUV/kZMRHVLtJ1Tzk9Ne7zqUrXe4lwJ/AhDn6AKcc=,6064,0.7564313984168866,1728,1258,470,0.24356860158311344,True,True,junyi
TH+9EqnFdeRqXgd+9frMdewrp3rP654euGJZm++hRT4=,1480,0.6594594594594595,486,324,162,0.3405405405405405,True,True,junyi
TIFqzAEaJ9dzg/KCrFFPRw7C0KKV+dPmxhnS9zS0w+E=,3133,0.6820938397701883,1098,791,307,0.31790616022981166,True,True,junyi
TKDAjftSYyI2PNmAkXdInD39P5BcPNa6a+qx0fxm4RA=,9797,0.7406348882310911,2375,1778,597,0.25936511176890886,True,True,junyi
TNultEGnWJ9JPQ+o/+IyosqUKfeH2pvHu1EqogDrBPw=,2325,0.5131182795698924,682,379,303,0.4868817204301076,True,True,junyi
TOdFpZ3Xqdh28DnIte6gehxDLIIUkzWMwfqed8sEJwE=,14028,0.6869118905047049,3936,2742,1194,0.3130881094952951,True,True,junyi
TWogEjXZZBCw1gGUayarBvTA2viDN2Ly0/KsRLsP0rg=,6300,0.5273015873015873,1728,921,807,0.47269841269841273,True,True,junyi
TXBvUiNlr5jhR8zA+8xXAAvhjwKoxhJgVCFi6g3MkXE=,4757,0.6113096489384066,1454,839,615,0.38869035106159344,True,True,junyi
Td40Heh6rp61Aa5Pd6cd46sOEZ65dgSfsT9oTDoFl+c=,9309,0.5232570630572564,2810,1444,1366,0.4767429369427436,True,True,junyi
TdtpNDJrqro4BdaY6fxtkvlHeS44Vpq/0YsW3JRx79E=,2430,0.7732510288065844,645,505,140,0.22674897119341564,True,True,junyi
TdvU/GNCYUygMo4pGEGXRSCZb9aI1CNNc3QR3WHsRuU=,7779,0.6252731713587865,2375,1577,798,0.37472682864121354,True,True,junyi
Teuwxr3okYRSPI2Y7Nou4wqGcA78ekLDx+wonvRGsOE=,9989,0.6858544398838723,2797,1864,933,0.3141455601161277,True,True,junyi
Th3OVzxgS2ilcKpcQLrQzAG30fdrg7VHZmV5f4PjJb8=,14109,0.582039832730881,3830,2243,1587,0.417960167269119,True,True,junyi
TlMkJfs9LQfBpKdSmKCSAk0EJ0GodXR+6hD9KpqZd1g=,10119,0.6636031228382251,2738,1850,888,0.3363968771617749,True,True,junyi
TsR3rTKaWulf/k3TmhqbWrKGAO0mgb9lEwUqW1qoDK8=,9946,0.7994168509953751,2530,2045,485,0.20058314900462493,True,True,junyi
Tv3/IjfXLL+U2dQgk/cOyfc1mgU2vm2D/yM43RtFshA=,8575,0.5145189504373178,2695,1520,1175,0.48548104956268223,True,True,junyi
TvBq4rNq8Bfuxgn+XZqr6qR9rSetLyfNd6vwdxaOk28=,18487,0.8236057770325094,5231,4275,956,0.17639422296749063,True,True,junyi
TwWIHt3X4PpZYPEyrUAz/c+T7Wq73JD/n+6I2DKtKAw=,5445,0.8330578512396695,1433,1206,227,0.16694214876033053,True,True,junyi
TwyqyV1uJYlDAX8wX/PtTCVZEBo/APIVfTzzleGkNCQ=,87250,0.8086876790830946,24640,19852,4788,0.19131232091690542,True,True,junyi
TxLf722uDU7ltT6N5kFlFl2wr9XwFTbcNCG3r5P1Hkk=,6527,0.599969358051172,1768,1000,768,0.400030641948828,True,True,junyi
TyoVFxBv3mKmQSTdiIfM1t4wORIIFZNjz4BKyM0ed+c=,7987,0.7032678101915613,2366,1664,702,0.29673218980843874,True,True,junyi
TzA/XRKLzDMD8yElX2FvbMVJ3BTJ+9aqbOcCCMM/TuI=,9735,0.7989727786337956,2881,2266,615,0.20102722136620443,True,True,junyi
U0mwINNikgvZ0ftlUeNE7EDUElvPx/tTWfJtl20gC6g=,10007,0.49755171380033975,2885,1547,1338,0.5024482861996602,True,True,junyi
U2kVmFcvfYHpuYGFYE9P/5A//cmtFnXpxBQYS9yWaiw=,11270,0.7539485359361136,3164,2509,655,0.24605146406388645,True,True,junyi
U4IDn4MUqbVq2R5M08n344XMXc052OsQtinVwrNNkSk=,11118,0.7220723151645979,3423,2342,1081,0.2779276848354021,True,True,junyi
U6uPrXsMf01kkpbyFTf6NgLBFfypQFIdHmXH8GYZPyw=,7911,0.6697004171406902,2703,1776,927,0.3302995828593098,True,True,junyi
U7WkGZRG7Ap28BleazYLuVCBEN3TdSTYP43SOFuOb54=,3370,0.44866468842729973,852,402,450,0.5513353115727002,True,True,junyi
UA8j7lklVtKV7XvO/QUqpJSwzYGBY2bKSg73/EDGa0I=,6944,0.5783410138248848,2240,1270,970,0.4216589861751152,True,True,junyi
UJx6vGY4lwuup0V3VTTKZmE76AogRe5ecQHc+Yly1YM=,9142,0.6536862830890396,2530,1590,940,0.34631371691096036,True,True,junyi
UV/JR6UaacYCmtRkgf+fISD6dzm7gIQwTfyFEd5m490=,4800,0.49895833333333334,1503,701,802,0.5010416666666666,True,True,junyi
Ul0YfLD+DkexICyzGisAES41BpTca5rUI/BNolWJpio=,12970,0.441017733230532,3292,1556,1736,0.5589822667694679,True,True,junyi
Um/VucrWT3ytfnYCAhdIJf58cjByGJkSIPJrsdq3Z18=,2561,0.8449824287387739,783,653,130,0.15501757126122606,True,True,junyi
Uq/TS8KieZduAKrYzEVKNL2Mm4txq9AR3VFY5cZO9rs=,4572,0.7939632545931758,1445,1224,221,0.20603674540682415,True,True,junyi
Uq0Jd5CXS1nkLOvMSauJ2/DL+7ZrSiFIXAs+Y0LWrjA=,1423,0.5797610681658468,486,282,204,0.4202389318341532,True,True,junyi
UqfpH7HCLC3Ct5Qj8lQ5MA9fzVPZBoROdRbVJpqQRs8=,1678,0.5846245530393326,451,312,139,0.4153754469606674,True,True,junyi
UukST5Jm3oHVK7g3ktel5joKNlCYBQJIX/A+GOGyjG4=,13280,0.6378012048192772,3341,2213,1128,0.36219879518072284,True,True,junyi
UvC6kSISYOndybh30jYllToowJOirq81gPZsMmHnsNo=,13281,0.6394849785407726,3479,2156,1323,0.3605150214592274,True,True,junyi
UyK3WAcVbatfJU5yTyBAdSFG/eXv67JhWvL3rRZGCvs=,986,0.6724137931034483,286,206,80,0.3275862068965517,True,True,junyi
V+g9Veh447rxTQ4761Lvccc9KGxXM6jr5uQP8TTpYBA=,17058,0.8741353030835971,4321,3717,604,0.1258646969164029,True,True,junyi
V00R/cPz9t+/NMeNSgfvISuDZkhuHZZh3/hADlbJmW4=,4322,0.7251272559000462,1204,852,352,0.27487274409995377,True,True,junyi
V2RVC5jgSEbmKRDBgXNFrA6t5vqFslxPIkcmjHuVXYY=,4199,0.718980709692784,1374,1034,340,0.28101929030721595,True,True,junyi
V6gzmLaxDq9lLc3HQUpSf2CJ+PcXNduJro29Nx9Z3aM=,4506,0.8539724811362628,1500,1241,259,0.14602751886373722,True,True,junyi
VFSfDdE2vLsyVfGCGYLnxYih+n8+IpUbRoiUpDJ4hc4=,8865,0.8708403835307389,2185,1905,280,0.1291596164692611,True,True,junyi
VHoFq7xrb39aeNkDFggnyfmKTpBVFGdo7R0jTwhDKng=,697,0.6800573888091822,306,190,116,0.3199426111908178,True,True,junyi
VLG8jzZDi3OzlWsTunU487LkKuMt8oRCf6DBpBjv/pc=,10447,0.7360964870297693,3020,2171,849,0.26390351297023074,True,True,junyi
VN+hlrC3u3EiecxSo+9icATbCs/7B1UlrxrPfAEWf+k=,3191,0.6521466624882482,660,447,213,0.34785333751175185,True,True,junyi
VXrPlBOiCgJ5r2VB+WDJn4TuHK2oRH9ffhgulsCm+Dw=,9280,0.7185344827586206,2623,1911,712,0.28146551724137936,True,True,junyi
VY6aXT7f64ny+uy4pszHVNSy3WHyoFPuhwToxBhB3wM=,7134,0.5335015419119709,2040,1015,1025,0.46649845808802914,True,True,junyi
VdDGn0d64C/s9UWPNmugh8Upm4696fFybvSQxW5ghuU=,2703,0.6788753237143914,767,525,242,0.3211246762856086,True,True,junyi
ViIxd7sl/Dp2C0nC24swu3Cm5o8UkaEMgyMuUp7pq0g=,19698,0.5666057467763225,5331,3097,2234,0.43339425322367753,True,True,junyi
Vj19/FOJ9nuzsw/E4T14ddKY6iiZGnG+3fxiJSvbiD4=,442,0.6289592760180995,184,118,66,0.37104072398190047,True,False,junyi
VkDMjjCaJsUcJWn56ZVLtKz6ohgWVycmo0nh3ieP7Oo=,8802,0.5507839127471029,2486,1469,1017,0.4492160872528971,True,True,junyi
VkqQZJ473iP+Q3cuRr/ss9TxWBXBIsPwC0fwGbVIgjU=,11144,0.7807788944723618,3592,2832,760,0.21922110552763818,True,True,junyi
VmJb1VGYXyZxQg1h4pXkCw5h+qFQQoC7T9iez9RkbKI=,1828,0.49015317286652077,641,330,311,0.5098468271334793,True,True,junyi
Vn2WlxhITzyDS52K3WRs5UvCCc0HanXrRlJpqfT6QwQ=,2110,0.33791469194312795,846,331,515,0.662085308056872,True,True,junyi
VoHrX2UnJ3IU2DdxSNj+Bbm9zCM0xLPSoYevLWFeGD8=,576,0.6180555555555556,110,83,27,0.3819444444444444,True,True,junyi
VoUEV5MkNaFrGENiLqm3zykytS3WV6a2u96d8kgEAN0=,5491,0.5601894008377345,1456,801,655,0.4398105991622655,True,True,junyi
VyJAFv77nIaZWzFAcZrlwtNbqZ9GtG8gXWS/QeH8dBY=,2539,0.38637258763292637,843,284,559,0.6136274123670736,True,True,junyi
W4l0TIo0YQXLT/c8/Uy7OLtElmNuNWPODI7HkJ0NaI0=,11744,0.4485694822888283,3244,1489,1755,0.5514305177111717,True,True,junyi
W77JRmtNTVD+rfntgQ/ysIvIOujqt1Pn7VCHzntIaNM=,5117,0.4428376001563416,1450,708,742,0.5571623998436583,True,True,junyi
WGpUu6x+7d7oYF2u7prVYC5D1GvAybVW7PvZT6my2Ns=,4079,0.45207158617308163,1188,543,645,0.5479284138269184,True,True,junyi
WIVV2NtKYatcEnMpVQbIYkGSMd8Q9Xt74y5a+V5bXs0=,10427,0.49669128224800996,2870,1382,1488,0.50330871775199,True,True,junyi
WIX8cNygX1SJ0qs+f36JttnScd1lBN+e2c7/KEYlysI=,13314,0.7329878323569176,3745,2696,1049,0.26701216764308244,True,True,junyi
WMgUXcGDQCwsVgpqW00m0nL9vzTUYdkN6Cbdtg8M29k=,8507,0.8173269072528506,2905,2374,531,0.18267309274714938,True,True,junyi
WR85TYAmgzldheol7nA1RzEqixyhrnrQsG8iD/RhpHU=,3222,0.6191806331471136,972,592,380,0.3808193668528864,True,True,junyi
WS6WWNekaOD2ftvFW2KFOR67cYFe7KHl0DfZjhjhbRU=,11756,0.6782919360326641,3264,2374,890,0.32170806396733587,True,True,junyi
WS8jP1BdHW+Hr6HKToZja5W0UH0gsE78z7CxYLHJgcU=,8528,0.5696529080675422,2135,1224,911,0.4303470919324578,True,True,junyi
WVgEr0cn4ZJnAjSpBIua9uheGClv4buPcj2zQE2Yp50=,6142,0.5804298274177793,1880,1150,730,0.41957017258222074,True,True,junyi
WW5taWjwvqMRopp4FSxyhhnCJvKHzed+c3PuWh5gifI=,9658,0.7561606957962311,2786,2043,743,0.24383930420376887,True,True,junyi
WeWipB8F4WKb1kJjUzDzzeqmt5Lb4mPAJy8sJKmYoAM=,24314,0.755490663815086,6469,4779,1690,0.244509336184914,True,True,junyi
WfTXipC1a2n1v6FzNC711Jzm2ikIDAAPKcOP6AEaR1Y=,6433,0.5585263485154671,1843,1114,729,0.4414736514845329,True,True,junyi
Wk1PobqnhB1FsjjiU84gVNe9j4O6SLWWYfvGb/l6MR4=,18878,0.8448458523148639,5343,4500,843,0.15515414768513613,True,True,junyi
WkBETrljVP4CWMKsouy8P5j94DMpD1mdMxCCZ7ftnN0=,4131,0.8612926652142339,1237,1057,180,0.13870733478576613,True,True,junyi
WkiJbEtcQ/6K9mzb+6b/b9MvUag94v5b3NTx6TRIcn8=,4102,0.5255972696245734,1334,693,641,0.4744027303754266,True,True,junyi
WloCXEmnD+f/vvG/m5NptiLPqazIZr+l8yqpaTAtMfg=,3773,0.6151603498542274,1147,751,396,0.3848396501457726,True,True,junyi
WnROIwtQSSRuDI+N9zspe70i0h/BVJUxoil4KIbnP6M=,12535,0.7873952931790985,3152,2392,760,0.2126047068209015,True,True,junyi
WwGpcpKdAF1kvKHFVZOLDv9609c0Rs+eGWAu1Ub/k9c=,786,0.8129770992366412,193,161,32,0.1870229007633588,True,True,junyi
WzvugOYA7I7EAC0ty8LiMKIA+9T/CYrBJx5dG+/QcMw=,21761,0.6637562612012315,5820,3968,1852,0.33624373879876845,True,True,junyi
X0cKvLgZxul/9WFXcTzJ//4b19Uf+pNMQ2NRT0fs3ws=,4114,0.5449684005833738,1042,600,442,0.4550315994166262,True,True,junyi
X1afKm2XO2cxQD9qw6cTUXRW2hrgPrfOGaduO3zsrqM=,2818,0.5933286018452804,769,472,297,0.40667139815471964,True,True,junyi
X3kjMLe+TWKd9Bm5TfIaJZzzngni5Yb5nJxHI3WWvO0=,10039,0.7668094431716307,2775,2065,710,0.2331905568283693,True,True,junyi
XABiqjiym+yxP9IxWjibmAF+Ccqqu+GF+oujfq0IbWY=,15209,0.6705240318232626,3862,2575,1287,0.3294759681767374,True,True,junyi
XG1pV3YZ4tnQkmvmVbwNYnm01m9sRhZovPW1qTPIGYI=,25024,0.8005115089514067,6786,5368,1418,0.19948849104859334,True,True,junyi
XGAA22+obUN8IuJrlW3W+g3lh+u3VHufuQK521z+R0U=,2189,0.3065326633165829,647,218,429,0.6934673366834171,True,True,junyi
XGFZ7IrZsoBhRl8og2T59raf/eHUTP3NRcwHW+GLxmQ=,7252,0.5426089354660784,1848,1127,721,0.45739106453392164,True,True,junyi
XO9+ucYiWTUi8SwVantzYmJrR1nuQBhpI0dy9yPYNrU=,23633,0.6819278128041298,6286,4164,2122,0.31807218719587016,True,True,junyi
XPjtEuV2qgexNe8re/JecZlBLnzABLhXY2kd8BFHlRg=,8971,0.8430498272210456,2608,2286,322,0.1569501727789544,True,True,junyi
XPxKzkvjDB7yK2AQPahFqPB7cnoHs5/dy4T498HoX5M=,7429,0.5763898236640194,2228,1287,941,0.42361017633598064,True,True,junyi
XQ+eEPmNGFKHnvblrA6eVyXOZ7z/e2GtSZIcf+MZeBg=,2464,0.5560064935064936,835,461,374,0.44399350649350644,True,True,junyi
XQuz0Vc87NUlA8og1jI8f37Vznop6r8vbYxTAhHk0c8=,10984,0.6938273852876912,3290,2366,924,0.30617261471230883,True,True,junyi
XUTQRoPefsFTFUaUGzdJFj7HtMAyenBL2dvo5BZusKI=,2715,0.5775322283609576,719,422,297,0.42246777163904237,True,True,junyi
XbcpTfT1RFwmsRn98oMDsQeWhCEAh7GOGSxllLaYMLg=,20106,0.599373321396598,5490,3332,2158,0.40062667860340195,True,True,junyi
XfTWhuL8KHud7ThpvXxV7BfPsuMNJNrNzIXLUA987GQ=,7613,0.651648495993695,2110,1375,735,0.348351504006305,True,True,junyi
Xon2nhjAvMcy7wYUdVvTMH3poFnamhJUQElLk1ijsb0=,16067,0.6947781166365843,4281,3010,1271,0.3052218833634157,True,True,junyi
Xt9R4E9f2za5+yOINEKCRJbnm/ML+pyrsUJb6rs1XTk=,19321,0.8434346048341184,5899,4845,1054,0.15656539516588164,True,True,junyi
Y+91ladMQTxor3mEVlnYFcmpwmJFyT1HMG+DNySbVZ4=,3225,0.5466666666666666,804,400,404,0.45333333333333337,True,True,junyi
Y/3Ni8Hqpn0fTKF+ZASK6Bpn/wyoF0isUcBEeF5fPiU=,6815,0.7873807776962582,1822,1405,417,0.21261922230374175,True,True,junyi
Y1TLugWpKI2hhakWAmmKYPUh8jdVGnOpm/XMQLKx1Kg=,12254,0.4880039170882977,3172,1629,1543,0.5119960829117023,True,True,junyi
Y1xbm2qyB1ORPl4XEuHig7PZekscar6DdRCT24qu3HA=,8989,0.7718322394037157,2916,2181,735,0.2281677605962843,True,True,junyi
Y8CHlvc/Mc/Xo2I636Dh6J5Vc+IxbLcCC4Wiuvd67oY=,3052,0.6818479685452162,804,545,259,0.31815203145478377,True,True,junyi
Y8wMuwT4XAOV0oJ6FnQLaEEOIi5GxbVxfLaXLdbchfg=,1192,0.6736577181208053,355,269,86,0.3263422818791947,True,True,junyi
YCBDRftfzwiEL3TgdJIBFRRVKPJU3ZdlRy3jNdXYO3w=,4365,0.663459335624284,1337,842,495,0.33654066437571595,True,True,junyi
YCkF1MtpY1fSQe4HekhmGm9bt7ErYLpnaL45TlEtrbo=,14019,0.6930594193594407,3858,2656,1202,0.3069405806405593,True,True,junyi
YDMrFIf6Xald2go/hpaWsU2D05toJULMFD982lohHw0=,3087,0.6485260770975056,1093,712,381,0.35147392290249435,True,True,junyi
YHd/e3w70NYiywYoX7X1Iv07iYY6CT1jAd9BayAdg7o=,15784,0.8240623416117587,4293,3457,836,0.17593765838824127,True,True,junyi
YI7fG8ZfmnBhOzqkTJkMej3ejuPH6JNyVD+CM15mYIo=,6998,0.6830523006573307,2087,1463,624,0.3169476993426693,True,True,junyi
YK8k7vXBGE+Uz9zSJyxXp6OC214bTKKGGTqalD/Zf5I=,12055,0.7830775611779345,3125,2464,661,0.21692243882206552,True,True,junyi
YLh3gboNapAss7XRv0CyfwoP2GZHxHZxeBNoWI2+Pk0=,4479,0.7369948649252065,1540,1105,435,0.2630051350747935,True,True,junyi
YORLcxgiHpb03U15diML90XnAXNqfG/QtxNo1PrCGVk=,10601,0.5084425997547402,2873,1547,1326,0.49155740024525985,True,True,junyi
YRZkayzEaq6umqAo3NH1MiLW1oqHFPHDmlEIrn/EWb0=,9191,0.6251768033946252,2702,1704,998,0.3748231966053748,True,True,junyi
YRgtGEd826lr/TTeqzRiSg74GgvqIjPn4GiFofbYGoA=,6430,0.3740279937791602,1850,646,1204,0.6259720062208398,True,True,junyi
YTAheEdtfsl96LQz5pfT/e2iTo3mXMMzNkjHpOCNHCw=,2985,0.48107202680067,1052,517,535,0.5189279731993299,True,True,junyi
YVNOK+AhFjUEHxCvwUmqSSiYmGqD98ZGZrp5l+7UAFg=,1281,0.5995316159250585,276,190,86,0.40046838407494145,True,True,junyi
YXMFRXPpfMq0dR1ji3gtHLMvc080j2c2AF52HbRm7O4=,520,0.2403846153846154,369,109,260,0.7596153846153846,True,True,junyi
Ybd/zfRZPKlB4rPFPmqgjUOxkC9KP7WFThltU3wWFOo=,3323,0.5350586819139332,956,520,436,0.46494131808606676,True,True,junyi
Yg+sVKaVUURclcpez8GQE2MOKwxr958SB3sI6NhKmIE=,2797,0.6864497676081516,842,615,227,0.3135502323918484,True,True,junyi
YkHODfSVaCIiF+woaqNHli0DqOr4KOxt4DKcsOdLMr8=,7261,0.43423770830464126,2095,973,1122,0.5657622916953587,True,True,junyi
Yld92kacYxRSUfN9lQovMp24sfx19G3veIT3XSsHuQY=,5739,0.7206830458267991,1443,1115,328,0.2793169541732009,True,True,junyi
Ym0eyAFdpBdYOyWEgTUn+a/muxXKbk5ahnGiGgmJ4BE=,568,0.596830985915493,79,66,13,0.403169014084507,True,False,junyi
Yn2HRzsEDaARisznJY9n3wALZ45h7G/l8o4AhZT613I=,8951,0.6498715227348899,2724,1664,1060,0.3501284772651101,True,True,junyi
YnI7n8GUBMZqWulnBVfUXzZLgJVDs7v0mGRfjKqao2k=,6509,0.6878168689506837,1600,1157,443,0.3121831310493163,True,True,junyi
Yp1BxxjeCigA5sXXXV9seEAdOYA8MchGwafHWyUm7qQ=,15832,0.6888580090955028,4494,2986,1508,0.31114199090449723,True,True,junyi
YpGyZePfYXyA1sM+Syxc0sKhL5GiFcPSv0GpDs5VEoA=,394,0.6954314720812182,125,95,30,0.30456852791878175,True,False,junyi
YuGOmB+frbM8rfAa0RJE882R+IoMf9N89OiVqLbAHBw=,15510,0.7865892972275951,5020,4094,926,0.21341070277240493,True,True,junyi
YvQPbwjYS29kj/MLwNYQQZEeHg3g0EltbLRfuPywjqE=,11428,0.5153132656632832,3335,1851,1484,0.48468673433671683,True,True,junyi
Z3Dy7GKG+3wjN6aJw7KVQxD+9q+PgN6WynGJfScaDXE=,1368,0.6206140350877193,365,208,157,0.3793859649122807,True,True,junyi
Z3dSEIJzUCdIKWEO4/I7voT/RlkFDuMuU57dI6kGzcs=,5651,0.7136789948681649,2034,1372,662,0.2863210051318351,True,True,junyi
Z5JB3D/LstCk46Bi7qFkVXd18rYRFy7qFCpd5rEMAZw=,479,0.6200417536534447,119,94,25,0.3799582463465553,True,False,junyi
ZDQe2EAf9O/FBmCJpXM2GZK7E3bfQfT6M8rHZ21H5Uc=,6220,0.8011254019292604,1619,1299,320,0.1988745980707396,True,True,junyi
ZGnaehUOvrRIwrXHqEnz72BTVo/xzUr85yaqAjY5FN0=,7085,0.7044460127028934,2141,1548,593,0.2955539872971066,True,True,junyi
ZJ92WK8KhstnwtpIXZzFwFo9tWV1FxW9wGbwBT+JaMk=,6539,0.7247285517663251,1912,1488,424,0.2752714482336749,True,True,junyi
ZOO50WfENqtWGe4uBkJcqW4nppgtuJKCAoqx34z8eOw=,16964,0.7093256307474652,5268,3883,1385,0.29067436925253476,True,True,junyi
ZS2aKTrfYoSFzhm+weF3amIGgUrNaR6urAPzgLNqWdY=,24422,0.755384489394808,6750,5129,1621,0.24461551060519204,True,True,junyi
ZTrivKluBU7pmaSFNu6x4a8QnBgW4kdz9KN9RcGKzn4=,6177,0.859316820463008,1635,1449,186,0.14068317953699205,True,True,junyi
Za+UP8i5RYOzsfA98cUkUzKWLYcmHOg7TpQTWUNg1is=,8910,0.6699214365881032,2447,1664,783,0.3300785634118968,True,True,junyi
ZcwX8fZUrnZDOsvBOPux3Oaf1viIG83MNe5frh0jnQw=,6242,0.7944569048381929,1709,1336,373,0.20554309516180713,True,True,junyi
ZeqalmMEbu4L2j3EXlTLYacpBIa8eomjRPajfWZZD18=,11629,0.5398572534181787,3165,1790,1375,0.4601427465818213,True,True,junyi
ZfOvxkOK32fpHT6LuZQ7Iy1BUbJm78JuTpNnvl/t5HE=,719,0.33657858136300417,160,70,90,0.6634214186369958,True,True,junyi
ZfijBfJmW6aiU5BUvf9fG0QF1XKo3pbEYQ8mYC94hT8=,4052,0.6927443237907206,1330,945,385,0.3072556762092794,True,True,junyi
ZiB8YudXZGaYEDJxnFGFKxDYg7p21KMyv2iISc6REEQ=,4089,0.44387380777696256,1238,544,694,0.5561261922230374,True,True,junyi
ZilXWSbduOENN7B3A3JpDKyx61nNdU+D7av0CVJeIL0=,14063,0.9149541349640902,3543,3191,352,0.08504586503590983,True,True,junyi
ZlHr1zKJsK/9HFeradx6cAyqADDSSyihZ9XHBS1PfyU=,362,0.6464088397790055,115,77,38,0.35359116022099446,True,False,junyi
Zo5OH3GyWGn52CiWFk1qCg8zwtyTw2CzekYXwgDtx0Y=,6138,0.6744868035190615,1517,1075,442,0.32551319648093846,True,True,junyi
a3YtCNan74n5yr33mRTziRBk7zjFI9XrLXC0Wtp8kWU=,7709,0.8351277727331691,2176,1809,367,0.16487222726683093,True,True,junyi
a3dIrvVFRsNUndL0o6tSC2evd4XhhCObHWe0OO0WemU=,6628,0.6036511768255884,1805,1075,730,0.39634882317441156,True,True,junyi
a8gAVDPDmrxf2poDVj1SEcQl7lX57osmdVFS1+Z+4K0=,8967,0.5235864837738374,2362,1293,1069,0.47641351622616257,True,True,junyi
a9UEy8sIwRzT8QudLWkrjcWrb+ZKuiVhcEiPQih1o38=,6137,0.7880071696268535,1485,1145,340,0.21199283037314653,True,True,junyi
aAZFwEYHULAK1AbQLXDXQjqU9JfJoEu1QZ5bv/EYlVs=,6787,0.663032267570355,2099,1418,681,0.33696773242964495,True,True,junyi
aMxsQs5rzVMmcHNmhMRVuUQ33IDNVp8fYkEdofpRbQI=,4025,0.5853416149068323,1316,817,499,0.41465838509316766,True,True,junyi
aMy+V/IgYkfzzxp0JhGeJIW3f3X4rBOZf/UgsI2IX/4=,8229,0.5727305869485965,2611,1534,1077,0.42726941305140353,True,True,junyi
aQtj+vhFKWn0qz527tbi3q254EkieQ0rqf8dS5yw+m0=,9702,0.7444856730571017,2639,1908,731,0.25551432694289833,True,True,junyi
aQys6A/5FjGwd7dQ0KQ4h/5zmPrM7lbkwj2ZkuhMepo=,20610,0.8847646773410965,5561,4761,800,0.11523532265890346,True,True,junyi
aUZfbM1yIpHJBCb6q2Ibl75Ix+02UZ4ihUKYjUtEhkA=,4312,0.5786178107606679,1067,608,459,0.42138218923933213,True,True,junyi
aWIZnPhyDCMR9yuVS0hy2iEHURPnHdsUNDkz0hzDL3o=,1078,0.5575139146567718,623,263,360,0.4424860853432282,True,True,junyi
aaltH7YODgrsZuZYKu16qokv/Z+TofzVxU6Ai/dDhl8=,11907,0.6812799193751574,3695,2468,1227,0.3187200806248426,True,True,junyi
aaqqTl3AwAAh2Zu0fBTrKYA+Jgnh5Xcn3VznWez5WJU=,4565,0.5331872946330778,1347,738,609,0.4668127053669222,True,True,junyi
abZeR/hnIssN0A8N+KhGYvmhrlPuBAPZSPOCXwLIQd0=,1541,0.6975989617131733,456,337,119,0.30240103828682674,True,True,junyi
ad/P0gKMpXTOaZ/ShZQX2Y5m7BBidPE5CT858fakoAo=,17536,0.6943430656934306,5198,3675,1523,0.30565693430656937,True,True,junyi
afFEQbum8M2N2a175IzVSs8+P894DSA/3Y10COWsVeA=,3673,0.3778927307378165,1055,345,710,0.6221072692621835,True,True,junyi
aiQx7FTmtkEzQOA5cGnbKrlqzKkK4IAgGnwNsgrBuC4=,10766,0.7727103845439346,2844,2184,660,0.2272896154560654,True,True,junyi
aidk3wnxk2e9xbBQTP0plmVgHqsXqGF9OT93vKcIMdE=,9220,0.6459869848156182,2822,1839,983,0.3540130151843818,True,True,junyi
ap9wOXDnXVFePVnnpscqo0DFNvaLEzP+JC5FyWOxYI8=,132,0.4393939393939394,100,51,49,0.5606060606060606,True,False,junyi
apFEy2v1Cp11xrY8+93ALiMxibD9kdla4EDA1KJdSm0=,4652,0.811908856405847,1556,1250,306,0.18809114359415302,True,True,junyi
arhLfqJ8pA8XhguBiyIZKbrXTISqxBnAQeYVkKBtcWQ=,30997,0.9471884375907346,9006,8556,450,0.05281156240926543,True,True,junyi
awqH6F/TgV0QhF46PtnHP7eSsTSHSXMKIO4KqJaMn04=,5361,0.6814027233725052,1538,1117,421,0.3185972766274948,True,True,junyi
ayCRiWa4X48etGB2T5tDIRCcIozUEOmIWHNctm20hns=,8313,0.6987850354865873,2163,1588,575,0.3012149645134127,True,True,junyi
b/krXJBZm0PjanxrV1ad3wJ+cirOA0/+gywkvvJRQ9U=,4806,0.6747815230961298,1346,871,475,0.3252184769038702,True,True,junyi
b1IGwey9JYxxOGjLTGRvkWIsfmIlerNqghEc8OtDB8o=,6060,0.5833333333333334,1692,980,712,0.41666666666666663,True,True,junyi
b6cw1Qxc9pcHLkL8JmxW99AJEkZtsztt9ZvSboO7usA=,9513,0.7815620729528014,3253,2582,671,0.21843792704719855,True,True,junyi
b7WGHdUuPzaL2tTyUSSu5MoQ7LGDoLlHwTV8M3SDbvo=,8122,0.6442994336370352,2880,1821,1059,0.35570056636296477,True,True,junyi
b9R/xne951+T/j1JI1MBUYj5GedaqnaVkFFXo7wZ+qo=,5325,0.6784976525821597,1715,1175,540,0.32150234741784034,True,True,junyi
bGhEHzDDpgeN/wftiCCViepN+b6lTXEnxj1/8DxWeZ4=,352,0.4034090909090909,205,75,130,0.5965909090909092,True,False,junyi
bL9LCeyWY9s37YHGGaajw9y6AvwkTvCxHwEL9prznXk=,10134,0.6903493191237419,2920,1961,959,0.30965068087625813,True,True,junyi
bPD7y6gQ2IeTfXrQunq8OXXx5LY2zIsQ8wfSBApCHTc=,6790,0.4932253313696613,2157,1107,1050,0.5067746686303387,True,True,junyi
bSU4MMcM8YSzI9yAlKY0lW+EtDZDkSak/+wCG1Ncz4I=,12230,0.8721177432542927,3345,2966,379,0.1278822567457073,True,True,junyi
bUte1ZRGCV1S/2YX8o4VgvRd3uaJ383rAiQfhpHmtos=,4009,0.7919680718383637,1455,1129,326,0.2080319281616363,True,True,junyi
bY13RsIM2Xlj/qRBujFNedeCeDFFNKV1YUp+1kTLfAA=,7248,0.7912527593818984,2202,1698,504,0.20874724061810157,True,True,junyi
bZml5gkJWB1WJFn9WFcAJB4dwFXSFI3h0uK0BwtBHzg=,10448,0.6852029096477795,3025,2048,977,0.3147970903522205,True,True,junyi
bcVaSTFMr4RK9JPKGqEq+y6uMvBtTET8i7vhnwCQTpA=,14701,0.7556628800761853,4289,3256,1033,0.24433711992381468,True,True,junyi
bd5nps07t0OtRxZxiwM39yi9o6qmxUkuW5g46/PKjeo=,5768,0.4467753120665742,1380,617,763,0.5532246879334257,True,True,junyi
bdWR70qmnAJIvbK4o/p60bDY5QbnX2vaRkVdg1s1DZk=,9854,0.6961639943170286,2724,1974,750,0.3038360056829714,True,True,junyi
bhUhhAGCaQV/N1qvnzhpjaD7P2mfdt3aqOl/ctA5Ozg=,13610,0.6421013960323292,4235,2764,1471,0.3578986039676708,True,True,junyi
bhl5niycEORGZd9uw9vrbmuxJKvPUJT7TabweC0W77M=,3085,0.6820097244732577,906,635,271,0.3179902755267423,True,True,junyi
biaxP2zII7NP2ksFgn8KMiJxA30RhydZ7oiHmr4Lh5Y=,4324,0.482886216466235,1184,602,582,0.517113783533765,True,True,junyi
bjqNyUe/0l0x5+ie8inJrNliiPty2kvg7F/29KIioKA=,3477,0.7483462755248778,1123,808,315,0.25165372447512224,True,True,junyi
blcaSZRDQfHg6i4RKYRvO7/D6wVIL6rGsyTJtdOElCg=,8420,0.5776722090261283,2820,1647,1173,0.42232779097387174,True,True,junyi
bm+PA9RRRt5EzYn5/rlVo0Sg77oozAjc+46VbJhE7YU=,1843,0.5252306022788931,426,278,148,0.47476939772110693,True,True,junyi
btutOdU/ny9Ykgd+Tc9xiiMu9JaIcbX/87A/I7MsM2g=,11258,0.731479836560668,3180,2276,904,0.26852016343933205,True,True,junyi
bvkyLDFZEq5/4jgDQtgO6S3rJ/DK7yhcVrja6HVlNh8=,4236,0.454438149197356,949,526,423,0.5455618508026441,True,True,junyi
bx+6BdRWpHzjw2lzHZq06pywvvL/Q1TL+gEZL5lhy7Y=,1709,0.6530134581626682,565,356,209,0.3469865418373318,True,True,junyi
byiS/4MopQNKQw1o5SVSsCfg28hMqNPubipGt4A19bo=,8641,0.8134475176484203,2571,2104,467,0.18655248235157973,True,True,junyi
c0t5AkrKR7NWKeq1VVONr8Y04yJwdRPn/Qil5esGVUQ=,2865,0.5287958115183246,896,527,369,0.47120418848167545,True,True,junyi
c7CnB6hlM9deJD6GjunUMpgXQlPcGIKfVuzCTGSGiQ0=,25095,0.8715680414425184,6811,5866,945,0.12843195855748157,True,True,junyi
cBtlUtwXdy5gGdRnRrsdXfZKfxJcjOb/Y+VJG/VOzVg=,10522,0.551130963695115,3082,1715,1367,0.44886903630488495,True,True,junyi
cINypIteJpgvnBnuBcPhQ0QhSdf0LxpMPHuxN3Ibuyw=,12689,0.7381984395933485,3442,2546,896,0.2618015604066515,True,True,junyi
cNDFZsIE6ShplieFXQVimwas6pEjjQ6TXTMZSV/ROT8=,5407,0.6953948585167375,1556,1106,450,0.30460514148326245,True,True,junyi
cWGivrZDSwN5LiL2G27HYCmyOuUeAhMIchLIraXiV8Q=,8662,0.8255599168783191,2260,1926,334,0.1744400831216809,True,True,junyi
cYcQzu2bjsSMNeaAw4lWpDUGdH8SsNow/a+k3vVor3E=,2322,0.5848406546080964,544,311,233,0.4151593453919036,True,True,junyi
cYgMGBbf7LdGQPgpluIyEfy/nofh1pO0STOjHrLThpc=,9162,0.6045623226369788,2692,1743,949,0.39543767736302116,True,True,junyi
cdFXA6IT4q2KUZxKXFD21+IYBmdKr9+64dIZOPfosfI=,6609,0.7839310031774852,2099,1644,455,0.2160689968225148,True,True,junyi
ceoIhM1kD63Q6PhxJlFTGX+RwSnXuJ3WTOTYhESoQ1k=,1089,0.5996326905417815,372,232,140,0.4003673094582185,True,True,junyi
clP2+ai8jg0m7J92YX2RrRzXyBa4jLyja5WruzDuOZ0=,12155,0.6577540106951871,3605,2473,1132,0.34224598930481287,True,True,junyi
cqTW0IXOg+J6y+Yk63csOn2IHYY4+Nqos2a87VHy6SI=,11066,0.6303994216519068,3388,2101,1287,0.36960057834809323,True,True,junyi
csvTOQUIhu2MK2FXPlq40vS4Zt3CTRXxG7dBI/MqOck=,2515,0.5980119284294234,854,469,385,0.4019880715705766,True,True,junyi
culKseV+Zke/kfH2elK1UcG13PktwOLaw0bde5RD89Y=,6771,0.770048737261852,2082,1574,508,0.22995126273814803,True,True,junyi
cv9POISG2CRsF6NgWLZALS9+KTAB25ASQhvveqRLYtM=,5773,0.638143079854495,1969,1010,959,0.36185692014550497,True,True,junyi
cvjFCVBHPMRGgHN646n278rct/tKIPgmtYIu9XsyGe0=,16261,0.5697066601070044,4907,2791,2116,0.43029333989299556,True,True,junyi
cvnGl+iUiKphfjbPcE0G7/HRE/Q51L3w0x0WhVLy1cs=,25705,0.893444855086559,6599,5875,724,0.10655514491344098,True,True,junyi
cvrpe2HqRWypDZTWd3ry5QCy4XdRg67y3MIeZlRYaes=,13257,0.6855246284981519,3468,2392,1076,0.3144753715018481,True,True,junyi
czwYNtatxXTkGd58zAmjHhwFS0+fjoCGpWJdrG2FPJ0=,2122,0.6418473138548539,436,291,145,0.35815268614514606,True,True,junyi
d0epea1fc69jCEDP+o1Ko8TO9UcNtQ4nH4RpOz+toyc=,7606,0.5790165658690507,2341,1358,983,0.4209834341309493,True,True,junyi
d78kpes0fgN20aS/f8XWcwktKDL/e+vtWguyMOrdHbw=,444,0.4572072072072072,161,86,75,0.5427927927927928,True,False,junyi
d7EhDMIrDeTrwHOcqUhYpiwc4yQMwmZ/8RjcPpojXzc=,13914,0.639140434095156,4091,2605,1486,0.360859565904844,True,True,junyi
d96gb3CJNJAs06rSg/7oI0q50Y7vxIOB8A4ubdHQADU=,9878,0.6717959101032598,3418,2261,1157,0.3282040898967402,True,True,junyi
dAipsKstQKUN4VipBEuqm9rBlREJoKyays23NuZ4B/A=,7538,0.5400636773680021,1866,1143,723,0.4599363226319979,True,True,junyi
dEdTB/d9fVuyj1/b7hO9H4lL6XcWJW155+5nwHCyE7w=,4085,0.6149326805385557,1165,653,512,0.38506731946144435,True,True,junyi
dGA1T79oC75XYzF8EiB4E1U7CLpCVSbLgAFnglV2nBE=,7946,0.679713063176441,2450,1642,808,0.320286936823559,True,True,junyi
dIoqlJEhZ/uEUpnudTQ+Ve8Uw1oiqSMobNqXb2YQfcs=,15471,0.7215435330618577,4948,3610,1338,0.2784564669381423,True,True,junyi
dL+vpyv8mp2L14ZNIt1k9tpwdFydZoov6EvnXSW4Dt4=,7431,0.5855201184228233,1904,1145,759,0.41447988157717675,True,True,junyi
dLeQgciAmkIfymykUY3PBW2cDqWQVx64R7tMT+FpJP0=,7497,0.675203414699213,2271,1544,727,0.32479658530078703,True,True,junyi
dU4LbugoGp4U2bvHZqTvZ0EcB6yr4pC96uqyprkEapY=,8679,0.8920382532549833,2562,2216,346,0.10796174674501668,True,True,junyi
dU4bHGG5iITHkO+/yRQ8EBgimx3ScCs8/Ibrz7QE52c=,4763,0.7255931135838757,1535,1077,458,0.2744068864161243,True,True,junyi
dVKfHzCsi1dOBhd343bsUNF4dowsiANnvRBkWqToitg=,34599,0.9280036995288882,10041,9281,760,0.07199630047111183,True,True,junyi
dXvYZmfaKMbF66x3mpE4pJ0jkJN4QiDScmpt91rwZ24=,2147,0.4457382394038193,575,258,317,0.5542617605961807,True,True,junyi
daGwNLwnh35rFVqjg4maa1tVsx+wdDt7V9HggGCDZXI=,8769,0.5796556049720607,2522,1446,1076,0.4203443950279393,True,True,junyi
dbfungJHCNq5u7rIZjs2wCd9hgFrRs2MXbTqu1obyVY=,11803,0.8347877658222486,3320,2823,497,0.16521223417775144,True,True,junyi
dfeeBaa8zDhWS6nu7zeXKwLyi4zqEajI3tJM9/fSBPM=,6363,0.6377494892346377,1701,1073,628,0.3622505107653623,True,True,junyi
dp0m1kS6Bygoksx9S/gkBqTcWPoglbf1HT3Ma3U3N8U=,43779,0.9517805340460038,12888,12278,610,0.04821946595399618,True,True,junyi
dp78n2nBF0mjm5oRY8h60W1V3QuUhYHp7Q+b48XB8e0=,11086,0.48674003247338987,3202,1528,1674,0.5132599675266101,True,True,junyi
e/+cIBGmDAZDgbD/6i/zllBplAiM5B1squ96zM4BIj4=,8147,0.9067141278998404,2650,2374,276,0.0932858721001596,True,True,junyi
e/HgpRlVCZ9F+F9KuwVWxa3jJn/JuKPnbZbr77xwptM=,10419,0.6844226893175929,3055,2091,964,0.31557731068240713,True,True,junyi
e0+hFijqTJTOfBIL9insE6M7fh8UL201r+EDBi9M2Vw=,12832,0.6610037406483791,3524,2318,1206,0.3389962593516209,True,True,junyi
e1sAMu3IIfTozHcol7SwsRlLOnca0S9V3KN3/RFthmE=,1739,0.7400805060379528,515,367,148,0.25991949396204717,True,True,junyi
e306CwdsI1GgMiiFdPRKSbcLGcEFSciChFTFXHPyGrk=,13925,0.6800718132854578,4801,3537,1264,0.31992818671454215,True,True,junyi
e85vrrhrWUiVrvUMsLtqjwCVVgejgRneTUUL2gr0GJ0=,3883,0.8702034509399948,1222,1063,159,0.12979654906000515,True,True,junyi
eCi043NcnwGh9pN73yoZOB0rftEOHoYCpIkcigyKXhA=,15683,0.5330612765414781,4200,2289,1911,0.46693872345852194,True,True,junyi
eHoVband54HgDCiLdmwxL2LOmHeZyfACsh/KtEbRFUU=,11682,0.6783085088169833,3266,2220,1046,0.32169149118301665,True,True,junyi
eIXu+dbL2Ej0/ZO+/PYSUzo1dTaTEqy1S2TGCSUlLAA=,2646,0.5132275132275133,911,448,463,0.48677248677248675,True,True,junyi
eJs/Pql/Xui+9mjL0q4CwHI/r+w6Bn3tTCt0i6r4xrg=,16407,0.37739989029072957,4744,1876,2868,0.6226001097092704,True,True,junyi
eLblaDUmtz3c7uZgJ8pgtSnq7nnc+tke1g8HqUw1F5E=,4078,0.5610593428151054,1450,817,633,0.4389406571848946,True,True,junyi
eRdS2Lfw8wCLAeMb0UNbMsFEJ7BUXHLFDmkwPctkCOM=,11953,0.611645611980256,3705,2277,1428,0.388354388019744,True,True,junyi
eTxJnM9Mi8xeXIVDEEXgbm2AcOlh2CKQJVDx80DnkoQ=,17064,0.8159282700421941,4471,3598,873,0.18407172995780585,True,True,junyi
eVnUwCnYPCD+UvlFn/2t7HsPe+up0G0F8cznv/+R/a4=,442,0.3755656108597285,268,76,192,0.6244343891402715,True,False,junyi
eWpRAHAhJCaRg5/Ef0tTx92nWIJcHJaMTwQqvukQeoI=,8181,0.5284195086175284,2532,1337,1195,0.4715804913824716,True,True,junyi
eckDRfpc73OUXcSW4vV+4Y6JZaIfSERP9bUZIrNtLyM=,29293,0.7479261256955587,8121,6065,2056,0.2520738743044413,True,True,junyi
eclQFpzMm/3m7MGgQaYOOPnvun/s4IcQzDok5QphMys=,6093,0.5552273100279008,1732,940,792,0.4447726899720992,True,True,junyi
eddO7Y62aSxN4O6q6+UZ1oFT7Ev3tJqJn8H7Lz664kk=,16906,0.5982491423163374,4302,2628,1674,0.4017508576836626,True,True,junyi
eeZVLiOU7OQMzmiBBpfdNeiopHtz9V4xk1B4/c7f4ok=,14103,0.813018506700702,3956,3119,837,0.18698149329929803,True,True,junyi
eem9dUXJyUw0k1eqjFlnFp52CjkEsGsRMN5hIg7AxIg=,12796,0.6698186933416693,3721,2596,1125,0.3301813066583307,True,True,junyi
eikXAycSEzx70lQOTATgR6AnubI9JwebkOTZkdgOJFY=,5304,0.6351809954751131,1248,811,437,0.3648190045248869,True,True,junyi
endJFI8hIB5+/JKX/XXr4VxWd1uNY3g1YPqPBExHwik=,3525,0.6995744680851064,1081,769,312,0.30042553191489363,True,True,junyi
evRRGINVvP8D982nKYCUr6xI3QP2Mx+Fvu2ZIrKNajM=,8115,0.811090573012939,2513,2052,461,0.18890942698706104,True,True,junyi
evnrvQPPTPutwKufIKh7K4UMK3E+lB2zHUzaKFdprEw=,6870,0.6668122270742358,2071,1349,722,0.3331877729257642,True,True,junyi
f0wLgPqiGPfmX/CF5qxgNmuoQj/9Z6CKss1Oi6P61I0=,9559,0.49220629772988805,2613,1340,1273,0.507793702270112,True,True,junyi
f50Nnagzc0knPQZr++FGzNdqmAk4E7Gw0ePgQ75hs5U=,1532,0.5039164490861618,515,266,249,0.49608355091383816,True,True,junyi
f7095rj+E71WXpZHXMkEExF0RcHXLX3GBHaoIK6/1GM=,2381,0.48425031499370014,651,341,310,0.5157496850062999,True,True,junyi
fBA/dR3/vn5rjFVbPKC9asCyTQ2ieY/iBYb1sqWO2oc=,2929,0.695459201092523,1008,712,296,0.304540798907477,True,True,junyi
fC9kCqQqWNfROUPdgfDgMz44LI9SzI6Ka00bolSA2/I=,422,0.5071090047393365,137,75,62,0.4928909952606635,True,False,junyi
fD8zM1ZR2ONSCf1qFOxRewRZWPyivWHdZKlbbOaK+tY=,6572,0.6714850882531954,1972,1304,668,0.3285149117468046,True,True,junyi
fE04LEEwnBo+HjQx10Ikc5iW8dGBbjfZuxqEt31yeaA=,6046,0.4641085014885875,1935,841,1094,0.5358914985114125,True,True,junyi
fIGjoMn51hw+f/+MS3QOlQbp677TV1G/gVDzckNAxoo=,3160,0.7132911392405064,847,610,237,0.28670886075949364,True,True,junyi
fJV+/6UaR4fnZLzM81X+1r4Ma1REep5Q0Rj30zM6z+Y=,4660,0.8032188841201717,1531,1291,240,0.19678111587982827,True,True,junyi
fO1unC+JwTokAOIH14ps0gxCtaiEW5C6RtdsHir5PQM=,19084,0.8095263047579124,5253,4209,1044,0.19047369524208757,True,True,junyi
fQhyLDlrnXbdAwvY10TcCRGj/lBUTeJdB3hXeJPOUVg=,2165,0.7833718244803695,748,580,168,0.21662817551963054,True,True,junyi
fQzyhskPyJuzy8T0ZlA3yA5RZmMkumMtkKG/vC1KStg=,6352,0.8904282115869018,1522,1384,138,0.10957178841309823,True,True,junyi
fS8PvECka4NC8sJQey0IIfKeZ2dwZQsrj2/lhKun3tE=,8424,0.5269468186134852,2388,1364,1024,0.47305318138651475,True,True,junyi
fbuOkTzKc7bABIGPJvp/bTmmesQeECfkMWrERS9NDEo=,20002,0.6743825617438256,5947,4020,1927,0.3256174382561744,True,True,junyi
fdLm1viqYUbXjdbyioDM4zseCsyOlX3y5HIHd8fPJXM=,6077,0.7641928583182491,1801,1441,360,0.23580714168175088,True,True,junyi
fggka57OX3QL3I441EmW3Bn5qGYLMEDYYAJ0whO/BoY=,9148,0.7024486226497595,2655,1845,810,0.2975513773502405,True,True,junyi
finh11g4fr3tjeY0F7m5HvkDtQGrF8e5Q6ZNMX1YLo4=,8391,0.7124299845072101,2195,1571,624,0.28757001549278993,True,True,junyi
fjWWAOup4/22H9FJ4JGCOoAlKuzlTKJEBvhYtRhNkEQ=,9909,0.6519325865374912,2610,1809,801,0.3480674134625088,True,True,junyi
fkYHSXvk0VmYunyFLG74H16A4P9WX6Cx2MMKpQcvVNQ=,2550,0.5772549019607843,780,438,342,0.42274509803921567,True,True,junyi
flzEj3Mnu3HFWNtkqEhaKk3L6u5aBJRuGGTTmNC1DR4=,2443,0.7834629553827261,777,615,162,0.21653704461727385,True,True,junyi
foBtKUAK/HUSjhHco0WST9c68Or3TrbKMN75i6FJUZ0=,13338,0.824861298545509,3703,3053,650,0.17513870145449095,True,True,junyi
fpz98Db0LX6xbMc9XXMAqpnq17WoOxhJwylsP0dj24c=,1984,0.5065524193548387,700,303,397,0.49344758064516125,True,True,junyi
fr4VFr4dtAr75FBvGg+x8bts4takOr5RoTMItlyF9Os=,9090,0.6414741474147415,2311,1494,817,0.3585258525852585,True,True,junyi
fuM14IacAZTrOR0wL7pjHs3d+dmNJ7EMH4s6iLNNg7A=,8275,0.816797583081571,2347,1913,434,0.18320241691842898,True,True,junyi
fuX7RkEntlLtpkaxdMcV4FEBp/WuIaHudOHBjIQN/p0=,14302,0.8233813452663963,4168,3421,747,0.17661865473360372,True,True,junyi
fvFMso7Q63rng+f8fs9HliWNJ06dvmCvI89pP3g8AZI=,11895,0.6812105926860025,3428,2433,995,0.3187894073139975,True,True,junyi
fvlbr1+0Yu4YTF5vqxIlsxlVUtlAFE/LxIaxKOaLs7g=,1786,0.5884658454647257,487,313,174,0.4115341545352743,True,True,junyi
fw1/GoseFhHX1yH+qmBYplRxoAishYQPUm39HhXVIgg=,4387,0.5514018691588785,1539,792,747,0.44859813084112155,True,True,junyi
fwR0w0LLlf3OriHwW2vIK3RiKD8gRLRfHC1T6kQhG0g=,19334,0.9090721009620358,5308,4812,496,0.09092789903796417,True,True,junyi
fyie57S6DAxJ8etfXPWAJOuVbzuyyPpqcr9iLyfgd9Q=,2736,0.47076023391812866,862,395,467,0.5292397660818713,True,True,junyi
g+QrAwIOrKpsjGfixPcsV8mYJ11PnKrFOt+JL386CZk=,479,0.5824634655532359,112,69,43,0.4175365344467641,True,False,junyi
g0WmMRm3uq6z030S8hInLOY7xb091Cos25Bu/Slg38c=,10228,0.7088384825967932,3063,2196,867,0.29116151740320684,True,True,junyi
gBWgPAdRB7ghGaR1wXxs0jogZW6obH9cO2hmBu/pUx8=,7789,0.6741558608293747,2513,1710,803,0.32584413917062527,True,True,junyi
gCO8NpEiiKGbe1pbysbDipvP7hdI2LxjDVnbMOCvG5c=,726,0.36639118457300274,261,97,164,0.6336088154269972,True,True,junyi
gKJglt665bOi+yhFGI4R+H8qLidcbQP+hBH8wGvpE5U=,5864,0.6253410641200545,1790,994,796,0.3746589358799455,True,True,junyi
gLNrtr7TN1errHKhgFmRSO60rwODerk6A7qT19Ickjk=,4900,0.5057142857142857,1663,859,804,0.49428571428571433,True,True,junyi
gNyTSOhVPx7BtUSsEdgCgV4rbwDOKngaJWFrYB0EinM=,18409,0.6771144548861969,5306,3684,1622,0.3228855451138031,True,True,junyi
gOX2LgERQWRqT9yOkaWwpJsbIezSaFgRg27NSNXzrjs=,2752,0.7256540697674418,932,656,276,0.27434593023255816,True,True,junyi
gQVxGCahF6+39K3glaRceVrND6A90VnDLSaj2NrTuis=,5648,0.44157223796033995,1243,523,720,0.55842776203966,True,True,junyi
gSDtDzDGj+MoqbXAwGHHzEBublk819NIIfipz6BUSYU=,5917,0.8237282406624978,1552,1261,291,0.17627175933750217,True,True,junyi
gSZ5U+vksIZG+pfqEZn3wjseV96vuSRacNjODO1cDzg=,4856,0.5424217462932455,1267,656,611,0.45757825370675453,True,True,junyi
gTX47i+8MQYHcDkBirEicZc7nqG0hNf/20GgU2oQK0o=,11170,0.5507609668755595,3135,1776,1359,0.44923903312444047,True,True,junyi
gcjxOprL7KFz1ynxk5l082bo6LLo4evKHqo2m2BFC1M=,7341,0.779457839531399,1906,1496,410,0.22054216046860098,True,True,junyi
gpzB0k8E8rfNWqMLhPK2MTqX0O3neWD2M7U3NuU1SJ8=,14605,0.756110920917494,3469,2652,817,0.243889079082506,True,True,junyi
gr4NKrj+oJ0DWsF5eptZqQQ7ksEfY5k4NLv8FQdDDk4=,6364,0.7792269013199246,1903,1470,433,0.22077309868007544,True,True,junyi
gvez7GFXUbuQl27U5+p/4QwFZZyXP2QFYQdoor8ZkeE=,13374,0.4220876327202034,3884,1631,2253,0.5779123672797966,True,True,junyi
gwyAKrDd3r/aPElAq/97BWk1H4+bsSURhZI+O3WDwFY=,23784,0.8400605449041373,6357,5293,1064,0.15993945509586271,True,True,junyi
gxF+eTDkLaixhj4c0E7naTGKsyFVNl3v7wtMLMdGzmk=,16428,0.6729973216459703,4773,3113,1660,0.32700267835402974,True,True,junyi
gzgoMDT5Pa6CgqZlMw9xlIcFUgfnwEJrNt4xbeDbolg=,2191,0.5600182565038795,715,375,340,0.4399817434961205,True,True,junyi
h+NYyIV/YL/gV0WjaGT5tfnqaubKmWS6ytdWBeSLFjc=,4825,0.4462176165803109,1338,609,729,0.5537823834196891,True,True,junyi
h3/qpdMuhf5rZwqcHX//oZtCPV6xOKgXZyeHSGnWAsA=,7402,0.5830856525263443,2232,1439,793,0.41691434747365574,True,True,junyi
h327f3+M2F6lvbXTOgg35VC4pac6YD68c7hjS2DPPiA=,10479,0.7154308617234469,3108,2245,863,0.28456913827655306,True,True,junyi
h6xIB8Vz3g7+BOulVtddhzDp6mlqvqglH70sh8SfyOA=,7284,0.8017572762218561,2252,1854,398,0.1982427237781439,True,True,junyi
h8yV7uoM6hu2grzOG5Weh+0M055I9znunaEikiEHXjo=,488,0.6926229508196722,170,114,56,0.3073770491803278,True,False,junyi
hJYgCgsL44C0NlZ4PZX9Lr7Q8Kn9Nm/Dpy8IrP+4NLg=,1337,0.4472700074794316,467,242,225,0.5527299925205684,True,True,junyi
hLFiBikqhFsQw0px/iUFWmJ/TvnIlZpv95bRtR7baZM=,7218,0.6411748406760875,2282,1407,875,0.35882515932391246,True,True,junyi
hM/DzgBix1bzNDgmr/jYhmedDNVA5asQwkdEK+kkGhM=,7025,0.5923131672597864,2055,1182,873,0.40768683274021356,True,True,junyi
hORfMtOHyiNudQ4hjk2xrUaL/uU+G9Tn6ElVFNXh3Cc=,4996,0.45796637309847876,1196,614,582,0.5420336269015212,True,True,junyi
hRDwfL0PL5rN6c4l8N3LjeJYcHhYCuoF4aRrclMweXQ=,578,0.4602076124567474,196,101,95,0.5397923875432526,True,True,junyi
hScxSa3r/rGqY02BOToHgUyoK0KVvHibLaeNeTgQjSo=,8228,0.8279047156052504,2462,2010,452,0.17209528439474964,True,True,junyi
hT3lzAgSbDmKyrgoiN9ijCKlXj0jcr8pmOTmiJ5sNw0=,7362,0.7775061124694377,2154,1638,516,0.22249388753056232,True,True,junyi
hUzEsTi50WTbf2tmbhGIyPzIujolDgn1RHd2PkkB1Z4=,15645,0.7374880153403643,4517,3276,1241,0.26251198465963566,True,True,junyi
hVo+IVNVaOniJLhdg54xFL60xgc41GXeHG1PKtkgsVQ=,3842,0.8055700156168663,1128,929,199,0.19442998438313375,True,True,junyi
hWfAiJgEzK9NSh1jxPBGRiCGV+lYwQ/qoXFxJbFyoWM=,34477,0.8984250369811758,9892,8798,1094,0.10157496301882418,True,True,junyi
hXLFyKcgM/LJH6GBAg7frMZ28ciYsmqvCYcIYJySago=,17123,0.7305962740174035,4630,3334,1296,0.26940372598259654,True,True,junyi
hc6X3OiDLxt7O0VfZXJN1yzHnMLWAZSp1TefeEUe4WE=,1088,0.5505514705882353,306,139,167,0.4494485294117647,True,True,junyi
hcs3eyiRWQEO5Wybd6BiQ6pRx7ervvVydr76Z320vPI=,16763,0.8448964982401718,4856,3994,862,0.15510350175982823,True,True,junyi
hv7kHCAIdj7thZUmlqz553leG5bFNYgzXmLfB5m4Xvw=,86828,0.9277306859538398,24763,22984,1779,0.07226931404616022,True,True,junyi
hxF+GCZ2kFjuoHOUVj0a6Jn9NbRfydExscjLa0cvxuw=,5095,0.4757605495583906,1725,826,899,0.5242394504416095,True,True,junyi
i+WBqYjpHnnT036NunBEGVrujLPLey7WKD8K0OXapNM=,1198,0.5742904841402338,462,268,194,0.42570951585976624,True,True,junyi
i0Z53FafHddw11FFfQ85WbBa2vs7zK8iD9q9iYEPjJk=,2099,0.7260600285850405,714,517,197,0.2739399714149595,True,True,junyi
i2BVfTp485wM+aQN1OTMKJr+SQDTDi5fuNDk9dp360g=,17603,0.6372777367494177,4621,2823,1798,0.3627222632505823,True,True,junyi
i5SUcTqeYRtx49V8b84jSxOrV47WyyCXa+/7pE6/6Gg=,4959,0.5174430328695302,1306,678,628,0.4825569671304698,True,True,junyi
i63OzZpTkqfe5ND+D9DAeVXqzKrB/7OasjU2PnkdHfs=,10412,0.4815597387629658,2571,1327,1244,0.5184402612370342,True,True,junyi
iAFFh5WxTvC6zEJUtsSsegEoTFnYeh2RUigKn9BT1Gk=,4801,0.6771505936263279,1606,1037,569,0.3228494063736721,True,True,junyi
iCI6VPG9JvYhgJi7cBepbWJUtUoFgOO/HrhSwkumLO8=,9845,0.46358557643473847,2757,1352,1405,0.5364144235652615,True,True,junyi
iEdGYWnwFWEsG4gsq/lsZjkmGc8datVNwuwSAAe7H34=,4005,0.5525593008739076,1067,576,491,0.4474406991260924,True,True,junyi
iFMkY4C4t4FONMCI2C5VBOIfCIFNLYTG+TmcgGayb4o=,8701,0.7406045282151477,2568,1914,654,0.25939547178485234,True,True,junyi
iIqjl5Plm+22qIYnLpUSTdXHOLdlpgnHEQmBHrjOlg4=,18858,0.8708240534521158,5105,4450,655,0.12917594654788422,True,True,junyi
iJ+Rpf5Qnw63bObvZLfXRBU4Hmi06Io+lXRGV9hsFgg=,31369,0.7865727310401989,8492,6618,1874,0.21342726895980113,True,True,junyi
iKBGBnqxGTmSoOTXh8qB9HAkv4qV2ARDqyViICmf4+0=,553,0.4014466546112116,192,64,128,0.5985533453887883,True,True,junyi
iKqRsPP+BOjViedwcscCuCE15B3XONt/be89lKXW16o=,13956,0.6010318142734308,3774,2306,1468,0.3989681857265692,True,True,junyi
iO9aRlOBQNV0rwx+0/2SRlANvc87xhKd9Yff43mfDzk=,8680,0.6473502304147466,2064,1380,684,0.3526497695852534,True,True,junyi
iPMbi8I6lhB14oTgTNaTq8Fg7KeXWxFb5P1reKC9UXA=,14127,0.8861754087916756,3867,3439,428,0.11382459120832444,True,True,junyi
iTEZw73MY3n+LoNon1FUuwEW5jHj4CQXGnFo5CaVYEM=,7506,0.7251532107647215,1996,1516,480,0.2748467892352785,True,True,junyi
iWYmMDS9CSVGUTFmETeO+1hSj89Z4w5RGwP5H9Zv3SQ=,19929,0.8239249335139746,5584,4565,1019,0.17607506648602544,True,True,junyi
iXwCZxKEZeb4dyC2NYB/rHZE/rYeCXcZ3kTdfe7CQBo=,530,0.30943396226415093,108,55,53,0.6905660377358491,True,True,junyi
ierVgp9Aw3orfAmQMe77mB+wYdaV6fK6Vy3vmvs6Ods=,10293,0.6628776838628194,2790,1863,927,0.3371223161371806,True,True,junyi
igyppz1W8cwmEp4KYuI4wd36zojXrAzg1FjgEb9oaW0=,1029,0.5121477162293488,474,224,250,0.48785228377065115,True,True,junyi
iifaTxiiTf4efLofMvQKfjMIGBdh4KuZsWv1TYIQd90=,7985,0.7526612398246713,2197,1763,434,0.24733876017532874,True,True,junyi
ijROzdzfwoCAQ7dUtgyeqG2vgtGgvKQWu/6tpajqTSE=,7381,0.808427042406178,2158,1744,414,0.19157295759382198,True,True,junyi
ilh8SwN/N/lynhTK/mWSvb3nDr7ZGvWV7rsU0BaOkCI=,13324,0.5510357250075053,3280,1848,1432,0.4489642749924947,True,True,junyi
ip5uBacJ1fPhAi+v1Uymms6Ie5bRJCPNau3ZoyRwiKo=,6085,0.7633525061626951,1662,1288,374,0.23664749383730488,True,True,junyi
ipXsIHrPnClNy40wiQznLM085tMhWMAbi1z/IrBVUTY=,1625,0.564923076923077,637,353,284,0.43507692307692303,True,True,junyi
ivLOrT65HjJtF7QBiRvIhYtKFl/heB3qqODrXEZytx4=,15982,0.5566887748717307,4337,2545,1792,0.44331122512826926,True,True,junyi
ivMwj8BftiUhzy+S92MtpdbXyuTfab9H8lSFFi2azt4=,4818,0.5155666251556662,1106,633,473,0.4844333748443338,True,True,junyi
j2uSJf7xN0mQaRzYSSw2m4wLtSoEwxf4iDdQ9Vc/uMo=,12939,0.7403199629028518,3783,2808,975,0.25968003709714815,True,True,junyi
j4rGpwpqhLE9foelXD2yjokS0u3QR+ULhNqLGeF/4sk=,11068,0.758221900975786,3381,2558,823,0.241778099024214,True,True,junyi
j8b2h08zIbWHp6sKBsI0qaQuiA3vUGMjaYZFFE/gQ3I=,15400,0.49214285714285716,4556,2306,2250,0.5078571428571428,True,True,junyi
jE1Pn6eb/odIa2Xtuki0YOh7gk0BCjq9q2oE+AJb1QQ=,359,0.5793871866295265,138,92,46,0.4206128133704735,True,False,junyi
jImuGvSym6odgRoYw7vgkq4HUbmJ1tDW9fq6bo/yN5s=,49799,0.8989337135283841,14685,13093,1592,0.10106628647161586,True,True,junyi
jR9KA6+gQp1chfbQvsqofqZLlOO69LPd3Xq3L4LQ67g=,9516,0.669609079445145,3118,2107,1011,0.33039092055485497,True,True,junyi
jXZ8uCJJ9uMd1vX/0Uyac0KK34c6zOc1OVgU0mDONk8=,8869,0.9182545946555418,2507,2301,206,0.08174540534445818,True,True,junyi
jYvdVag77CDUNkiDwDLBvSrc4nd+nxa7z/rWC6Iomhs=,10041,0.594263519569764,2987,1767,1220,0.405736480430236,True,True,junyi
jZvYpEa6VB/WrlKKmQHnfbv/xJ4OypBzq0epVcn500Q=,7080,0.7022598870056497,1653,1183,470,0.2977401129943503,True,True,junyi
jfGwrPbDKlpdxGG+g8gs5jmPWCFHmc2bC6ZxGBvFsSQ=,4430,0.46094808126410836,1382,678,704,0.5390519187358916,True,True,junyi
jkqCQc81VUibgQkhHl//+5PRaSA68Wd3CxUPvlOv+Yo=,15956,0.6057909250438707,4692,2895,1797,0.39420907495612934,True,True,junyi
jm3AQrDCqr+tJAABNEyhQdSZUH7EWmfIZxEkfBTU9cs=,8285,0.7532890766445384,2481,1906,575,0.24671092335546163,True,True,junyi
jpb1rgDXjbe7vvSvZzIoPtn6mVIKPxauQ1QVTvzkAdw=,14586,0.5311942959001783,4269,2337,1932,0.4688057040998217,True,True,junyi
jvSzlPLRjqqstMszjfw2Y1+0IOmVTo8P8l/rpJzPgNU=,24742,0.8713927734217121,6737,5775,962,0.12860722657828794,True,True,junyi
jw8OL6LfnyWsdxIIZhy1YgMUrD3jub8kSMulJZffG6U=,5972,0.728901540522438,1558,1176,382,0.27109845947756195,True,True,junyi
jyV3TtfAbZjDOzo8nkyM/0J0ZhwbB6Q2w53P4VyYpRw=,1311,0.7048054919908466,507,374,133,0.29519450800915337,True,True,junyi
jyf7N5ZnreskNIwFO3N9eFFPPK78T8maCsrCNfiOZB8=,4816,0.4993770764119601,1193,623,570,0.50062292358804,True,True,junyi
jyw4UBYsVqQ8IeYXUywTKN8TEZjJgYNuhb6JBTBoidg=,9054,0.7746852220013254,2700,2120,580,0.2253147779986746,True,True,junyi
jzZTTPgsrcp5fCBd4ZAAgShAZ0EC+8/YuLGSwXDOZQY=,9477,0.6141183918961697,3413,2007,1406,0.3858816081038303,True,True,junyi
jzyFMCUW6ZcfKY1QjrGkroMDhsSaehgk/yAfsIi7Yqs=,4262,0.6358517128108869,1161,714,447,0.3641482871891131,True,True,junyi
k+LswM25FPuxm5I13Ggn5uKhScLlWro6/Jb5yYOOkr0=,841,0.36623067776456597,410,166,244,0.633769322235434,True,True,junyi
k/WG4+UUn0rR7m2BM4xFg4shKIzlpibdawNjVqpvgDQ=,5075,0.6488669950738917,1514,1035,479,0.3511330049261083,True,True,junyi
k5VfVp+TcBvjO9/385mNNyTz67w310S9kBWAB4uteVY=,5971,0.6558365432925808,1622,1028,594,0.3441634567074192,True,True,junyi
k6o2d0xz4rByHpI/HCNDEzH7t4ljNEj+6pzh7K20XGo=,6728,0.6412009512485137,1660,1135,525,0.35879904875148627,True,True,junyi
k8mqp+KZGRgdlEg/caQhZBQLHh9jgIXK+aTtrCuSd0s=,11489,0.902428409783271,3471,3134,337,0.09757159021672901,True,True,junyi
kBDWVopBTf1uxLDC3CrtmEvqBhzA5QU7MWkqP8yKrOo=,1909,0.49869041382922996,578,342,236,0.50130958617077,True,True,junyi
kGRuB0J+2WBQOkAU2so3cirN6g3c0kJ9Enwcux8MS6s=,2654,0.35079125847776943,1138,366,772,0.6492087415222305,True,True,junyi
kJ9ialLv458/tGGlXsoE+EFFBTIP9v7uOOmvamStQsc=,8061,0.7026423520655005,2587,1816,771,0.2973576479344995,True,True,junyi
kMuoC+eQQa4BoXGIOrWnpGSbT1PXLpzzyQcXgGIK8Us=,12700,0.6445669291338583,3826,2405,1421,0.35543307086614173,True,True,junyi
kNUnYkzBPHsIi2kTqCFtR7iMGyx2yZD/KZHuu839hcY=,5832,0.42661179698216734,1488,647,841,0.5733882030178327,True,True,junyi
kSGW7jiMb919zyekSOS3O3twBsFg+jh/QoZTlNlm2xU=,8040,0.4157960199004975,2117,919,1198,0.5842039800995025,True,True,junyi
kWC7tp+Ms6zrg+kHdqOvEhUdKpT4PZOSEDZvFE9v2sE=,16790,0.8389517569982132,4447,3755,692,0.16104824300178677,True,True,junyi
kX+5omUWpBnZq80iSxuIAlsvxdHI68joYz6itRBOCss=,3990,0.5701754385964912,1001,663,338,0.4298245614035088,True,True,junyi
kaswy5Iwfp5d3/3ST/V5AU2yqxKhaFF+OP11w7VeMK4=,5910,0.7028764805414551,1826,1283,543,0.29712351945854487,True,True,junyi
khOJBYjD96rDUWMEwdvjKMsGVcKds/Lpjh1KbkxeROY=,1971,0.5976661593099949,624,398,226,0.4023338406900051,True,True,junyi
kvCAt3kZ/mwV1jD2HyUqAQX8S4PUPR33jaGc4hW10Mc=,8335,0.8509898020395921,2511,2163,348,0.14901019796040793,True,True,junyi
kwPXscWGwlFEBMGbV9JSoj7leEOLPiJpZS/s3V6oeQU=,11483,0.6298005747626927,2951,1921,1030,0.3701994252373073,True,True,junyi
l1rjnoyfJCnZv8AJ4YiaXNG3b/Qrtstg83+T9K4A4pU=,9568,0.550376254180602,2614,1431,1183,0.449623745819398,True,True,junyi
l2/vcuhsUZHwmURWCt7xK+5y11xqlvCniAXvZvbs7sM=,4186,0.6650740563784042,937,640,297,0.3349259436215958,True,True,junyi
l2qnFsTkIC5rtckJOSRUU9Fa26UjskhobzBBg0ZOQsM=,9673,0.7100175746924429,2352,1655,697,0.28998242530755713,True,True,junyi
l7fGttjjxs8ynzph3AhoxlkG4uEEruwjbHkglePaIfs=,14984,0.7138948211425521,4033,2969,1064,0.2861051788574479,True,True,junyi
lCiErLu25B5SZD4PvpfL2mNLrI6Vr/iDlsYeTdU8poM=,3350,0.5307462686567164,1111,542,569,0.46925373134328363,True,True,junyi
lFLZ4isn2Tcu3H1DyFd4lxgmyJw8//GeWJHAYAvGHfo=,14872,0.4459386767079075,4354,1880,2474,0.5540613232920926,True,True,junyi
lG8uYsrQADh32pvOcrvytT25qo4UpZUGkrybb4ycFEs=,5596,0.6576125804145818,1628,1121,507,0.3423874195854182,True,True,junyi
lGdUXi9NMg3ytnL5if7DOcNgJB6AkWtmNPc+PBbKHi4=,6022,0.757555629359017,1633,1268,365,0.242444370640983,True,True,junyi
lJHhoRHd3ZUe74e2337gW8J09hUfhPdaYcz7qmJYkh8=,6539,0.7303869093133507,1881,1406,475,0.2696130906866493,True,True,junyi
lJJFjKGiHUDF22MOGnPT/xBTwl4UiGfkYJkNbbJ3VHk=,9602,0.7091230993543012,2744,1895,849,0.2908769006456988,True,True,junyi
lJa8pFWndfotoKPXOGmjPMwYR4olU7viRy2gAKzJb20=,3055,0.5427168576104746,674,373,301,0.4572831423895254,True,True,junyi
lKGYmPAYQXCknHyHodD2wxXC+5G/OxKIiDH3GgLI+cQ=,1768,0.47171945701357465,538,257,281,0.5282805429864253,True,True,junyi
lNrVQ1xnsnsWvtrLukPSOek8Go6yuhzXiDuwKdSMa58=,10963,0.432454620085743,3417,1475,1942,0.567545379914257,True,True,junyi
lPKM8YFzXEcDQuekpp3DK5DdL1KlQ2T0z5lDPWaESgw=,10400,0.4364423076923077,3151,1405,1746,0.5635576923076924,True,True,junyi
lPqS7vvN6keLg+WxwQ7LhK/W2VR9OLpakcefYcleLn4=,1466,0.7517053206002728,470,329,141,0.24829467939972716,True,True,junyi
lQnOj9Px/nPNqlSWfF0N5CkTn+EMnwvOowom5ryaouI=,7943,0.5944857106886566,2476,1525,951,0.40551428931134337,True,True,junyi
lZL4UoNcmffkQ/nM3VYvBC7BAwD1OPmiOb5c3tmIm5s=,7068,0.6294567062818336,1908,1260,648,0.3705432937181664,True,True,junyi
le4ffPTWLIzeU2EmO67iM9vRZBEaCA8vRvTMP0oxlbc=,2833,0.5315919519943523,660,401,259,0.4684080480056477,True,True,junyi
lfFL8LesAlY1wX0+sveN0vu8YZEg5bKCXUOGCLqRxuM=,9574,0.7655107583037393,3459,2490,969,0.23448924169626073,True,True,junyi
lfxdvwc+7PbngDWWYaBtEc92MvARW6XNfkdoU1e97sU=,9019,0.8240381417008538,2887,2382,505,0.17596185829914623,True,True,junyi
lvobiTtwUsd1ylmrciW7NzJnmmcqFC1J9PmoZ6R8xK0=,52987,0.8401117255175797,15760,12965,2795,0.15988827448242027,True,True,junyi
lzRhsRBch0NUNxYhlfhKKF53dO6Eymsb/GPNZG010+w=,5706,0.7015422362425517,2127,1523,604,0.29845776375744826,True,True,junyi
lzijoqcCBafidRGCkuAcau0Fyc+z+574LY9rAn0Qnng=,11734,0.8281915800238623,3887,3365,522,0.17180841997613772,True,True,junyi
m/JWFlWTObOlrpPo0GSe5ZY8bBRPfH9U/ZsdbbyIa5w=,7392,0.6689664502164502,2261,1534,727,0.3310335497835498,True,True,junyi
m05vYiRhzb0tIGStVVCNMqTKMCT4UT7bf0UdiR5d0+4=,5585,0.8175470008952551,1685,1334,351,0.18245299910474488,True,True,junyi
m6DnlS38gmb+QFf7102iqmQim9m7dKlTfZ7bPLN+Ato=,4539,0.7195417492839833,1537,1067,470,0.2804582507160167,True,True,junyi
m7rxdmifsJ8HxB91x1USFvW7op/ZusrvlAjq/FAmRE8=,6540,0.5168195718654435,2020,1106,914,0.4831804281345565,True,True,junyi
mE6rCLdazwHjJQ+97f8SLUFEAFoZSGD+UnwBvtxU/iQ=,2768,0.48085260115606937,924,438,486,0.5191473988439306,True,True,junyi
mFkhx+OuLeG7T+2eWVBNjiY7HoTkp4O2/nAXxxunQAs=,6730,0.7218424962852897,2224,1679,545,0.27815750371471026,True,True,junyi
mGErDb7klind1UmQITMFJDTDg1J+fQPigCXo35M5VOY=,1782,0.6582491582491582,625,423,202,0.3417508417508418,True,True,junyi
mGoRYD5V/cXy8XsqCcXYWPBKSKknFWuZrWhbNZhQmqw=,17489,0.6453199153753788,5116,3446,1670,0.3546800846246212,True,True,junyi
mHse/SVLKP809e4vXn9ZgxFQrJC336ILZZsA3RoIfTY=,4927,0.6458291049320073,1199,731,468,0.3541708950679927,True,True,junyi
mMl55exzvbIy5f5RyY0tmq7WvK5KPLjw/i63OE+diLU=,22540,0.6317657497781721,6406,4143,2263,0.3682342502218279,True,True,junyi
mN1tllkKVTTojQYca9a9pFVaS70PFjtGTTiXHZVFwRg=,19519,0.8153593934115477,5301,4247,1054,0.18464060658845227,True,True,junyi
mWLymE1Nkn97ABCS6bLlR35/Hk/RnkkXXFmQaVMAFTQ=,11009,0.7264965028612953,3204,2262,942,0.2735034971387047,True,True,junyi
mYFtDundRAjeRWK4Vb1dJh4pkXy95xGx/aLmxgXDmEo=,4431,0.7950801173549988,1281,1009,272,0.20491988264500116,True,True,junyi
mbCGZ4XkKUbunQ2A7O9/djzj6vkRQiGHwH6GFZrffFA=,1000,0.554,243,168,75,0.44599999999999995,True,True,junyi
mf5PUtZaZKgrMrWPXCK8shRWejWlf18QjoDp60P8GxA=,11317,0.6430149332862066,2988,1921,1067,0.3569850667137934,True,True,junyi
mpK6ZQnWafdhjIV2XTI5WAMwImQ0bbZHwxY0A4y+kGc=,1696,0.5589622641509434,625,351,274,0.4410377358490566,True,True,junyi
mrG4s2qdh44vRQsx7/T2OnjSJj8UzM23ODdwSHYMNFQ=,178,0.5561797752808989,115,78,37,0.4438202247191011,True,False,junyi
mt2EzJAE8X1OCXSqE0GMxBB8NsLY8xtig4aYFKSmrhQ=,8772,0.7224122207022344,2459,1748,711,0.27758777929776557,True,True,junyi
mzSnT1CgsdPVx0yFebyrR837l1a+t4MBMugTwpmRQ7g=,6757,0.8993636229095753,1990,1762,228,0.10063637709042472,True,True,junyi
n+b0VzjA7b3kgqw8iXzwX0yTpYwNRczONSV0z2jNGtg=,13410,0.7465324384787472,3555,2615,940,0.2534675615212528,True,True,junyi
n/Gg32Tsd7+amD+EE0JzXjRaDJSjJNN6mu0t7j1Pd4E=,137,0.7956204379562044,52,42,10,0.2043795620437956,True,False,junyi
n0+5yVdX/Q8BcTmvBKZUbUq6T5X8LDLWkAv/FLIuEfg=,3253,0.8186289578850292,877,756,121,0.1813710421149708,True,True,junyi
n2hbC2W/fEWt1TwlS/Wwq8yLpJAllQM79eSfMWQzi3Y=,16957,0.8348174795069883,5162,4253,909,0.16518252049301174,True,True,junyi
n7S5SGJpFgGcbGt//qTyiHxZTrIcQXIl+L/ECKOYAnc=,2558,0.754886630179828,816,646,170,0.24511336982017196,True,True,junyi
n8ucjLV4S1bWVucNLlgs5dy/AR5sQChHBqJVIzBH6MQ=,778,0.6375321336760925,251,155,96,0.3624678663239075,True,True,junyi
nBtFGzjZtlpB0wyz3JkA25mI5JiF+hdWJNzJUiMw1V8=,31169,0.6195899772209568,9475,5854,3621,0.38041002277904323,True,True,junyi
nBwPY4ITPn4irJXI7w5Vv522X8MdSZdwqehjg03kgBE=,1904,0.4831932773109244,619,288,331,0.5168067226890756,True,True,junyi
nDwmEHmpKe7ktc7gphnloA5Qcjt2UFcu89G8HJ/EyoQ=,721,0.5312066574202496,293,133,160,0.46879334257975036,True,True,junyi
nIRTW5M2QjZ1cODlW4o+MNq2bGC6ItQeSqrFiDwCAOo=,7523,0.7809384554034294,2053,1631,422,0.21906154459657057,True,True,junyi
nLHQ1qJlj3kW0aZ1DY+O6yD5N474TKSw+L1lDDMnnOA=,436,0.6330275229357798,320,204,116,0.3669724770642202,True,False,junyi
nPsED61TTD7PvRSGYJUPEHBUKdezjtZUIvu4i8tBFdY=,12343,0.7183018715061168,3467,2521,946,0.2816981284938832,True,True,junyi
nSqkMbcuNaqkzvd89qwGhLvqOM1liLIgDjmIgS4Hgj8=,10093,0.6671950857029625,3051,2030,1021,0.3328049142970375,True,True,junyi
nXCivRFCQRQbeb8yBFJJjoMht7oLbOOKEknNyNG78BQ=,3219,0.5318421870146008,1189,634,555,0.46815781298539916,True,True,junyi
ncpSV/Tw2uD3d5TPnUjjXA+mqgn81thyxj8FxznUxZY=,3396,0.4290341578327444,1156,513,643,0.5709658421672557,True,True,junyi
nds7oVk2a6yC/6tk1sTPm75v/0ZPkvrJ00WGmYRciOI=,20917,0.5914806138547593,6240,3768,2472,0.40851938614524075,True,True,junyi
nfZPn3ykTjw2O2jNya5/2VUvwyQ9m/3VqGzZ0Fg3t7I=,11929,0.7163215692849358,3287,2430,857,0.28367843071506416,True,True,junyi
nqzgl42VGCsfvLZy5eYGwqYuXblo5zIhTfjUMt6Kv7Y=,3106,0.6094655505473278,1116,612,504,0.39053444945267224,True,True,junyi
nuGqWNM24fHhFJ8DYewgXdy+p5eVZB+a+wblwZNPbEg=,1267,0.5382794001578532,373,187,186,0.46172059984214675,True,True,junyi
o/aHMWaMdC0+kGRlcK7UV02bbJaIcaE/j2nbSkgupxw=,18390,0.6874388254486133,5357,3756,1601,0.31256117455138666,True,True,junyi
o/g95+OW/vglmMGwH72w/A/K5Gc6TB/BDAHowBQDjGQ=,9057,0.8819697471568952,2990,2635,355,0.11803025284310475,True,True,junyi
o1lc2Mdlj6h+qx5O9IDt1qELkyQ3pKHvHsS6bojkdW4=,9462,0.7581906573663073,2581,1993,588,0.2418093426336927,True,True,junyi
o2v8hx0EmFclMvX5SlXFoeynGuxWWbcFjk7H1MUqkjw=,16280,0.8218058968058968,4695,3814,881,0.17819410319410323,True,True,junyi
o4eu7F3IQOZHR4xqfRGGCivSLHoG7zs88hxWfdfL40o=,6107,0.7524152611757,2225,1631,594,0.2475847388243,True,True,junyi
oA2Mmn3NImJPql4w+/mtQhYJopaJDLagBcvQ7o7Ej9s=,5710,0.5049036777583188,1659,837,822,0.4950963222416812,True,True,junyi
oAoQyh9NT0lXlshN6sYYNSMTizpgCVqITEKcEthrDZU=,22313,0.8560480437413167,6097,5252,845,0.1439519562586833,True,True,junyi
oNIM1eH6FUaiqw9ZJSkRfnJ3jbGUx8QoWBTNq/mmB5E=,9277,0.4683626172253961,2410,1086,1324,0.5316373827746039,True,True,junyi
oNW2oJaLDT1nfBVzmLcalNj1Z3lWGmnvRSEytScLsTs=,7968,0.7927961847389559,2091,1663,428,0.20720381526104414,True,True,junyi
oPPWA1w9EpOYPS5U8pdx8YhZuOIKVaGZ1BRRHEOr48M=,5123,0.5602186219012297,1371,765,606,0.43978137809877027,True,True,junyi
oVxTuTeb3r2r9kzjJBtC875rvwJ9k4YjqpmptbNVwaI=,3340,0.5416167664670659,1090,568,522,0.4583832335329341,True,True,junyi
oWKS08nkkpc5pzxpe0m0RJpXpA6GEKJ/ESJvXoAj8C4=,3798,0.6184834123222749,1067,684,383,0.3815165876777251,True,True,junyi
oX4x/m50Ln6LFrVAAgXT4aeeS7iOsjP5iG3MDVO35is=,2788,0.505738880918221,659,318,341,0.49426111908177905,True,True,junyi
oYKp7Fq1ukhFHHrs/iNZHU4cV3PMvwqg0wFiSqvJ8jg=,7202,0.641766176062205,2228,1392,836,0.358233823937795,True,True,junyi
oZX4t0FNoXmrwFyk77fGdpfqmvX+3PIIn7CYXH/6CY0=,8340,0.8232613908872902,2190,1832,358,0.17673860911270978,True,True,junyi
oaQZ7IRVxNjjdG2iOLuZGC+k6uqpCbfHg7RHgPlR7gI=,3213,0.6598194833488951,863,605,258,0.34018051665110494,True,True,junyi
odIwFdIiecFwVUAEEV40K3MSuCSlIZkbq92Zp9tkZq8=,2921,0.7134542964738103,758,541,217,0.2865457035261897,True,True,junyi
odpQo0xwxNj77x4vDVOFe0SsN91+KI8cS8ytWOMB02Q=,5447,0.45768312832751973,1684,760,924,0.5423168716724802,True,True,junyi
ofj2YfPcmy8LgkDZmnVRSjxKny4tFQmum9uEfub8URE=,6382,0.5465371356941398,1853,1021,832,0.45346286430586025,True,True,junyi
oggomtrz9eq2rWMdcZAh+i1WGKGz84PfStIZUsiqfCM=,8247,0.3800169758700133,2788,1060,1728,0.6199830241299866,True,True,junyi
ojfqcZpAoKASWGHibpbgNTzBg9Dn19Gd7XxOA5TQ8l0=,11018,0.7301688146669087,2858,2112,746,0.26983118533309125,True,True,junyi
olB2B7ueYn8YeM/OoPIbIX+bgetpmV3h25n3vXx9wkY=,14737,0.3928207912058085,3952,1587,2365,0.6071792087941915,True,True,junyi
oujB8OrUofV7wuIygS0fGGodg6zwhEMNdNDLD2bzHhY=,3376,0.3687796208530806,607,283,324,0.6312203791469194,True,True,junyi
oybx9PFfxCN2VikUvZvMK8xe1nKfkPfqy06vVyZsKOQ=,1266,0.4060031595576619,386,188,198,0.5939968404423381,True,True,junyi
p+V3ts2UBQGzYvv9/LDQ9GAAN0r830ex3/6G7l5Drtg=,7848,0.5523700305810397,2178,1248,930,0.44762996941896027,True,True,junyi
p3jpMnd9RbFnPh9KuKJwVlRfvp6F0p4ETps4sCI9dmA=,2996,0.5831108144192256,888,505,383,0.41688918558077437,True,True,junyi
pAUvW4XKSYhg1jlJZSgI+zcE64Vc1ZTK8rqKzNKk0+Q=,10943,0.8121173352828293,3286,2683,603,0.18788266471717074,True,True,junyi
pCMaU32mbXzBUo97xzQ8N2IV9uQoBgqqdfOz6dcl9RM=,3495,0.4844062947067239,1051,498,553,0.5155937052932761,True,True,junyi
pHm5o9NLjlO2lXB7CH2U80qF20rcHwHgxaIwnQiSd/c=,18666,0.8351548269581056,5639,4785,854,0.1648451730418944,True,True,junyi
pHxumVVyXnSVT3+BWEh9DrffUG1ETbtem3Ea1tiDmt4=,16519,0.6646286094799927,4960,3301,1659,0.3353713905200073,True,True,junyi
pQ/2AQfwKgwmw2M2LVFo2N6j9s48R5T0saCeTKoyYm4=,2907,0.6023391812865497,764,504,260,0.39766081871345027,True,True,junyi
pSJuXwvC2oTnrfqrMjAbRaAk0H97orogNflqY6S8fvg=,5199,0.8674745143296788,1405,1211,194,0.13252548567032119,True,True,junyi
pcvV6WqrDJpbJUdIXVS/AhhfRlw8NPela28C22qPeX4=,5584,0.7410458452722063,1733,1289,444,0.2589541547277937,True,True,junyi
pdYh3TvKBK1LgOTy1Vc5GCkzssnNDhK3xSBLdsGpfLA=,7066,0.6729408434757996,2146,1444,702,0.32705915652420037,True,True,junyi
pgZz2VlENmyB6DeW+lnVjNHeVQZDCenZM2Nc1RllQlI=,1568,0.6007653061224489,377,220,157,0.39923469387755106,True,True,junyi
piY6Rtl4scHsQEvP2kKvqjK8pOEnNJuHNijb/bxPCSw=,2451,0.8388412892696858,664,548,116,0.16115871073031418,True,True,junyi
po7dH4OmeU04x3Ji/XOLOur74ArAEobOa+Ras1+UdNM=,15289,0.5435934331872588,4205,2240,1965,0.45640656681274117,True,True,junyi
psOl97Npo5l16YVN2pmzdl20PaJ8JJBhPfoVVdDMiHc=,7991,0.4039544487548492,2640,1072,1568,0.5960455512451508,True,True,junyi
ptoq0DfX5wthTe3dAIOp8nh+CYffpkOTH0Y5myecBVc=,8767,0.717349150222425,2854,2034,820,0.28265084977757504,True,True,junyi
q+qhddeoPj+932QSq5bGBAzgqT4XtW74phrSiM/jfw8=,1854,0.7686084142394822,577,429,148,0.23139158576051777,True,True,junyi
q/zqlSFnHvaaDZQ3T0MieHABIKLc1BwReJRJu5dz5NY=,14722,0.8680885749218856,4322,3753,569,0.13191142507811437,True,True,junyi
q19yLKk/sVMh6RTyMr5ukD1q4LIeGdKKIiUsjpZAQL0=,15790,0.7290056998100063,4300,3239,1061,0.2709943001899937,True,True,junyi
q4u/j6i3QRAvoheOBrj6QY/8q1aVDXN5t2VqjgaFXq4=,7097,0.4813301394955615,2098,1041,1057,0.5186698605044384,True,True,junyi
qAtLSVC787ORvbDSF5uaZalBGtpHCkGfy0rXm8xJD/I=,20899,0.7469256902244127,6262,4782,1480,0.2530743097755873,True,True,junyi
qAxhX2oiVk/7ZL78L/aygBfw+dbSxNbYUQKRY8byEUo=,2997,0.5512178845512179,789,464,325,0.4487821154487821,True,True,junyi
qER34e/xF0nc6zZmlIGrL3knw6JHjbP6i3jC6rfCS8c=,8323,0.7798870599543434,2483,1958,525,0.22011294004565662,True,True,junyi
qFKdCNiWQCeUTbvGJqYeg6lzdzk69fUJmjb6efOtAUU=,1318,0.6001517450682853,344,208,136,0.3998482549317147,True,True,junyi
qFkV0za7uPY3RmryLxsEk7Ein+05CaxcU9fXymqOGxk=,6262,0.7179814755669115,2232,1580,652,0.2820185244330885,True,True,junyi
qL32qjAo+JiSXztqNQlcTqRuI0e7ki0ohCVe1gkp4h8=,1379,0.4619289340101523,476,215,261,0.5380710659898478,True,True,junyi
qNy9Nb6Srhtd8sHME31WQothbe0qdQQ7I4xK9F+2Ns0=,14945,0.6865172298427568,4034,2703,1331,0.31348277015724324,True,True,junyi
qPHR8aBqOhKij9IS/Y8IR8prwWruoDBGU1tVUhXDJkE=,7933,0.7105760746249843,2295,1633,662,0.2894239253750157,True,True,junyi
qTFR2TIte0fD2b2N9J1h/QspauQCDlkyzaanvg5SsNc=,9411,0.6097120391031772,2669,1640,1029,0.3902879608968228,True,True,junyi
qVt6XIA/cWnMm3kFpC0sZTJ8ad+ZMuYKfkyeLB40vB8=,5849,0.7214908531372884,1821,1266,555,0.27850914686271155,True,True,junyi
qXZEcmfOOXDyc3HYJqoJL7PdSiHNmOpELzPkGSsYCHA=,1025,0.424390243902439,345,193,152,0.575609756097561,True,True,junyi
qcfEcg7Gqh0+C5nzkKMPSK81u+zNhZqxVHwNdqlD234=,4576,0.5421765734265734,1557,827,730,0.45782342657342656,True,True,junyi
qcohFOwrKFE+fSChJ/RVs1NVaSLbRVERMCuRWDV2qFA=,10860,0.722744014732965,3272,2358,914,0.277255985267035,True,True,junyi
qcuzdjxW5qVsEjL1f0auqwwjCQ27dwz0g7NpJaBDaIo=,4385,0.659521094640821,1303,838,465,0.340478905359179,True,True,junyi
qdz1OAuC9qg0p/4BrA4V1fBXexshZHZxt32IjY+UduM=,3920,0.700765306122449,1388,932,456,0.299234693877551,True,True,junyi
qkyb1eQM8HrW/1r3sz2c+00GK5edqo/fzRXXgF53eTI=,27112,0.8362717615815874,8010,6702,1308,0.16372823841841255,True,True,junyi
qoREG2KBVgevjuwDNMApauSTJsLjeqqVEyXdOAB0xMc=,16509,0.47598279726209947,4458,2284,2174,0.5240172027379005,True,True,junyi
r+zxAQRiz0ZWhEixJ4ZiWlG2jDpl2qTa2mJ5ZnrVXA8=,8584,0.630708294501398,2586,1660,926,0.369291705498602,True,True,junyi
r1jH4OmuwWzBhFJiyLJB86PdGFP0YNRbv30C7gX3qUE=,16992,0.682262241054614,4737,3219,1518,0.31773775894538603,True,True,junyi
r7ofQ4mqaPd26iV4SuiFWV4Jw8cBhNsXgEHGJLxpZOQ=,2593,0.6729656768222136,762,529,233,0.32703432317778636,True,True,junyi
r9uHkHNbfdzRkBW9Gogqi1vmxUXafa57W8BEsdMqCZs=,2880,0.5888888888888889,721,390,331,0.4111111111111111,True,True,junyi
rBSjOGOOKyFbSw+SyepIiwE7qocz4HhQqfUy1F5HEhM=,1999,0.5867933966983492,722,348,374,0.4132066033016508,True,True,junyi
rND+3bhmprW4wpS3cauOBkPcR2VbI2H7RpDMRUVHcCU=,11544,0.7881150381150381,3314,2649,665,0.21188496188496186,True,True,junyi
rQO212wsw18sbrh/TvMPK6d7BsxqTet330Yxso5NhKk=,12771,0.7528776133427296,3698,2860,838,0.24712238665727038,True,True,junyi
rWyTBc21lUbZZOxzXwmYY6yQCzZdvnkrd7TYKnb2mkc=,9313,0.6945130462793944,2402,1646,756,0.30548695372060564,True,True,junyi
raJS0zfRPS5NRtiba9q43gsUyH0PaPvhjSc192V9Rw4=,910,0.44395604395604393,308,153,155,0.5560439560439561,True,True,junyi
raMY2KsWUz4cVl+qdETMESK2+5AfHY2XD1XwN7GugPI=,4650,0.7425806451612903,1450,1057,393,0.2574193548387097,True,True,junyi
rgBDC18nMxXbJVgqjaW3ZPSdMNCn8V3qFt6nhx2EolI=,2963,0.80863989200135,697,581,116,0.19136010799865,True,True,junyi
rp9yfKKSxDxu3W+c66zfqMEOPAFoBxPk/WXvxBAXfUo=,11063,0.7468137033354425,3133,2392,741,0.2531862966645575,True,True,junyi
rrZveAGxgrsKF1qL65AmLVqda8Zbg24xqWyj34qac9c=,29713,0.4678087032611988,7908,3859,4049,0.5321912967388012,True,True,junyi
rvGNITIfQzjD82gpFgMVKC4UZHTbpR2iC06+vTx9KaA=,8536,0.7571462043111528,2417,1834,583,0.24285379568884724,True,True,junyi
rwtEkQkEDS3aQkE+XIosHysCXQU9C8iB14xc1kQC/k0=,13312,0.6920072115384616,3701,2690,1011,0.30799278846153844,True,True,junyi
rzWpkZfVptJjhCtmA5xHgJIsAZQKyQ0mwHzaE2K/I9Y=,11957,0.8486242368487079,3679,3134,545,0.1513757631512921,True,True,junyi
s3Y4TUK7PUKpvlrFcFIgHdMC8P2mf2hvD3j7fIdmTvg=,499,0.6192384769539078,126,88,38,0.38076152304609223,True,False,junyi
s50m57r2jUJxOLDuXF77hZ35UjzqvVkzPKEWj9xqzxI=,23536,0.6764955812372536,6722,4565,2157,0.3235044187627464,True,True,junyi
s6iUzyQUzDGLXdahm0mCWfk5q8rcxE5JGLnSGk5h88M=,11303,0.7228169512518801,3044,2204,840,0.27718304874811994,True,True,junyi
s8wFEbIjj7l7GebegKyLlX7a4MHtSXocDaHEJu0soD8=,2858,0.8191042687193841,967,814,153,0.18089573128061587,True,True,junyi
sF5/ooX9Coeoi4ZQqBvtNL1W15RujzkLLPDIHAh3sIA=,4259,0.40385066917116696,1308,483,825,0.596149330828833,True,True,junyi
sSl0A9RyQ3LbuoNIUSeLVfCmVa0Zff2L9FNm8PQsrSI=,645,0.4449612403100775,163,105,58,0.5550387596899224,True,True,junyi
sXQotCwOU/fcmIsFMqsFT1+jDrgNl3Eetil55blgp1Y=,9775,0.8107416879795396,3031,2442,589,0.1892583120204604,True,True,junyi
sZzqvkCEVEK4DRlsw4qO8upL5iffeB996S09fm5pMco=,4004,0.7617382617382618,1134,860,274,0.23826173826173824,True,True,junyi
sabwQYnBMn/T08INMmZflUXyrrd2ltP6YajeNpwGWSU=,577,0.5337954939341422,268,159,109,0.46620450606585784,True,True,junyi
sbRL5aKtZBIUbbb8mbJqn1Zi8nvOprK9WY8NWGHonA0=,5464,0.7038799414348462,1550,1155,395,0.2961200585651538,True,True,junyi
sbX37mPX7s12nP6ST0kOrlxn3LZ4PhWGqmgvpEIj6ng=,16693,0.5904271251422752,4778,2806,1972,0.40957287485772476,True,True,junyi
sd/gIUfo7qpyKxmzyZZwkHqzIqSHblf6c1K/iHrd/FA=,3325,0.6285714285714286,708,461,247,0.37142857142857144,True,True,junyi
sjpx9JKp33xDuwIsWu3bMa7KPQzxwl5Kvg+WoYNlnZY=,11297,0.9061697795875011,2750,2475,275,0.09383022041249889,True,True,junyi
ssoD0v75OrrqwAKQZP0ePSDhxD9qGSJwqCyB5pd+O+4=,11217,0.8388160827315682,3606,3047,559,0.16118391726843184,True,True,junyi
suDCkQs0H6kriJ78abNYmrtyOrBj80FflKWAiW3yfD8=,15782,0.8491319224432898,4556,3849,707,0.15086807755671017,True,True,junyi
svTmVFY7kPYUWAdDc4l5Zaim90TY7RGkFLs/eaU4FVc=,60279,0.9433301813235123,17405,16439,966,0.05666981867648768,True,True,junyi
t01hjun7X39jNVm5uQ4Zim5uJ7au2kSCDtgaN5TBBR4=,5749,0.5950600104365976,1600,1007,593,0.4049399895634024,True,True,junyi
t0ecyrPtga+CgNqPsmtLQkYiw6JQE9TK0eIlMebASeU=,5228,0.5128156082631982,1060,634,426,0.48718439173680184,True,True,junyi
t9NE+shI32BkAQiBqhqi7Yfxk/GqipntnvKPkuV9fCc=,5043,0.4182034503271862,1759,640,1119,0.5817965496728138,True,True,junyi
tAZ0mRV5cECGqeSg0QvaNNVKgKvxJ3r3SLQtJPb5SSY=,7992,0.8342092092092092,2401,2022,379,0.16579079079079084,True,True,junyi
tBZ3hZqed0H7wHFp8jHQT6bij5GrwxB8L32UylQKUrc=,8409,0.5378760851468665,2262,1181,1081,0.46212391485313353,True,True,junyi
tBo6ECyT8IlKAM8UhQHWkqv92PRLcSiwuerfC7vNX+w=,7245,0.6207039337474121,1853,1158,695,0.37929606625258794,True,True,junyi
tBr8loWJrEOlzcZDaQL0Q2qMEMUVGJJiWePsXb+7O9U=,10839,0.7634468124365716,2935,2219,716,0.23655318756342836,True,True,junyi
tDKyHKjiaYS/9r2OSVnPQ7tSPPSNRYT9jWOZCemk7/8=,2763,0.6203402099167572,694,435,259,0.3796597900832428,True,True,junyi
tF8tMFezQhn36I3yHWsSa2i67yZXerPE5QWgZGCFvFs=,5646,0.7823237690400283,1554,1217,337,0.21767623095997168,True,True,junyi
tKPJ+aL8jZdRX7rLqbXvQRirJzPopGK2mxUlBEHW1aA=,14446,0.747888688910425,4042,3103,939,0.25211131108957496,True,True,junyi
tN8SpZieIVVCovn2b6LL/lY1ljwmZRYbAR3J6V6ScWs=,7195,0.7020152883947186,1887,1358,529,0.2979847116052814,True,True,junyi
tOR47i7wGbuHkGxkhX9tHItMHHuJtAttsvHDOjDRVOw=,41333,0.876878039339027,11033,9611,1422,0.12312196066097303,True,True,junyi
tPAGQq+YU6D1NO1cU3U4fdlaNEm6YSSlRHK6qq/RQfw=,6020,0.44883720930232557,1676,747,929,0.5511627906976744,True,True,junyi
tPzc0JSXpr0JmIZKsEwoPNd7HYlbgErDMf2uJUXKJco=,13188,0.7668334849863512,3309,2561,748,0.23316651501364882,True,True,junyi
tTmVu9rH4l3d4gYHn961kutPiXDAPkhWRCWp1GWCwUc=,16912,0.7890255439924314,4899,3821,1078,0.2109744560075686,True,True,junyi
tUeUQK4V+TthlYOfXGU45TfMrMvMlcmhUaMf6Sy4WxQ=,6554,0.7947818126335062,2137,1705,432,0.20521818736649378,True,True,junyi
tX7NdqantvoBvQvdkD5+zE0t7sWCWqUqRru/FcnRYEY=,595,0.20840336134453782,275,63,212,0.7915966386554621,True,True,junyi
tXmG1LY2OjXE4bZJtz4tOad6vDfC4L7RdrdbNYUE6aM=,5579,0.41512815916830975,1842,821,1021,0.5848718408316902,True,True,junyi
tZf/bEBKSTS+3LVGtBC9SDk0DW861g71Tm+ZVdS2co4=,4760,0.8201680672268907,1442,1145,297,0.17983193277310927,True,True,junyi
taHJOb9QH97FhfZ3GgcNGP9N4IOkU1m8ZUle8xGkCz4=,7127,0.726252280061737,1949,1439,510,0.27374771993826297,True,True,junyi
tcefpcahExZLA6gms/r4H1DHPHzmBUwg8h7hfNlV4sc=,16997,0.8792728128493263,4710,4170,540,0.12072718715067365,True,True,junyi
ti7iE7Irnu/h0/BjiZZTK6MopfvXpnfJOccIVSxyA0I=,11646,0.750386398763524,3001,2271,730,0.24961360123647602,True,True,junyi
tiIUNJuhqyg5QFheXTdIr63OSY8kp2q1F7ScUUvTPsk=,3253,0.6953581309560406,1063,688,375,0.3046418690439594,True,True,junyi
tiLwNbKNBTH/JttT2Z5fA/wezgf65zakDT1fSS4Onjo=,7167,0.5900655783451932,1787,1083,704,0.40993442165480676,True,True,junyi
tnrz/gdH6WgtHgJSpfzyUGtIqz/0OHL5ogbfxCsXR6Y=,538,0.5669144981412639,201,138,63,0.43308550185873607,True,True,junyi
toEj9DQe3d6eCqpUhPzaRUzZjuvoB6uu27TxH+ermwU=,273,0.7545787545787546,128,75,53,0.24542124542124544,True,False,junyi
tpPS7qXY6cPLmRqFIgY5ryhwHp+BGA5rPeRemY/bJ/Q=,1920,0.615625,717,457,260,0.384375,True,True,junyi
tqKbTGIV+RDS6qwn6Tp173RrtMV4LeR0UEBqa9etzIA=,6036,0.788933068257124,1637,1270,367,0.21106693174287605,True,True,junyi
tsZO34MHUt335zNWrd05l1ILk9vvcWzIR2hEk6dNYc4=,648,0.49074074074074076,253,144,109,0.5092592592592593,True,True,junyi
ttWja925wzclBgMnR8D0fmHiM9PQ1QV3cwXWu51m31U=,1746,0.5670103092783505,526,322,204,0.4329896907216495,True,True,junyi
txKQr1wDyBrIVa1zb9Lvl17prOdzCzFhO+UpqBdTlhE=,15341,0.7932338178736719,4425,3561,864,0.20676618212632814,True,True,junyi
u/LPC06b7BAhroZcvBEYJUUOpby5g4JLLjaI92XikLc=,4193,0.807059384688767,1191,944,247,0.19294061531123297,True,True,junyi
u2U8EISDcFel7/t+fC2pJWsANLAo2XCOdvqmg2fatRg=,13628,0.7817728206633402,3954,3089,865,0.2182271793366598,True,True,junyi
u4qhRZS44vAj0iPcn0h6LtwpEu5xpKwVBOXYhTziua8=,23236,0.697624375968325,6614,4634,1980,0.30237562403167495,True,True,junyi
u5/b2b8+M7T27j8eNr9YzarIg/vTgSGyEzEUix490Es=,6672,0.6429856115107914,2236,1413,823,0.35701438848920863,True,True,junyi
u5SYmgbMwMzEurXJkN8SzYMacAqwjR02xCA0/prnVeI=,4963,0.5992343340721338,1315,804,511,0.4007656659278662,True,True,junyi
uARLhNTVv+B9sHgK+FR/rGo126mTuK6g9WGLYh9qQZU=,15402,0.6403064537073108,4221,2768,1453,0.35969354629268924,True,True,junyi
uFCpz18ILNOA86AuPKzKb6a5FpQZu4/+OQ3z40HL+e0=,14095,0.7910606598084428,4246,3221,1025,0.20893934019155724,True,True,junyi
uL6KHETQYCoqBED2zQuy+zkxtwJwdoa9myALWa6dHRE=,6062,0.9338502144506764,1759,1637,122,0.0661497855493236,True,True,junyi
uNJhNi/pUS9w/pd7eVnHXB9PvBDWWQQdf22l/K+jxW4=,13334,0.6799910004499775,4074,2807,1267,0.3200089995500225,True,True,junyi
uO5Sx0OY+EO1m+rKoS0oGmTFX2fe8N8OJhGa+9nP5BE=,4675,0.6143315508021391,1272,786,486,0.3856684491978609,True,True,junyi
uOKltJJ7Lmvu4E6v/qzI3+SAr0/iWghlCX+3ZhwE1+Y=,4573,0.8764487207522415,1432,1216,216,0.12355127924775855,True,True,junyi
uPQFTfURBN++Ua40NC/iECWGB8APSlwjR48SMzkr0cQ=,3154,0.7016487000634115,749,520,229,0.2983512999365885,True,True,junyi
uPxHwMXd5UwnfZuCmJPEZXMrFc82OGm2MzwjB6CWP54=,1365,0.4901098901098901,447,171,276,0.5098901098901099,True,True,junyi
uT7yFiOpFCZP5NXkxFZg0sUJ1zKo8HYmtUxumXs3khM=,15294,0.6511703936184124,4644,3039,1605,0.34882960638158755,True,True,junyi
uX/j5LVl0PCKk2qBUgAktTGQtVdMKcT0MuXKsahNaX0=,14396,0.8102945262572937,4413,3517,896,0.1897054737427063,True,True,junyi
utmhbxXhQQSgaC8EVrCmsYgVsNCiRAd7R80icvSkcME=,1253,0.8140462889066241,517,429,88,0.18595371109337588,True,True,junyi
uwQG8/ZoR1/zZTjWe3OIyW1B3Qqs58hnkYXRteZxUxU=,23110,0.6935958459541324,6222,4357,1865,0.3064041540458676,True,True,junyi
uwwPPNlPpZxnUbH8c1xmKAUIM1j1izVyGwNcFRDhpGo=,15792,0.6946555217831814,4605,3136,1469,0.30534447821681865,True,True,junyi
v0QQMEqKJpDj2celSchjacrZA92MTrfjIWGDYbugu6k=,13470,0.4933184855233853,4125,2017,2108,0.5066815144766147,True,True,junyi
v0TbRc4ZlN2+X5KttQxhQOr4bWfGw70hWriCxujmRTM=,6737,0.5481668398396913,2053,1063,990,0.4518331601603087,True,True,junyi
v0kd17IRi6S3Pb5Go3lcsG8G+brOsfhuCLG95fqRhY0=,11225,0.8673496659242762,3220,2769,451,0.1326503340757238,True,True,junyi
v0sbjtQ2OP0XxliWlaM9TYTIuItpb/xj6QRsVVITb9o=,4707,0.8440620352666242,1451,1248,203,0.15593796473337584,True,True,junyi
v1Oz7FC54hKUCiGnoQwiclh4/CkfCbxtwHTKE7EJVqw=,1794,0.5869565217391305,520,363,157,0.4130434782608695,True,True,junyi
v7yYzJI0/rHfpfs6AyQ6llqhVygGp+wcpMr8emORMxk=,6608,0.6130447941888619,2169,1348,821,0.38695520581113807,True,True,junyi
v82Gd4uP/xcTasSq+nvw7cWkEDEigud4yXgwp4hOh2I=,3529,0.6984981581184472,1124,701,423,0.3015018418815528,True,True,junyi
v90baLZYacc3s+oqAusl+90J4O6kJCF7s47aUGFf8gA=,19951,0.8147461280136334,6122,5029,1093,0.18525387198636656,True,True,junyi
vANSd42hTmOLeN7SdvJlNigKaY6CjHCx2iVDaWBVKgE=,11660,0.4083190394511149,3353,1466,1887,0.5916809605488851,True,True,junyi
vIpEeG17kmCO+OLv8EEBw6fjOiDUaH2trdZZzM7XD3o=,6066,0.6262776129244972,1860,1193,667,0.37372238707550276,True,True,junyi
vKy7mwWzDQnqrw/yaJ6PB2jW/wheq1QhTZ1+TEFcP8U=,1839,0.6411092985318108,465,322,143,0.35889070146818924,True,True,junyi
vOj4Z8p9VKUkpLIbagpQRE/n8WQ3XrWMBl+kWtdlktI=,7418,0.6330547317336209,2011,1377,634,0.3669452682663791,True,True,junyi
vVpSKAMQbTMvtdERR0ksOeRmmaFt0R210t4Z//0RpPA=,8252,0.733034415899176,2282,1701,581,0.26696558410082405,True,True,junyi
vY/EjWpZBxxkshbM63KTTP6JSh+NHfmwSBWQi2XN8so=,1023,0.512218963831867,361,164,197,0.48778103616813295,True,True,junyi
vY8SyP2MYgZZz//LD03tey6tg5oMmcO2xFzs4CJO+4M=,310,0.7129032258064516,105,68,37,0.2870967741935484,True,False,junyi
vb599W2257CQW/TGHxuRb4KR46aEykZxjDVpARmgaBs=,2059,0.5099562894609033,693,349,344,0.4900437105390967,True,True,junyi
vbfF+FocMgYeYyHLA80N4d9gMts+9/pmqj80PmM6wFk=,8857,0.6275262504233939,2769,1699,1070,0.37247374957660606,True,True,junyi
vhz7ZImgcFLciakjMFdmn0S/He85wqQkhLiYXRPpu18=,39065,0.7103289389479074,10799,7864,2935,0.2896710610520926,True,True,junyi
vj2oAek5lK+ewqbR0hgGrkyAZpWXIxl9Qt3HpVZVBK8=,4915,0.6109867751780265,1256,790,466,0.38901322482197354,True,True,junyi
vlp5gR/PnY3FuaIANmLDZjLT7VR+mhj/8Skk+dfLf0I=,7732,0.7546559751681324,2166,1632,534,0.24534402483186757,True,True,junyi
voVpsR3NChso9TsHdzn/OkPeLiymYrV3qu8Xe0PUOHg=,2687,0.6416077409750651,843,542,301,0.3583922590249349,True,True,junyi
voXzLrgpNaTssnERUsWHe8i5qAk+0Mev4EacAigUwIk=,6167,0.5592670666450462,1468,869,599,0.4407329333549538,True,True,junyi
w3a6Wk12CqIrUktZei2Z0W3Rf8xdgEdjIW9QX0MWIf8=,46871,0.9128245610292078,13816,12619,1197,0.08717543897079216,True,True,junyi
w4MyAbgZRLh794BPy0qg9fg2PcokubWJcmd13HKCFXM=,8496,0.3601694915254237,2825,1040,1785,0.6398305084745763,True,True,junyi
w5q27rJT9sra6bvT/I3FOszvNlkLnlapMzE3tgPfiaI=,11029,0.6308822196028652,3004,1844,1160,0.36911778039713483,True,True,junyi
w74XdHKzME2SVRy/43in0XtQlXuv7VUdjQzVzbOXJMs=,9243,0.7647949799848534,2386,1866,520,0.23520502001514665,True,True,junyi
w8mrAb/M/c9pr/FAngd/vU90ZIlBOtjnjrpToRgWGGA=,12812,0.6012332188573213,3909,2378,1531,0.3987667811426787,True,True,junyi
wFY4DytAuE9Kk58ZsRBfWoMUwJakEQKKm7fjCwSK+mA=,5472,0.727156432748538,1585,1100,485,0.27284356725146197,True,True,junyi
wIsDMrI/eBE3OPuBThlLMMwauFehCay2ubzznnf0I2I=,13611,0.5761516420542209,4618,2697,1921,0.42384835794577913,True,True,junyi
wK18kWTTyXKCMshFfhwqTEKgqTQSBDhz4A8+ucEUoU8=,3519,0.4745666382495027,1257,561,696,0.5254333617504974,True,True,junyi
wMb6Jrr1SYX+L2nXlRZ8BW8cv6C6F4tPImJpElWri2E=,6269,0.7369596426862338,1954,1506,448,0.2630403573137662,True,True,junyi
wNKSSVuLJ6b8OHoVpp8bN/+2S105KC7nrt9SHIBqNSk=,8404,0.8023560209424084,2308,1883,425,0.19764397905759157,True,True,junyi
wSCHTaapM4TIsQprXwBv2aKagVhZOWzILa3SKxVO4Mw=,5829,0.6697546749013553,1911,1204,707,0.3302453250986447,True,True,junyi
wUssm1kBiL8949UikpoP4M7jA0qR8JoaLthb513afBA=,3526,0.7932501418037436,1042,828,214,0.20674985819625635,True,True,junyi
wWw2CLiK4yqlM5/ZJQgVspMEHVnWTfbbuGHAZs+py9c=,7433,0.6366204762545405,1922,1276,646,0.36337952374545945,True,True,junyi
wWxHJ8aDeAVSEp62k6aRXGwVOAzzQz+w7iBA9wZium4=,3057,0.5093228655544652,881,431,450,0.49067713444553485,True,True,junyi
wXoFQMmHnMGZXrHfDmiM9pkDKC69Ma8aLEN5Xn/CVv0=,12599,0.6878323676482261,3290,2245,1045,0.3121676323517739,True,True,junyi
wYT6ZsCY6u0j7kHgmCHdHuYUQtZfIJmcghxZrri81Jg=,11112,0.7121130309575234,3305,2368,937,0.28788696904247657,True,True,junyi
wZ49H8xuqS5c5fox/rUaZgS6R/TVKJkjRnvzEjrSOa0=,8498,0.6355613085431866,2950,1919,1031,0.3644386914568134,True,True,junyi
wZCkmlfJ0G2xyiucQ85Ms+DMGXRSg8yhQ+MiwtSHS30=,1717,0.7210250436808386,540,406,134,0.27897495631916136,True,True,junyi
wfMjYGAyGx53y31nrto5i3wNTb3XBzevOPyNMNAwplA=,11696,0.8788474692202463,3112,2721,391,0.12115253077975374,True,True,junyi
wkd96LaG/2zfF/UXCPKhMm/u+QWPguay/di04trhNlc=,8766,0.7247319187770933,2748,2030,718,0.2752680812229067,True,True,junyi
wmSqGTqsAyWkNPvpGkVe/Jb9ezYUQbMHUQmyDPhmRLQ=,17708,0.81889541450192,4431,3737,694,0.18110458549807995,True,True,junyi
wzK9LGOjC7Om6cUDilMUGE3wYXuPD6EX+6TS832183c=,2983,0.3154542406972846,828,249,579,0.6845457593027153,True,True,junyi
x/98yRhBoFh9AIWvaf4wfapjBYSZJbPeSfSjYlmDyOk=,7205,0.82470506592644,2197,1652,545,0.17529493407356,True,True,junyi
x0Zcc+adPkTZK1q07Cmus67A43gQ4+u6simGbY7U40I=,7290,0.834156378600823,2223,1901,322,0.16584362139917697,True,True,junyi
x37TFkKPkx7jWPaTY+41UeSFOmMoZB7jw3UiTm8ZMGM=,1883,0.6579925650557621,607,403,204,0.3420074349442379,True,True,junyi
x9oDEpreQSuEiyFzA4syO+1WLv+obKycS0yqA80CQFw=,4382,0.43610223642172524,1356,698,658,0.5638977635782747,True,True,junyi
xA22xgunLQJJCnGh3+dhU07Djjbd3AufwqqhUQaTNFo=,10768,0.7330980683506686,3173,2368,805,0.2669019316493314,True,True,junyi
xCOPGQ151m467iuNwHOaIi4ZTipNvQ4/0wB+zcxGjLQ=,10437,0.8255245760275941,3181,2651,530,0.1744754239724059,True,True,junyi
xQNx//qhkk2bCwEwFdNmcqn+xhyU6AwjhGgmphpgtV8=,20717,0.9102669305401361,5553,5115,438,0.08973306945986392,True,True,junyi
xRoZGzdttZPj1kvoQoPFWXD2LfUawhSL5nCz5NXjhn8=,3097,0.4982240878269293,868,438,430,0.5017759121730707,True,True,junyi
xVnGKh1Vrf5JAkpT+RvkYwfQHb46ugd21uvhWHJC0+U=,4895,0.39979570990806945,1415,649,766,0.6002042900919305,True,True,junyi
xVsACcSxP4hrn2o14c9+W92tPVwJpfnfJptf2CExFAM=,6808,0.7275264394829613,2082,1544,538,0.27247356051703875,True,True,junyi
xVyrQ6TU4c+yEZR+Fly4rGn3mt9kpDpIAqmrnlVqOsA=,1405,0.4170818505338078,343,180,163,0.5829181494661921,True,True,junyi
xaWHtJt0hf186kbfofLHHt94c0qSZE3L7nvrmIAexws=,10158,0.788147273085253,2650,2138,512,0.211852726914747,True,True,junyi
xk269k5cel7t7lVVPwniYDSV03nxPEP6B43dF03A7gE=,5359,0.7783168501586116,1314,1031,283,0.22168314984138837,True,True,junyi
xlVWFGWcVQ8HiY2o1mGb7xJ9fNjjd/XBRul7GwvTwjc=,18270,0.7267651888341543,4845,3521,1324,0.2732348111658457,True,True,junyi
xlm1cA7g3Y3P8DLXvKvOMnzwshnSyIg4BZFF8NJtuXE=,4454,0.7112707678491244,1410,1041,369,0.28872923215087565,True,True,junyi
xqUFQGqV26XnOt6wrAeKn6kM6Duc18fKQsh+1YnzaUo=,1781,0.5165637282425604,545,247,298,0.48343627175743964,True,True,junyi
xqsA8iAEMS23iTamqyxrcPqpN9mMeybGKfFYVSTBBXI=,2640,0.509469696969697,755,423,332,0.490530303030303,True,True,junyi
xuhHPeIus65MVkMtd4itXccIpTh/I1+lXwsxGgvVDHg=,6094,0.5205119789957335,2210,1164,1046,0.47948802100426646,True,True,junyi
y1ky8jXzmdtx660XSqtKvCYTgf7m69k+vVtThncryWU=,7512,0.7723642172523961,2237,1710,527,0.22763578274760388,True,True,junyi
y2cIQJI2w9BzUTARUpwIfpZKS7NOEaAdBnn0A7fA7Bk=,2845,0.7068541300527241,811,585,226,0.29314586994727587,True,True,junyi
yC0fMjNE4oQ+f9qyqRKdEydTAIscFvSra9wP052SgL4=,416,0.6298076923076923,161,89,72,0.3701923076923077,True,False,junyi
yC2VB5lJ5y/sgxAF1VTGmJEeWwn9WiP2T6dEfU6m9jg=,7258,0.8509231193166161,2035,1778,257,0.14907688068338387,True,True,junyi
yCUFt9uR6EEQokpBPpS4+FXT0ri7GVcI4M1ByCXveIE=,12834,0.6077606358111267,3783,2212,1571,0.3922393641888733,True,True,junyi
yHJf0g7o8YLIn0qLcWkybcezKBHdmlj7ih14MWWbzNI=,5541,0.4504602057390363,1610,741,869,0.5495397942609637,True,True,junyi
yHgHyIJ05U7s8Ak1XnUHY08MP++zF14JXnyie5AL5s0=,3356,0.5458879618593564,853,463,390,0.4541120381406436,True,True,junyi
yJ153/JFXN9IF2c3a3ySmTwTPNEGZp3YE11EtpxrgVw=,395,0.44050632911392407,93,57,36,0.5594936708860759,True,False,junyi
yMjqmd4vaehZlSUXc9AMmPQBdPp+256dayxZ/xS7svg=,3200,0.5365625,767,439,328,0.46343749999999995,True,True,junyi
yNZkf4iG5MD4X39lSv9FyBiCLLRauEz4BYFx+p8XxvQ=,9619,0.506393596007901,3055,1458,1597,0.493606403992099,True,True,junyi
yQCMHCiSG6RrDzqfXFSue4eu3I7cE9ExTdPUJFwwGQk=,1921,0.47006767308693387,594,218,376,0.5299323269130661,True,True,junyi
yQwYr+IKuFKwlC3oGLHemMwCjRjNIiJUqTzt5A+E4iI=,1943,0.4400411734431292,727,304,423,0.5599588265568708,True,True,junyi
yf0UgImLKDdaX3kKo0G5iCMShvG7/CRgxqj0RC42kN0=,1490,0.3697986577181208,373,187,186,0.6302013422818792,True,True,junyi
yyB3Cv5ZNO9vRc2FUExQu3LZs+xZSYKo7W//FZCkg/U=,6514,0.6393920785999386,2145,1245,900,0.36060792140006137,True,True,junyi
z+lXIDsSULAbvl0C7jLN2xRImkpzGZWHjhQ88H3C92c=,14630,0.8246753246753247,3890,3176,714,0.17532467532467533,True,True,junyi
z40HWZR+gOnq+/hu58VFytoZlZYp9/VyuyENVRGJ/OU=,16536,0.5377963231736816,4495,2493,2002,0.46220367682631835,True,True,junyi
z5YJ7GOEyGfxENlfIjBKbMbTzhp3V5TS6Zp62Y/PKPc=,12454,0.680263369198651,3408,2398,1010,0.31973663080134895,True,True,junyi
z5n5ogbXXcooPCsEo2WcBzoYN1ydqrEI+EKnzZxmIP4=,9546,0.49790488162581187,2649,1391,1258,0.5020951183741882,True,True,junyi
z63YRJBWfFRlEmNRbbP4dElBqjDwsHUJ4X+mLaRj+pU=,2906,0.8031658637302134,823,671,152,0.19683413626978663,True,True,junyi
z7j7u9pIZBLTXsNZB7xMkIJ2CB++xDwCfAFzUG8Juco=,12574,0.7031970733259106,3477,2514,963,0.29680292667408936,True,True,junyi
z9WEaz3dU4bh7FPuKdAt6UrOgqpVnwWFrb/AL4dkKJs=,8466,0.7828962910465391,2463,1936,527,0.21710370895346087,True,True,junyi
zFUHHn64b2GorjfAU6+BVy85oSZxzLhsrqGzKB7JwZc=,7703,0.7826820719200311,2273,1835,438,0.21731792807996886,True,True,junyi
zHDjrBKb5lNSncPDp2hPXdb1zXdHj1Y/iQvzW7DTaIQ=,1661,0.42986152919927756,383,180,203,0.5701384708007224,True,True,junyi
zHqZC5BMQzmA8ZbWd776nwinT6LWg2mxiT0WiW/5YZE=,1894,0.6742344244984161,575,408,167,0.3257655755015839,True,True,junyi
zX5HAUpRYC4F7YPNs5tUeBqVi++rEmPUfsAtHpoZmEQ=,32651,0.7378640776699029,10387,7330,3057,0.2621359223300971,True,True,junyi
zcH7Yl/gFwkU2Mej9UzQgaJL66wIdiMucPZwVyeqHxc=,17608,0.6487392094502499,4895,3231,1664,0.3512607905497501,True,True,junyi
zh/Ht6E99DfEW1ZtC/mgD6MmKmVQEiH09UOhX+Dz3rI=,9485,0.5516078017923036,2494,1390,1104,0.4483921982076964,True,True,junyi
znVNbyVOWXo/XrF4bWN0DAWkAGmYu/jwUwO5BReUQxY=,766,0.7088772845953003,201,136,65,0.2911227154046997,True,True,junyi
zpLoCKHOugDScAlFt0XHJJKFwU+r3YZaBlTf5G7qWpE=,22625,0.7302983425414364,7158,5172,1986,0.26970165745856356,True,True,junyi
zxxjH0rOlRk3Fe7P3H8+00eXPXeazjvuIXf2bdEyhJo=,6100,0.7237704918032787,2027,1387,640,0.2762295081967213,True,True,junyi
-1,1078981,0.0,306723,0,306723,1.0,True,False,xes3g5m
0,5381,0.7219847611968035,1624,1158,466,0.27801523880319645,True,True,xes3g5m
1,5941,0.7761319643157718,1660,1269,391,0.2238680356842282,True,True,xes3g5m
10,27284,0.7381249083712066,8033,5956,2077,0.2618750916287934,True,True,xes3g5m
100,2031,0.7552929591334318,608,472,136,0.24470704086656825,True,True,xes3g5m
101,7186,0.7115224046757584,2022,1455,567,0.28847759532424155,True,True,xes3g5m
102,24291,0.8146226997653452,6854,5623,1231,0.18537730023465482,True,True,xes3g5m
103,1778,0.7671541057367829,489,369,120,0.2328458942632171,True,True,xes3g5m
104,32065,0.8196475908311243,8837,7302,1535,0.18035240916887574,True,True,xes3g5m
105,2405,0.7226611226611227,677,513,164,0.2773388773388773,True,True,xes3g5m
106,27954,0.9090291192673678,8156,7402,754,0.09097088073263215,True,True,xes3g5m
107,3527,0.7280975333144315,952,701,251,0.2719024666855685,True,True,xes3g5m
108,34327,0.8173158155387887,9869,8134,1735,0.18268418446121126,True,True,xes3g5m
109,31486,0.796068093755955,8862,7094,1768,0.203931906244045,True,True,xes3g5m
11,13197,0.811472304311586,3890,3224,666,0.188527695688414,True,True,xes3g5m
110,755,0.8516556291390729,212,185,27,0.1483443708609271,True,True,xes3g5m
111,1026,0.8235867446393762,288,245,43,0.1764132553606238,True,True,xes3g5m
112,14011,0.7660409678110056,3943,3051,892,0.2339590321889944,True,True,xes3g5m
113,806,0.9230769230769231,227,210,17,0.07692307692307687,True,False,xes3g5m
114,11081,0.7480371807598593,3153,2416,737,0.25196281924014075,True,True,xes3g5m
115,3997,0.7348011008256192,1122,857,265,0.2651988991743808,True,True,xes3g5m
116,3065,0.6740619902120718,895,589,306,0.3259380097879282,True,True,xes3g5m
117,6937,0.7955888712700014,2021,1646,375,0.20441112872999856,True,True,xes3g5m
118,5697,0.6987888362295945,1653,1188,465,0.30121116377040547,True,True,xes3g5m
119,8738,0.8117418173495079,2532,2063,469,0.1882581826504921,True,True,xes3g5m
12,10023,0.6900129701686122,2914,2059,855,0.3099870298313878,True,True,xes3g5m
120,1588,0.7840050377833753,445,353,92,0.21599496221662473,True,True,xes3g5m
121,13254,0.828881846989588,3722,3103,619,0.171118153010412,True,True,xes3g5m
122,1576,0.8153553299492385,483,413,70,0.18464467005076146,True,True,xes3g5m
123,19408,0.7469084913437758,5624,4167,1457,0.2530915086562242,True,True,xes3g5m
124,13987,0.7288196182169157,4047,2926,1121,0.27118038178308435,True,True,xes3g5m
125,2440,0.5856557377049181,717,433,284,0.4143442622950819,True,True,xes3g5m
126,1478,0.4580514208389716,454,214,240,0.5419485791610283,True,True,xes3g5m
127,9648,0.7399461028192371,2879,2183,696,0.2600538971807629,True,True,xes3g5m
128,5727,0.643443338571678,1699,1147,552,0.356556661428322,True,True,xes3g5m
129,1256,0.839968152866242,353,300,53,0.16003184713375795,True,True,xes3g5m
13,4763,0.7984463573378123,1392,1115,277,0.20155364266218767,True,True,xes3g5m
130,4869,0.7081536249743273,1403,1015,388,0.2918463750256727,True,True,xes3g5m
131,10297,0.8365543362144314,3035,2571,464,0.16344566378556857,True,True,xes3g5m
132,13713,0.7361627652592431,4061,3059,1002,0.26383723474075693,True,True,xes3g5m
133,7604,0.7769594950026302,2228,1743,485,0.22304050499736983,True,True,xes3g5m
134,8664,0.7484995383194829,2461,1836,625,0.2515004616805171,True,True,xes3g5m
135,14311,0.79756830410174,4009,3223,786,0.20243169589826004,True,True,xes3g5m
136,387,0.7338501291989664,103,77,26,0.2661498708010336,True,False,xes3g5m
137,2127,0.8707099200752233,644,571,73,0.1292900799247767,True,True,xes3g5m
138,65152,0.7788095530451866,18054,14212,3842,0.22119044695481338,True,True,xes3g5m
139,21267,0.8377298161470823,6201,5256,945,0.1622701838529177,True,True,xes3g5m
14,27046,0.8545810840789766,7642,6588,1054,0.1454189159210234,True,True,xes3g5m
140,34870,0.7742472039002007,10052,7835,2217,0.22575279609979926,True,True,xes3g5m
141,4260,0.7161971830985916,1191,871,320,0.2838028169014084,True,True,xes3g5m
142,14674,0.7441052201172141,4390,3247,1143,0.25589477988278586,True,True,xes3g5m
143,4137,0.9668842156151801,1169,1138,31,0.03311578438481988,True,True,xes3g5m
144,8509,0.692090727465037,2515,1777,738,0.30790927253496303,True,True,xes3g5m
145,8288,0.6871380308880309,2383,1632,751,0.31286196911196906,True,True,xes3g5m
146,8839,0.7841384772033035,2639,2086,553,0.21586152279669646,True,True,xes3g5m
147,14687,0.7910396949683394,4235,3349,886,0.20896030503166063,True,True,xes3g5m
148,11874,0.8020885969344786,3598,2900,698,0.19791140306552135,True,True,xes3g5m
149,6016,0.7308843085106383,1795,1328,467,0.26911569148936165,True,True,xes3g5m
15,2511,0.8156113102349661,775,625,150,0.18438868976503386,True,True,xes3g5m
150,5858,0.606691703653124,1756,1095,661,0.39330829634687603,True,True,xes3g5m
151,2339,0.55622060709705,687,409,278,0.44377939290295,True,True,xes3g5m
152,5544,0.7599206349206349,1700,1326,374,0.24007936507936511,True,True,xes3g5m
153,4099,0.632837277384728,1263,813,450,0.36716272261527205,True,True,xes3g5m
154,7761,0.8239917536399949,2424,2017,407,0.17600824636000512,True,True,xes3g5m
155,73913,0.7292357230798371,21152,15391,5761,0.2707642769201629,True,True,xes3g5m
156,3662,0.7463134898962316,1009,762,247,0.2536865101037684,True,True,xes3g5m
157,20870,0.73310972688069,5830,4276,1554,0.26689027311931,True,True,xes3g5m
158,2466,0.7388483373884833,676,483,193,0.2611516626115167,True,True,xes3g5m
159,2038,0.9018645731108931,557,508,49,0.09813542688910692,True,True,xes3g5m
16,12511,0.7483014946846774,3626,2737,889,0.25169850531532256,True,True,xes3g5m
160,9070,0.8682469680264608,2628,2257,371,0.13175303197353916,True,True,xes3g5m
161,12619,0.6468024407639275,3498,2265,1233,0.35319755923607254,True,True,xes3g5m
162,21348,0.7600712010492786,6088,4625,1463,0.2399287989507214,True,True,xes3g5m
163,5587,0.5573653123321998,1525,839,686,0.44263468766780023,True,True,xes3g5m
164,16709,0.8341013824884793,4721,3990,731,0.16589861751152069,True,True,xes3g5m
165,19437,0.8069146473221176,5523,4464,1059,0.1930853526778824,True,True,xes3g5m
166,60567,0.792246602935592,17254,13731,3523,0.20775339706440799,True,True,xes3g5m
167,10560,0.7950757575757575,3020,2395,625,0.20492424242424245,True,True,xes3g5m
168,32159,0.7810566248950527,9016,7105,1911,0.21894337510494732,True,True,xes3g5m
169,13624,0.7813417498532003,3812,3007,805,0.21865825014679974,True,True,xes3g5m
17,6339,0.8439817005836883,1886,1595,291,0.15601829941631173,True,True,xes3g5m
170,29397,0.7605197809300269,8267,6316,1951,0.23948021906997308,True,True,xes3g5m
171,5073,0.7421643997634536,1412,1062,350,0.2578356002365464,True,True,xes3g5m
172,19164,0.7083594239198497,5314,3845,1469,0.29164057608015026,True,True,xes3g5m
173,6906,0.7056183029249927,2033,1457,576,0.2943816970750073,True,True,xes3g5m
174,7877,0.807160086327282,2265,1874,391,0.19283991367271802,True,True,xes3g5m
175,8485,0.8373600471420153,2352,2019,333,0.16263995285798472,True,True,xes3g5m
176,11362,0.6737370181306108,3105,2081,1024,0.3262629818693892,True,True,xes3g5m
177,30867,0.8005313117568925,8635,6994,1641,0.19946868824310748,True,True,xes3g5m
178,5873,0.7755831772518305,1630,1270,360,0.22441682274816954,True,True,xes3g5m
179,35623,0.7636639249922803,9922,7657,2265,0.2363360750077197,True,True,xes3g5m
18,105754,0.8328384741948295,29954,25016,4938,0.16716152580517052,True,True,xes3g5m
180,38368,0.7822925354462051,10779,8553,2226,0.21770746455379486,True,True,xes3g5m
181,5729,0.6072613021469715,1631,1012,619,0.3927386978530285,True,True,xes3g5m
182,7662,0.7393630905768729,2183,1627,556,0.2606369094231271,True,True,xes3g5m
183,37484,0.7874026251200512,10448,8218,2230,0.2125973748799488,True,True,xes3g5m
184,6179,0.7737497977018936,1723,1346,377,0.22625020229810644,True,True,xes3g5m
185,4299,0.7769248662479646,1180,922,258,0.22307513375203536,True,True,xes3g5m
186,1767,0.7311827956989247,464,350,114,0.26881720430107525,True,True,xes3g5m
187,23444,0.8206790650059717,6761,5596,1165,0.17932093499402835,True,True,xes3g5m
188,31497,0.8141727783598438,9061,7409,1652,0.1858272216401562,True,True,xes3g5m
189,8719,0.9073288221126276,2527,2303,224,0.09267117788737245,True,True,xes3g5m
19,702,0.7749287749287749,210,162,48,0.22507122507122512,True,True,xes3g5m
190,2613,0.7933409873708381,786,622,164,0.20665901262916186,True,True,xes3g5m
191,3865,0.9435963777490297,1122,1054,68,0.05640362225097029,True,True,xes3g5m
192,24277,0.9279976932899452,6824,6375,449,0.07200230671005481,True,True,xes3g5m
193,9039,0.9132647416749641,2474,2251,223,0.08673525832503592,True,True,xes3g5m
194,7653,0.8157585260682085,2116,1721,395,0.18424147393179147,True,True,xes3g5m
195,5564,0.9656721782890008,1580,1511,69,0.03432782171099924,True,True,xes3g5m
196,5326,0.8128051070221555,1481,1180,301,0.18719489297784453,True,True,xes3g5m
197,3154,0.5047558655675333,890,436,454,0.49524413443246673,True,True,xes3g5m
198,31245,0.8399423907825252,8763,7389,1374,0.1600576092174748,True,True,xes3g5m
199,8702,0.841990347046656,2392,2042,350,0.15800965295334402,True,True,xes3g5m
2,33805,0.9148055021446532,9680,8899,781,0.08519449785534683,True,True,xes3g5m
20,5764,0.7283136710617627,1758,1286,472,0.2716863289382373,True,True,xes3g5m
200,21194,0.8453335849768803,6155,5246,909,0.15466641502311973,True,True,xes3g5m
201,3493,0.7955911823647295,1031,823,208,0.20440881763527052,True,True,xes3g5m
202,7544,0.8569724284199364,2211,1889,322,0.14302757158006363,True,True,xes3g5m
203,16221,0.786449664015782,4781,3835,946,0.21355033598421802,True,True,xes3g5m
204,33767,0.8682737584031747,9335,8101,1234,0.13172624159682533,True,True,xes3g5m
205,11378,0.85867463526103,3193,2751,442,0.14132536473896995,True,True,xes3g5m
206,36781,0.8302928142247356,10289,8586,1703,0.16970718577526445,True,True,xes3g5m
207,13524,0.8531499556344276,3759,3201,558,0.14685004436557236,True,True,xes3g5m
208,62770,0.7884180340927195,17665,13949,3716,0.2115819659072805,True,True,xes3g5m
209,11308,0.7316059426954369,3145,2286,859,0.2683940573045631,True,True,xes3g5m
21,445,0.9101123595505618,138,124,14,0.0898876404494382,True,False,xes3g5m
210,4749,0.7980627500526427,1347,1072,275,0.2019372499473573,True,True,xes3g5m
211,6179,0.8731186276096455,1759,1536,223,0.12688137239035446,True,True,xes3g5m
212,14502,0.7554130464763481,4028,3033,995,0.2445869535236519,True,True,xes3g5m
213,24151,0.6716078009192166,6786,4650,2136,0.32839219908078343,True,True,xes3g5m
214,36404,0.712531589935172,10123,7128,2995,0.28746841006482804,True,True,xes3g5m
215,1767,0.8947368421052632,475,418,57,0.10526315789473684,True,True,xes3g5m
216,3733,0.663273506563086,1033,701,332,0.33672649343691397,True,True,xes3g5m
217,5775,0.6862337662337662,1570,1085,485,0.3137662337662338,True,True,xes3g5m
218,5536,0.6557080924855492,1539,1039,500,0.3442919075144508,True,True,xes3g5m
219,3525,0.6635460992907801,975,670,305,0.3364539007092199,True,True,xes3g5m
22,2081,0.802498798654493,639,513,126,0.19750120134550697,True,True,xes3g5m
220,20542,0.8544932333755233,5874,5068,806,0.1455067666244767,True,True,xes3g5m
221,7673,0.7436465528476476,2220,1652,568,0.2563534471523524,True,True,xes3g5m
222,25531,0.8399592652070033,7139,6050,1089,0.16004073479299674,True,True,xes3g5m
223,14760,0.9136856368563686,4138,3783,355,0.08631436314363139,True,True,xes3g5m
224,4684,0.8834329632792485,1300,1156,144,0.11656703672075153,True,True,xes3g5m
225,9401,0.7590681842357196,2507,1909,598,0.24093181576428035,True,True,xes3g5m
226,5290,0.8546313799621928,1379,1191,188,0.14536862003780715,True,True,xes3g5m
227,14549,0.899099594473847,3910,3516,394,0.10090040552615298,True,True,xes3g5m
228,5550,0.6365765765765766,1644,1082,562,0.3634234234234234,True,True,xes3g5m
229,12150,0.5745679012345679,3478,2029,1449,0.4254320987654321,True,True,xes3g5m
23,20989,0.8482538472533232,6029,5117,912,0.1517461527466768,True,True,xes3g5m
230,3163,0.7337970281378439,984,728,256,0.26620297186215613,True,True,xes3g5m
231,13249,0.7727375650992527,3855,2981,874,0.22726243490074727,True,True,xes3g5m
232,28123,0.7095615688226719,8411,6093,2318,0.29043843117732815,True,True,xes3g5m
233,7526,0.8600850385330853,2177,1873,304,0.13991496146691473,True,True,xes3g5m
234,7852,0.8369842078451349,2256,1899,357,0.16301579215486506,True,True,xes3g5m
235,9322,0.8524994636344132,2653,2276,377,0.1475005363655868,True,True,xes3g5m
236,12133,0.7427676584521553,3472,2633,839,0.2572323415478447,True,True,xes3g5m
237,13779,0.7875027215327672,3870,3045,825,0.21249727846723276,True,True,xes3g5m
238,8186,0.7253848033227461,2307,1731,576,0.27461519667725387,True,True,xes3g5m
239,8518,0.8419816858417469,2473,2118,355,0.15801831415825307,True,True,xes3g5m
24,70202,0.8709865815788724,19992,17488,2504,0.12901341842112757,True,True,xes3g5m
240,8523,0.7724979467323713,2572,2010,562,0.22750205326762873,True,True,xes3g5m
241,11976,0.7791416165664663,3396,2656,740,0.2208583834335337,True,True,xes3g5m
242,7010,0.6845934379457917,2158,1508,650,0.31540656205420825,True,True,xes3g5m
243,8307,0.8394125436378957,2496,2088,408,0.16058745636210425,True,True,xes3g5m
244,6126,0.8403525954946132,1786,1500,286,0.15964740450538684,True,True,xes3g5m
245,1502,0.7509986684420772,451,322,129,0.2490013315579228,True,True,xes3g5m
246,1609,0.783716594157862,507,386,121,0.216283405842138,True,True,xes3g5m
247,4472,0.7938282647584973,1271,1018,253,0.20617173524150267,True,True,xes3g5m
248,10266,0.8653808688875901,2935,2563,372,0.13461913111240986,True,True,xes3g5m
249,6153,0.7802697870957257,1724,1356,368,0.2197302129042743,True,True,xes3g5m
25,6718,0.7499255730872283,2035,1513,522,0.2500744269127717,True,True,xes3g5m
250,3938,0.8285931945149823,1173,1033,140,0.17140680548501774,True,True,xes3g5m
251,3987,0.8274391773263106,1155,955,200,0.17256082267368944,True,True,xes3g5m
252,20363,0.7781269950400236,5748,4509,1239,0.22187300495997642,True,True,xes3g5m
253,6721,0.7973515845856272,1990,1652,338,0.20264841541437284,True,True,xes3g5m
254,1073,0.8462255358807083,337,292,45,0.15377446411929174,True,True,xes3g5m
255,1221,0.9426699426699426,369,350,19,0.05733005733005736,True,False,xes3g5m
256,3398,1.0,1006,1004,2,0.0,True,False,xes3g5m
257,60349,0.7730202654559314,16828,13300,3528,0.2269797345440686,True,True,xes3g5m
258,13745,0.7428155692979265,3959,2958,1001,0.25718443070207353,True,True,xes3g5m
259,2820,0.6531914893617021,808,520,288,0.3468085106382979,True,True,xes3g5m
26,7140,0.8025210084033614,2006,1601,405,0.19747899159663862,True,True,xes3g5m
260,21692,0.7848976581228102,6138,4930,1208,0.2151023418771898,True,True,xes3g5m
261,14459,0.7364962998824262,4151,3179,972,0.26350370011757385,True,True,xes3g5m
262,8060,0.8660049627791563,2244,1962,282,0.13399503722084372,True,True,xes3g5m
263,20536,0.8265971951694585,5865,4908,957,0.1734028048305415,True,True,xes3g5m
264,7365,0.7674134419551935,2121,1677,444,0.23258655804480655,True,True,xes3g5m
265,6472,0.8759270704573547,1848,1645,203,0.12407292954264526,True,True,xes3g5m
266,41099,0.8421616097715273,11175,9401,1774,0.15783839022847268,True,True,xes3g5m
267,1309,0.6913674560733384,356,251,105,0.3086325439266616,True,True,xes3g5m
268,1423,0.8812368236120871,377,329,48,0.1187631763879129,True,True,xes3g5m
269,787,0.8487928843710292,246,207,39,0.15120711562897082,True,True,xes3g5m
27,349,0.7593123209169055,98,81,17,0.24068767908309452,True,False,xes3g5m
270,3164,0.6235777496839444,905,581,324,0.3764222503160556,True,True,xes3g5m
271,7520,0.8696808510638298,2101,1842,259,0.13031914893617025,True,True,xes3g5m
272,16501,0.8142536815950548,4636,3785,851,0.18574631840494515,True,True,xes3g5m
273,658,0.8951367781155015,207,193,14,0.10486322188449848,True,False,xes3g5m
274,827,0.8222490931076178,217,180,37,0.17775090689238215,True,True,xes3g5m
275,1053,0.8281101614434948,316,263,53,0.1718898385565052,True,True,xes3g5m
276,1475,0.7810169491525424,419,346,73,0.21898305084745762,True,True,xes3g5m
277,6072,0.8496376811594203,1694,1429,265,0.1503623188405797,True,True,xes3g5m
278,1733,0.964800923254472,470,452,18,0.035199076745528024,True,False,xes3g5m
279,2926,0.84107997265892,842,698,144,0.15892002734108002,True,True,xes3g5m
28,2792,0.8631805157593123,808,716,92,0.13681948424068768,True,True,xes3g5m
280,1519,0.8341013824884793,477,408,69,0.16589861751152069,True,True,xes3g5m
281,301,0.8504983388704319,78,70,8,0.1495016611295681,True,False,xes3g5m
282,1849,0.8685776095186587,489,429,60,0.1314223904813413,True,True,xes3g5m
283,4464,0.7712813620071685,1248,1003,245,0.22871863799283154,True,True,xes3g5m
284,1648,0.7797330097087378,479,375,104,0.22026699029126218,True,True,xes3g5m
285,4293,0.8208711856510599,1194,989,205,0.17912881434894012,True,True,xes3g5m
286,508,0.8779527559055118,171,153,18,0.1220472440944882,True,False,xes3g5m
287,2364,0.7516920473773265,690,541,149,0.24830795262267347,True,True,xes3g5m
288,1730,0.8445086705202313,557,480,77,0.15549132947976874,True,True,xes3g5m
289,800,0.78,248,197,51,0.21999999999999997,True,True,xes3g5m
29,3954,0.7971674253920081,1203,961,242,0.20283257460799187,True,True,xes3g5m
290,1706,0.9261430246189918,493,456,37,0.07385697538100822,True,True,xes3g5m
291,3352,0.6076968973747017,983,642,341,0.39230310262529833,True,True,xes3g5m
292,2862,0.7840670859538784,794,629,165,0.21593291404612158,True,True,xes3g5m
293,2290,0.7602620087336245,628,478,150,0.23973799126637552,True,True,xes3g5m
294,3923,0.6089727249553912,1124,691,433,0.39102727504460877,True,True,xes3g5m
295,1955,0.9447570332480818,537,504,33,0.0552429667519182,True,True,xes3g5m
296,2626,0.6355674028941356,737,483,254,0.3644325971058644,True,True,xes3g5m
297,1188,0.8585858585858586,339,296,43,0.14141414141414144,True,True,xes3g5m
298,575,0.591304347826087,167,105,62,0.408695652173913,True,True,xes3g5m
299,3110,0.7392282958199357,888,666,222,0.26077170418006435,True,True,xes3g5m
3,11205,0.7282463186077643,3357,2446,911,0.27175368139223566,True,True,xes3g5m
30,14188,0.8297152523259093,4081,3369,712,0.17028474767409074,True,True,xes3g5m
300,3959,0.8827986865370043,1145,1002,143,0.11720131346299567,True,True,xes3g5m
301,13042,0.922557889894188,3679,3385,294,0.07744211010581203,True,True,xes3g5m
302,1357,0.8039793662490788,372,303,69,0.19602063375092116,True,True,xes3g5m
303,9427,0.5757929351861674,2592,1510,1082,0.42420706481383263,True,True,xes3g5m
304,3501,0.7743501856612397,1012,789,223,0.2256498143387603,True,True,xes3g5m
305,1063,0.7262464722483537,311,234,77,0.2737535277516463,True,True,xes3g5m
306,999,0.6526526526526526,307,214,93,0.3473473473473474,True,True,xes3g5m
307,11692,0.8031132398221006,3383,2731,652,0.1968867601778994,True,True,xes3g5m
308,1525,0.8885245901639345,466,407,59,0.11147540983606552,True,True,xes3g5m
309,60,0.85,22,19,3,0.15000000000000002,True,False,xes3g5m
31,5240,0.8604961832061069,1461,1265,196,0.13950381679389312,True,True,xes3g5m
310,1171,0.740392826643894,391,301,90,0.25960717335610595,True,True,xes3g5m
311,7936,0.7700352822580645,2438,1893,545,0.2299647177419355,True,True,xes3g5m
312,614,0.7687296416938111,195,145,50,0.23127035830618892,True,True,xes3g5m
313,11035,0.667149977344812,3259,2228,1031,0.33285002265518804,True,True,xes3g5m
314,717,0.6373779637377964,225,141,84,0.3626220362622036,True,True,xes3g5m
315,1247,0.7594226142742582,363,266,97,0.24057738572574183,True,True,xes3g5m
316,536,0.5373134328358209,161,92,69,0.4626865671641791,True,True,xes3g5m
317,1601,0.8888194878201124,493,433,60,0.11118051217988756,True,True,xes3g5m
318,1079,0.7052826691380908,321,231,90,0.2947173308619092,True,True,xes3g5m
319,392,0.8086734693877551,93,75,18,0.19132653061224492,True,False,xes3g5m
32,44876,0.8046394509314556,12933,10531,2402,0.1953605490685444,True,True,xes3g5m
320,1521,0.5621301775147929,444,254,190,0.4378698224852071,True,True,xes3g5m
321,1056,0.5757575757575758,310,184,126,0.4242424242424242,True,True,xes3g5m
322,1394,0.8601147776183644,443,372,71,0.1398852223816356,True,True,xes3g5m
323,1481,0.8858879135719109,409,351,58,0.11411208642808912,True,True,xes3g5m
324,1579,0.8860037998733375,434,386,48,0.11399620012666245,True,True,xes3g5m
325,2651,0.5601659751037344,718,423,295,0.43983402489626555,True,True,xes3g5m
326,4873,0.8485532526164581,1476,1239,237,0.1514467473835419,True,True,xes3g5m
327,3249,0.8205601723607264,951,780,171,0.17943982763927357,True,True,xes3g5m
328,119,0.453781512605042,42,19,23,0.546218487394958,True,False,xes3g5m
329,6379,0.7935413074149553,1830,1427,403,0.20645869258504468,True,True,xes3g5m
33,41847,0.7834492317250938,12070,9588,2482,0.21655076827490616,True,True,xes3g5m
330,17256,0.7902178952248493,4838,3822,1016,0.2097821047751507,True,True,xes3g5m
331,424,0.7287735849056604,130,98,32,0.27122641509433965,True,False,xes3g5m
332,2084,0.7634357005758158,587,460,127,0.23656429942418422,True,True,xes3g5m
333,381,0.2335958005249344,121,22,99,0.7664041994750657,True,False,xes3g5m
334,2013,0.4396423248882265,554,226,328,0.5603576751117735,True,True,xes3g5m
335,18554,0.7632855448959793,5361,4177,1184,0.23671445510402067,True,True,xes3g5m
336,23239,0.7693962735057447,6730,5173,1557,0.2306037264942553,True,True,xes3g5m
337,5197,0.6496055416586493,1491,1002,489,0.35039445834135075,True,True,xes3g5m
338,2056,0.5958171206225681,572,339,233,0.4041828793774319,True,True,xes3g5m
339,4049,0.7856260805137071,1150,918,232,0.21437391948629292,True,True,xes3g5m
34,51780,0.8310737736577829,14687,12218,2469,0.1689262263422171,True,True,xes3g5m
340,13490,0.9255744996293551,3765,3499,266,0.07442550037064488,True,True,xes3g5m
341,5020,0.9258964143426295,1408,1320,88,0.07410358565737052,True,True,xes3g5m
342,5020,0.9258964143426295,1408,1320,88,0.07410358565737052,True,True,xes3g5m
343,10630,0.7537158984007526,2962,2302,660,0.2462841015992474,True,True,xes3g5m
344,3141,0.9204075135307227,887,800,87,0.0795924864692773,True,True,xes3g5m
345,364,0.5,134,73,61,0.5,True,False,xes3g5m
346,177,0.4180790960451977,66,32,34,0.5819209039548023,True,False,xes3g5m
347,183,0.4371584699453552,66,32,34,0.5628415300546448,True,False,xes3g5m
348,440,0.8,154,128,26,0.19999999999999996,True,False,xes3g5m
349,10199,0.8779292087459555,2893,2563,330,0.12207079125404452,True,True,xes3g5m
35,12824,0.7977230193387399,3720,2998,722,0.2022769806612601,True,True,xes3g5m
350,1852,0.8169546436285097,528,427,101,0.18304535637149033,True,True,xes3g5m
351,3767,0.9097425006636581,1098,1002,96,0.09025749933634186,True,True,xes3g5m
352,9815,0.8029546612328069,2797,2237,560,0.1970453387671931,True,True,xes3g5m
353,331,0.31419939577039274,93,33,60,0.6858006042296072,True,False,xes3g5m
354,336,0.41369047619047616,96,42,54,0.5863095238095238,True,False,xes3g5m
355,2880,0.5114583333333333,803,410,393,0.48854166666666665,True,True,xes3g5m
356,1787,0.8707330721880246,479,425,54,0.12926692781197535,True,True,xes3g5m
357,2306,0.7198612315698178,674,483,191,0.28013876843018215,True,True,xes3g5m
358,970,0.9144329896907216,258,233,25,0.08556701030927838,True,True,xes3g5m
359,17399,0.8109086729122363,4941,4027,914,0.18909132708776366,True,True,xes3g5m
36,12216,0.7985428945645056,3561,2858,703,0.20145710543549444,True,True,xes3g5m
360,5132,0.8641855027279813,1396,1195,201,0.13581449727201866,True,True,xes3g5m
361,6828,0.8393380199179847,1913,1612,301,0.16066198008201527,True,True,xes3g5m
362,9012,0.8581890812250332,2539,2183,356,0.14181091877496677,True,True,xes3g5m
363,11284,0.8816908897554059,3060,2712,348,0.11830911024459412,True,True,xes3g5m
364,992,0.8235887096774194,277,231,46,0.17641129032258063,True,True,xes3g5m
365,8548,0.8371548900327562,2513,2125,388,0.16284510996724377,True,True,xes3g5m
366,6621,0.9679806675728742,1920,1858,62,0.032019332427125846,True,True,xes3g5m
367,6435,0.6592074592074592,1878,1250,628,0.34079254079254084,True,True,xes3g5m
368,2698,0.6423276501111935,750,526,224,0.3576723498888065,True,True,xes3g5m
369,1743,0.5329890992541595,428,238,190,0.4670109007458405,True,True,xes3g5m
37,11905,0.8084838303233935,3478,2795,683,0.19151616967660645,True,True,xes3g5m
370,1374,0.8486171761280932,371,329,42,0.15138282387190682,True,True,xes3g5m
371,4006,0.7209186220668996,1095,775,320,0.2790813779331004,True,True,xes3g5m
372,1887,0.8139904610492846,593,476,117,0.18600953895071537,True,True,xes3g5m
373,5931,0.8490979598718598,1771,1514,257,0.15090204012814024,True,True,xes3g5m
374,6261,0.6858329340360965,1809,1254,555,0.31416706596390354,True,True,xes3g5m
375,1329,0.9217456734386757,373,346,27,0.07825432656132425,True,True,xes3g5m
376,3226,0.926224426534408,940,874,66,0.07377557346559205,True,True,xes3g5m
377,1779,0.8780213603147836,487,431,56,0.12197863968521638,True,True,xes3g5m
378,8937,0.8641602327402932,2547,2190,357,0.1358397672597068,True,True,xes3g5m
379,16890,0.8721728833629366,4814,4165,649,0.12782711663706336,True,True,xes3g5m
38,8199,0.8579095011586779,2406,2054,352,0.14209049884132208,True,True,xes3g5m
380,3759,0.42857142857142855,1055,466,589,0.5714285714285714,True,True,xes3g5m
381,3253,0.9385182908084845,952,907,45,0.06148170919151552,True,True,xes3g5m
382,2735,0.7612431444241317,797,635,162,0.23875685557586834,True,True,xes3g5m
383,1008,0.9265873015873016,250,239,11,0.07341269841269837,True,False,xes3g5m
384,1501,0.9820119920053297,394,387,7,0.017988007994670263,True,False,xes3g5m
385,1145,0.845414847161572,306,269,37,0.154585152838428,True,True,xes3g5m
386,2425,0.8519587628865979,688,594,94,0.1480412371134021,True,True,xes3g5m
387,2835,0.9502645502645503,791,755,36,0.049735449735449744,True,True,xes3g5m
388,3323,0.8206439963888053,969,806,163,0.17935600361119475,True,True,xes3g5m
389,7477,0.8300120369132005,2241,1889,352,0.16998796308679953,True,True,xes3g5m
39,9617,0.7904752001663721,2935,2351,584,0.20952479983362793,True,True,xes3g5m
390,5229,0.9305794606999426,1459,1359,100,0.06942053930005743,True,True,xes3g5m
391,2801,0.9575151731524456,813,773,40,0.04248482684755439,True,True,xes3g5m
392,7429,0.9445416610580158,2103,1990,113,0.05545833894198415,True,True,xes3g5m
393,2511,0.9012345679012346,720,647,73,0.09876543209876543,True,True,xes3g5m
394,3910,0.760613810741688,1104,841,263,0.239386189258312,True,True,xes3g5m
395,1841,0.6778924497555676,554,386,168,0.3221075502444324,True,True,xes3g5m
396,1544,0.836139896373057,502,439,63,0.16386010362694303,True,True,xes3g5m
397,657,0.8904109589041096,234,207,27,0.1095890410958904,True,True,xes3g5m
398,888,0.7849099099099099,278,218,60,0.21509009009009006,True,True,xes3g5m
399,644,0.16770186335403728,199,46,153,0.8322981366459627,True,True,xes3g5m
4,633,0.8973143759873617,197,181,16,0.10268562401263825,True,False,xes3g5m
40,5705,0.7740578439964944,1775,1369,406,0.22594215600350565,True,True,xes3g5m
400,886,0.2765237020316027,268,94,174,0.7234762979683973,True,True,xes3g5m
401,5796,0.720151828847481,1680,1241,439,0.27984817115251903,True,True,xes3g5m
402,11275,0.707139689578714,3203,2289,914,0.292860310421286,True,True,xes3g5m
403,914,0.8544857768052516,269,226,43,0.14551422319474838,True,True,xes3g5m
404,1150,0.7878260869565218,368,295,73,0.2121739130434782,True,True,xes3g5m
405,2772,0.8658008658008658,875,758,117,0.1341991341991342,True,True,xes3g5m
406,834,0.9316546762589928,238,225,13,0.06834532374100721,True,False,xes3g5m
407,3837,0.6426896012509773,1173,764,409,0.3573103987490227,True,True,xes3g5m
408,5276,0.5356330553449583,1533,847,686,0.4643669446550417,True,True,xes3g5m
409,4590,0.6858387799564271,1304,935,369,0.31416122004357294,True,True,xes3g5m
41,31759,0.7762838880317391,8881,6992,1889,0.2237161119682609,True,True,xes3g5m
410,3415,0.7142020497803807,959,714,245,0.2857979502196193,True,True,xes3g5m
411,3612,0.716500553709856,1015,762,253,0.283499446290144,True,True,xes3g5m
412,3583,0.7264861847613732,1005,759,246,0.27351381523862683,True,True,xes3g5m
413,7933,0.7596117483927897,2285,1777,508,0.24038825160721033,True,True,xes3g5m
414,1547,0.7433742727860375,478,366,112,0.2566257272139625,True,True,xes3g5m
415,223,0.8385650224215246,77,61,16,0.16143497757847536,True,False,xes3g5m
416,70,0.5857142857142857,26,11,15,0.41428571428571426,True,False,xes3g5m
417,70,0.5857142857142857,26,11,15,0.41428571428571426,True,False,xes3g5m
418,314,0.7229299363057324,99,80,19,0.27707006369426757,True,False,xes3g5m
419,535,0.8710280373831776,141,122,19,0.12897196261682242,True,False,xes3g5m
42,2553,0.8491970231100666,772,642,130,0.15080297688993338,True,True,xes3g5m
420,1033,0.7037754114230397,281,191,90,0.2962245885769603,True,True,xes3g5m
421,190,0.8105263157894737,54,41,13,0.18947368421052635,True,False,xes3g5m
422,3951,0.8532017210832701,1143,967,176,0.14679827891672992,True,True,xes3g5m
423,49,0.3469387755102041,19,6,13,0.653061224489796,True,False,xes3g5m
424,2744,0.8626093294460642,842,722,120,0.13739067055393583,True,True,xes3g5m
425,3381,0.8148476782017154,1000,798,202,0.18515232179828456,True,True,xes3g5m
426,445,0.8651685393258427,141,126,15,0.1348314606741573,True,False,xes3g5m
427,959,0.7956204379562044,300,240,60,0.2043795620437956,True,True,xes3g5m
428,71,0.5774647887323944,27,13,14,0.4225352112676056,True,False,xes3g5m
429,210,0.5190476190476191,60,36,24,0.4809523809523809,True,False,xes3g5m
43,12617,0.7772846159942934,3583,2824,759,0.22271538400570656,True,True,xes3g5m
430,1281,0.7377049180327869,349,256,93,0.2622950819672131,True,True,xes3g5m
431,4453,0.8158544801257579,1230,1032,198,0.1841455198742421,True,True,xes3g5m
432,237,0.6244725738396625,87,53,34,0.3755274261603375,True,False,xes3g5m
433,136,0.9117647058823529,44,42,2,0.08823529411764708,True,False,xes3g5m
434,186,0.9247311827956989,61,55,6,0.07526881720430112,True,False,xes3g5m
435,2174,0.827506899724011,670,576,94,0.17249310027598896,True,True,xes3g5m
436,775,0.8929032258064517,229,203,26,0.10709677419354835,True,True,xes3g5m
437,288,0.8576388888888888,99,84,15,0.14236111111111116,True,False,xes3g5m
438,490,0.8081632653061225,125,108,17,0.19183673469387752,True,False,xes3g5m
439,490,0.8081632653061225,125,108,17,0.19183673469387752,True,False,xes3g5m
44,5840,0.7746575342465754,1641,1267,374,0.22534246575342465,True,True,xes3g5m
440,331,0.8338368580060423,78,62,16,0.16616314199395765,True,False,xes3g5m
441,1081,0.8048103607770583,262,215,47,0.19518963922294175,True,True,xes3g5m
442,65,0.8153846153846154,16,15,1,0.18461538461538463,True,False,xes3g5m
443,618,0.872168284789644,172,145,27,0.12783171521035597,True,True,xes3g5m
444,183,0.8852459016393442,42,38,4,0.11475409836065575,True,False,xes3g5m
445,62,0.7580645161290323,18,14,4,0.24193548387096775,True,False,xes3g5m
446,622,0.6495176848874598,161,111,50,0.35048231511254024,True,True,xes3g5m
447,6215,0.9575221238938053,1577,1512,65,0.04247787610619469,True,True,xes3g5m
448,16635,0.8411782386534415,4315,3639,676,0.15882176134655845,True,True,xes3g5m
449,161,0.9254658385093167,41,37,4,0.07453416149068326,True,False,xes3g5m
45,371,0.9137466307277629,121,113,8,0.08625336927223715,True,False,xes3g5m
450,709,0.8575458392101551,197,172,25,0.14245416078984485,True,True,xes3g5m
451,1183,0.49535080304311074,317,159,158,0.5046491969568893,True,True,xes3g5m
452,305,0.8557377049180328,83,74,9,0.1442622950819672,True,False,xes3g5m
453,93,0.7096774193548387,32,22,10,0.29032258064516125,True,False,xes3g5m
454,51,0.9803921568627451,15,14,1,0.019607843137254943,True,False,xes3g5m
455,49,0.9795918367346939,16,15,1,0.020408163265306145,True,False,xes3g5m
456,123,0.983739837398374,36,34,2,0.016260162601625994,True,False,xes3g5m
457,374,0.8663101604278075,113,99,14,0.1336898395721925,True,False,xes3g5m
458,120,0.95,37,36,1,0.050000000000000044,True,False,xes3g5m
459,163,0.9202453987730062,49,44,5,0.07975460122699385,True,False,xes3g5m
46,8656,0.6706330868761553,2647,1823,824,0.3293669131238447,True,True,xes3g5m
460,163,0.9631901840490797,49,46,3,0.036809815950920255,True,False,xes3g5m
461,192,0.9739583333333334,63,62,1,0.02604166666666663,True,False,xes3g5m
462,3581,0.5878246299916224,1079,635,444,0.41217537000837756,True,True,xes3g5m
463,929,0.9386437029063509,276,261,15,0.06135629709364909,True,False,xes3g5m
464,695,0.8906474820143885,202,184,18,0.10935251798561152,True,False,xes3g5m
465,926,0.906047516198704,265,233,32,0.09395248380129595,True,True,xes3g5m
466,2586,0.6871616395978345,769,520,249,0.3128383604021655,True,True,xes3g5m
467,1696,0.9575471698113207,491,477,14,0.04245283018867929,True,False,xes3g5m
468,11796,0.7758562224482876,3354,2614,740,0.22414377755171244,True,True,xes3g5m
469,1105,0.8832579185520362,330,291,39,0.11674208144796383,True,True,xes3g5m
47,2435,0.8242299794661191,745,624,121,0.1757700205338809,True,True,xes3g5m
470,4873,0.8633285450441207,1485,1294,191,0.1366714549558793,True,True,xes3g5m
471,9660,0.8592132505175983,2819,2435,384,0.14078674948240166,True,True,xes3g5m
472,1792,0.9620535714285714,482,470,12,0.0379464285714286,True,False,xes3g5m
473,2748,0.915938864628821,763,712,51,0.08406113537117899,True,True,xes3g5m
474,2471,0.9210845811412384,667,622,45,0.07891541885876163,True,True,xes3g5m
475,1103,0.7361740707162284,301,227,74,0.2638259292837716,True,True,xes3g5m
476,1423,0.6591707659873507,391,248,143,0.3408292340126493,True,True,xes3g5m
477,3828,0.6528213166144201,1157,794,363,0.3471786833855799,True,True,xes3g5m
478,3701,0.6511753580113483,1095,752,343,0.3488246419886517,True,True,xes3g5m
479,2016,0.7663690476190477,585,451,134,0.23363095238095233,True,True,xes3g5m
48,2011,0.6389855793137742,613,419,194,0.3610144206862258,True,True,xes3g5m
480,6369,0.641859004553305,1930,1240,690,0.358140995446695,True,True,xes3g5m
481,1734,0.8915801614763552,508,446,62,0.10841983852364478,True,True,xes3g5m
482,1427,0.8444288717589348,413,339,74,0.15557112824106523,True,True,xes3g5m
483,1881,0.9840510366826156,541,529,12,0.01594896331738438,True,False,xes3g5m
484,2048,0.7138671875,592,413,179,0.2861328125,True,True,xes3g5m
485,1515,0.6726072607260726,418,280,138,0.3273927392739274,True,True,xes3g5m
486,2498,0.8294635708566853,715,604,111,0.17053642914331468,True,True,xes3g5m
487,1614,0.8215613382899628,401,319,82,0.1784386617100372,True,True,xes3g5m
488,2284,0.5967600700525394,678,399,279,0.4032399299474606,True,True,xes3g5m
489,2419,0.8933443571723853,686,620,66,0.10665564282761475,True,True,xes3g5m
49,227,0.8325991189427313,67,59,8,0.1674008810572687,True,False,xes3g5m
490,670,0.8656716417910447,199,171,28,0.13432835820895528,True,True,xes3g5m
491,1310,0.7007633587786259,407,285,122,0.29923664122137406,True,True,xes3g5m
492,839,0.8140643623361145,227,183,44,0.18593563766388554,True,True,xes3g5m
493,407,0.855036855036855,121,102,19,0.144963144963145,True,False,xes3g5m
494,501,0.7345309381237525,125,95,30,0.2654690618762475,True,True,xes3g5m
495,312,0.5032051282051282,77,46,31,0.4967948717948718,True,False,xes3g5m
496,1005,0.5830845771144278,309,183,126,0.41691542288557215,True,True,xes3g5m
497,1091,0.28689275893675525,326,89,237,0.7131072410632447,True,True,xes3g5m
498,1315,0.5011406844106464,432,203,229,0.4988593155893536,True,True,xes3g5m
499,976,0.819672131147541,292,233,59,0.180327868852459,True,True,xes3g5m
5,18609,0.8876350153151701,5266,4709,557,0.11236498468482992,True,True,xes3g5m
50,235,0.8340425531914893,69,61,8,0.16595744680851066,True,False,xes3g5m
500,673,0.8989598811292719,239,213,26,0.10104011887072806,True,True,xes3g5m
501,1867,0.9287627209426889,515,481,34,0.07123727905731114,True,True,xes3g5m
502,1614,0.7794299876084263,467,349,118,0.2205700123915737,True,True,xes3g5m
503,875,0.824,262,218,44,0.17600000000000005,True,True,xes3g5m
504,2042,0.8917727717923605,537,468,69,0.10822722820763953,True,True,xes3g5m
505,1343,0.8808637379002234,351,311,40,0.11913626209977657,True,True,xes3g5m
506,473,0.9344608879492601,152,142,10,0.06553911205073992,True,False,xes3g5m
507,342,0.9181286549707602,107,93,14,0.08187134502923976,True,False,xes3g5m
508,1511,0.8232958305757776,458,365,93,0.1767041694242224,True,True,xes3g5m
509,325,0.7815384615384615,119,98,21,0.21846153846153848,True,False,xes3g5m
51,4638,0.7912893488572661,1374,1101,273,0.2087106511427339,True,True,xes3g5m
510,600,0.77,195,143,52,0.22999999999999998,True,True,xes3g5m
511,398,0.8467336683417085,130,105,25,0.1532663316582915,True,False,xes3g5m
512,577,0.9532062391681109,192,182,10,0.04679376083188913,True,False,xes3g5m
513,911,0.849615806805708,285,234,51,0.15038419319429197,True,True,xes3g5m
514,343,0.6326530612244898,107,71,36,0.36734693877551017,True,False,xes3g5m
515,416,0.7283653846153846,116,88,28,0.2716346153846154,True,False,xes3g5m
516,607,0.9159802306425041,199,182,17,0.08401976935749589,True,False,xes3g5m
517,482,0.941908713692946,155,143,12,0.05809128630705396,True,False,xes3g5m
518,1287,0.9145299145299145,370,336,34,0.0854700854700855,True,True,xes3g5m
519,684,0.8011695906432749,218,189,29,0.19883040935672514,True,True,xes3g5m
52,1362,0.6497797356828194,405,244,161,0.35022026431718056,True,True,xes3g5m
520,248,0.9475806451612904,96,95,1,0.05241935483870963,True,False,xes3g5m
521,501,0.7684630738522954,170,139,31,0.2315369261477046,True,True,xes3g5m
522,552,0.7536231884057971,171,133,38,0.24637681159420288,True,True,xes3g5m
523,200,0.815,60,48,12,0.18500000000000005,True,False,xes3g5m
524,295,0.7898305084745763,94,60,34,0.21016949152542375,True,False,xes3g5m
525,68,0.7647058823529411,27,22,5,0.23529411764705888,True,False,xes3g5m
526,1514,0.9795244385733157,445,440,5,0.020475561426684274,True,False,xes3g5m
527,160,0.4125,40,24,16,0.5875,True,False,xes3g5m
528,474,0.7616033755274262,130,93,37,0.23839662447257381,True,False,xes3g5m
529,553,0.8933092224231465,155,138,17,0.10669077757685352,True,False,xes3g5m
53,662,0.729607250755287,198,144,54,0.270392749244713,True,True,xes3g5m
530,876,0.7568493150684932,252,203,49,0.24315068493150682,True,True,xes3g5m
531,950,0.6810526315789474,277,201,76,0.31894736842105265,True,True,xes3g5m
532,154,0.974025974025974,46,46,0,0.025974025974025983,True,False,xes3g5m
533,137,0.9635036496350365,46,43,3,0.03649635036496346,True,False,xes3g5m
534,270,0.9407407407407408,86,78,8,0.059259259259259234,True,False,xes3g5m
535,399,0.8446115288220551,114,94,20,0.15538847117794485,True,False,xes3g5m
536,1779,0.8724002248454188,450,384,66,0.1275997751545812,True,True,xes3g5m
537,241,0.9087136929460581,78,72,6,0.09128630705394192,True,False,xes3g5m
538,173,0.9132947976878613,63,55,8,0.08670520231213874,True,False,xes3g5m
539,173,0.9190751445086706,63,55,8,0.08092485549132944,True,False,xes3g5m
54,4528,0.7926236749116607,1344,1071,273,0.20737632508833925,True,True,xes3g5m
540,221,0.8054298642533937,81,68,13,0.1945701357466063,True,False,xes3g5m
541,293,0.8122866894197952,107,97,10,0.1877133105802048,True,False,xes3g5m
542,120,0.9166666666666666,42,40,2,0.08333333333333337,True,False,xes3g5m
543,302,0.8973509933774835,85,79,6,0.10264900662251653,True,False,xes3g5m
544,142,0.8380281690140845,49,46,3,0.1619718309859155,True,False,xes3g5m
545,713,0.8120617110799438,189,157,32,0.18793828892005615,True,True,xes3g5m
546,5135,0.667964946445959,1490,1018,472,0.33203505355404095,True,True,xes3g5m
547,220,0.8590909090909091,63,59,4,0.14090909090909087,True,False,xes3g5m
548,210,0.8333333333333334,81,67,14,0.16666666666666663,True,False,xes3g5m
549,242,0.9586776859504132,88,84,4,0.04132231404958675,True,False,xes3g5m
55,83840,0.8036498091603054,24052,19390,4662,0.19635019083969463,True,True,xes3g5m
550,149,0.785234899328859,49,40,9,0.21476510067114096,True,False,xes3g5m
551,38,0.9736842105263158,14,14,0,0.02631578947368418,True,False,xes3g5m
552,24,0.8333333333333334,6,4,2,0.16666666666666663,True,False,xes3g5m
553,130,0.9153846153846154,38,37,1,0.08461538461538465,True,False,xes3g5m
554,170,0.8823529411764706,42,37,5,0.11764705882352944,True,False,xes3g5m
555,56,0.8928571428571429,14,12,2,0.1071428571428571,True,False,xes3g5m
556,42,1.0,12,12,0,0.0,True,False,xes3g5m
557,33,1.0,11,11,0,0.0,True,False,xes3g5m
558,605,0.9338842975206612,153,145,8,0.06611570247933884,True,False,xes3g5m
559,68,0.9264705882352942,28,21,7,0.07352941176470584,True,False,xes3g5m
56,48306,0.8002732579803751,13896,11221,2675,0.19972674201962493,True,True,xes3g5m
560,91,0.989010989010989,39,37,2,0.01098901098901095,True,False,xes3g5m
561,44,0.9772727272727273,19,19,0,0.022727272727272707,True,False,xes3g5m
562,954,0.6918238993710691,338,232,106,0.30817610062893086,True,True,xes3g5m
563,107,0.3177570093457944,49,17,32,0.6822429906542056,True,False,xes3g5m
564,228,0.543859649122807,100,54,46,0.45614035087719296,True,False,xes3g5m
565,408,0.9117647058823529,155,136,19,0.08823529411764708,True,False,xes3g5m
566,240,0.9291666666666667,77,67,10,0.0708333333333333,True,False,xes3g5m
567,279,0.8387096774193549,89,71,18,0.16129032258064513,True,False,xes3g5m
568,203,0.9310344827586207,58,54,4,0.06896551724137934,True,False,xes3g5m
569,252,0.7976190476190477,83,60,23,0.20238095238095233,True,False,xes3g5m
57,60464,0.7562847314104261,17194,13084,4110,0.24371526858957393,True,True,xes3g5m
570,112,0.9196428571428571,33,32,1,0.0803571428571429,True,False,xes3g5m
571,273,0.8498168498168498,97,86,11,0.1501831501831502,True,False,xes3g5m
572,146,0.910958904109589,48,43,5,0.08904109589041098,True,False,xes3g5m
573,124,0.9758064516129032,51,50,1,0.024193548387096753,True,False,xes3g5m
574,302,0.9139072847682119,98,89,9,0.08609271523178808,True,False,xes3g5m
575,121,0.7107438016528925,40,34,6,0.2892561983471075,True,False,xes3g5m
576,298,0.6946308724832215,99,80,19,0.30536912751677847,True,False,xes3g5m
577,253,0.8814229249011858,70,62,8,0.11857707509881421,True,False,xes3g5m
578,311,0.5466237942122186,95,53,42,0.4533762057877814,True,False,xes3g5m
579,615,0.2682926829268293,190,61,129,0.7317073170731707,True,True,xes3g5m
58,17967,0.8095953692881394,5189,4162,1027,0.19040463071186065,True,True,xes3g5m
580,613,0.7732463295269169,141,104,37,0.22675367047308315,True,True,xes3g5m
581,816,0.6384803921568627,225,150,75,0.3615196078431373,True,True,xes3g5m
582,1534,0.9106910039113429,408,371,37,0.08930899608865706,True,True,xes3g5m
583,761,0.9316688567674113,203,189,14,0.06833114323258871,True,False,xes3g5m
584,357,0.7563025210084033,81,61,20,0.24369747899159666,True,False,xes3g5m
585,713,0.758765778401122,203,153,50,0.24123422159887797,True,True,xes3g5m
586,3210,0.7875389408099689,983,809,174,0.2124610591900311,True,True,xes3g5m
587,588,0.9693877551020408,228,223,5,0.030612244897959218,True,False,xes3g5m
588,293,0.9795221843003413,114,113,1,0.020477815699658675,True,False,xes3g5m
589,275,0.8145454545454546,118,99,19,0.18545454545454543,True,False,xes3g5m
59,8750,0.8165714285714286,2613,2159,454,0.18342857142857139,True,True,xes3g5m
590,51,0.29411764705882354,23,7,16,0.7058823529411764,True,False,xes3g5m
591,56,0.6607142857142857,22,13,9,0.3392857142857143,True,False,xes3g5m
592,67,0.4925373134328358,30,15,15,0.5074626865671642,True,False,xes3g5m
593,269,0.8364312267657993,112,96,16,0.16356877323420072,True,False,xes3g5m
594,323,0.8513931888544891,134,117,17,0.1486068111455109,True,False,xes3g5m
595,363,0.9090909090909091,137,126,11,0.09090909090909094,True,False,xes3g5m
596,93,0.6774193548387096,37,22,15,0.32258064516129037,True,False,xes3g5m
597,138,0.855072463768116,49,46,3,0.14492753623188404,True,False,xes3g5m
598,361,0.8227146814404432,107,90,17,0.17728531855955676,True,False,xes3g5m
599,55,0.9636363636363636,22,19,3,0.036363636363636376,True,False,xes3g5m
6,31549,0.7403721195600494,9073,6779,2294,0.25962788043995055,True,True,xes3g5m
60,1864,0.9340128755364807,536,488,48,0.06598712446351929,True,True,xes3g5m
600,71,0.9436619718309859,35,34,1,0.05633802816901412,True,False,xes3g5m
601,88,0.9431818181818182,27,26,1,0.05681818181818177,True,False,xes3g5m
602,87,0.735632183908046,29,22,7,0.26436781609195403,True,False,xes3g5m
603,216,0.9861111111111112,57,57,0,0.01388888888888884,True,False,xes3g5m
604,288,0.1909722222222222,87,20,67,0.8090277777777778,True,False,xes3g5m
605,312,0.7051282051282052,82,59,23,0.2948717948717948,True,False,xes3g5m
606,409,0.7775061124694377,90,72,18,0.22249388753056232,True,False,xes3g5m
607,485,0.4061855670103093,146,65,81,0.5938144329896907,True,False,xes3g5m
608,466,0.9742489270386266,115,115,0,0.025751072961373356,True,False,xes3g5m
609,108,0.6296296296296297,34,23,11,0.37037037037037035,True,False,xes3g5m
61,7009,0.761449564845199,2009,1556,453,0.238550435154801,True,True,xes3g5m
610,238,0.9243697478991597,67,59,8,0.07563025210084029,True,False,xes3g5m
611,211,0.8957345971563981,58,51,7,0.10426540284360186,True,False,xes3g5m
612,921,0.9337676438653637,259,234,25,0.0662323561346363,True,True,xes3g5m
613,484,0.9049586776859504,139,127,12,0.0950413223140496,True,False,xes3g5m
614,359,0.7799442896935933,103,76,27,0.2200557103064067,True,False,xes3g5m
615,85,0.9294117647058824,25,19,6,0.07058823529411762,True,False,xes3g5m
616,68,0.4264705882352941,25,6,19,0.5735294117647058,True,False,xes3g5m
617,65,0.8153846153846154,30,25,5,0.18461538461538463,True,False,xes3g5m
618,469,0.8272921108742004,122,96,26,0.1727078891257996,True,False,xes3g5m
619,307,0.9185667752442996,82,73,9,0.08143322475570036,True,False,xes3g5m
62,16085,0.8177805408765931,4675,3917,758,0.18221945912340687,True,True,xes3g5m
620,105,0.47619047619047616,33,15,18,0.5238095238095238,True,False,xes3g5m
621,33,0.8484848484848485,8,7,1,0.1515151515151515,True,False,xes3g5m
622,29,0.9655172413793104,7,7,0,0.03448275862068961,True,False,xes3g5m
623,332,0.7680722891566265,102,79,23,0.2319277108433735,True,False,xes3g5m
624,848,0.8325471698113207,232,197,35,0.1674528301886793,True,True,xes3g5m
625,1055,0.8492890995260663,295,252,43,0.15071090047393365,True,True,xes3g5m
626,586,0.6672354948805461,166,107,59,0.3327645051194539,True,True,xes3g5m
627,312,0.009615384615384616,78,1,77,0.9903846153846154,True,False,xes3g5m
628,217,0.6175115207373272,61,38,23,0.3824884792626728,True,False,xes3g5m
629,454,0.8480176211453745,124,109,15,0.1519823788546255,True,False,xes3g5m
63,4894,0.9013077237433592,1350,1211,139,0.09869227625664079,True,True,xes3g5m
630,132,0.7045454545454546,37,24,13,0.2954545454545454,True,False,xes3g5m
631,59,0.7627118644067796,19,14,5,0.23728813559322037,True,False,xes3g5m
632,56,0.6428571428571429,20,10,10,0.3571428571428571,True,False,xes3g5m
633,160,0.6125,47,27,20,0.38749999999999996,True,False,xes3g5m
634,423,0.7304964539007093,100,63,37,0.2695035460992907,True,False,xes3g5m
635,2617,0.7871608712265954,784,651,133,0.2128391287734046,True,True,xes3g5m
636,265,0.9735849056603774,88,81,7,0.026415094339622636,True,False,xes3g5m
637,233,0.9098712446351931,69,61,8,0.09012875536480691,True,False,xes3g5m
638,196,0.9642857142857143,59,57,2,0.0357142857142857,True,False,xes3g5m
639,161,0.9006211180124224,45,39,6,0.0993788819875776,True,False,xes3g5m
64,24463,0.8868495278583984,6952,6183,769,0.11315047214160157,True,True,xes3g5m
640,415,0.8674698795180723,124,102,22,0.1325301204819277,True,False,xes3g5m
641,83,0.9759036144578314,26,25,1,0.02409638554216864,True,False,xes3g5m
642,33,1.0,7,7,0,0.0,True,False,xes3g5m
643,1084,0.8247232472324724,330,267,63,0.17527675276752763,True,True,xes3g5m
644,1410,0.7049645390070922,433,310,123,0.2950354609929078,True,True,xes3g5m
645,714,0.40896358543417366,216,91,125,0.5910364145658263,True,True,xes3g5m
646,667,0.7976011994002998,208,179,29,0.20239880059970017,True,True,xes3g5m
647,509,0.8467583497053045,172,139,33,0.1532416502946955,True,True,xes3g5m
648,230,0.8869565217391304,78,64,14,0.11304347826086958,True,False,xes3g5m
649,942,0.7165605095541401,285,221,64,0.2834394904458599,True,True,xes3g5m
65,30450,0.8008866995073891,8944,7220,1724,0.1991133004926109,True,True,xes3g5m
650,942,0.7165605095541401,285,221,64,0.2834394904458599,True,True,xes3g5m
651,199,0.7788944723618091,50,42,8,0.2211055276381909,True,False,xes3g5m
652,191,0.9476439790575916,41,39,2,0.05235602094240843,True,False,xes3g5m
653,340,0.5852941176470589,89,57,32,0.41470588235294115,True,False,xes3g5m
654,415,0.8024096385542169,104,82,22,0.19759036144578312,True,False,xes3g5m
655,536,0.42723880597014924,160,79,81,0.5727611940298507,True,True,xes3g5m
656,450,0.84,141,123,18,0.16000000000000003,True,False,xes3g5m
657,1228,0.8371335504885994,414,356,58,0.1628664495114006,True,True,xes3g5m
658,1335,0.7588014981273409,449,353,96,0.24119850187265912,True,True,xes3g5m
659,1831,0.9328235936646642,549,511,38,0.06717640633533584,True,True,xes3g5m
66,16295,0.8432034366370053,4747,4043,704,0.15679656336299475,True,True,xes3g5m
660,375,0.9173333333333333,98,83,15,0.08266666666666667,True,False,xes3g5m
661,120,0.8083333333333333,31,22,9,0.19166666666666665,True,False,xes3g5m
662,66,0.9545454545454546,17,16,1,0.045454545454545414,True,False,xes3g5m
663,59,0.864406779661017,16,13,3,0.13559322033898302,True,False,xes3g5m
664,50,0.94,17,15,2,0.06000000000000005,True,False,xes3g5m
665,202,0.8366336633663366,73,62,11,0.1633663366336634,True,False,xes3g5m
666,71,0.8450704225352113,26,20,6,0.15492957746478875,True,False,xes3g5m
667,22,0.8636363636363636,13,11,2,0.13636363636363635,True,False,xes3g5m
668,70,0.7857142857142857,26,19,7,0.2142857142857143,True,False,xes3g5m
669,24,0.7083333333333334,12,8,4,0.29166666666666663,True,False,xes3g5m
67,19048,0.8373057538849223,5417,4537,880,0.16269424611507766,True,True,xes3g5m
670,80,0.85,29,22,7,0.15000000000000002,True,False,xes3g5m
671,93,0.8494623655913979,27,22,5,0.15053763440860213,True,False,xes3g5m
672,45,0.7555555555555555,13,11,2,0.24444444444444446,True,False,xes3g5m
673,45,0.8,15,12,3,0.19999999999999996,True,False,xes3g5m
674,42,0.8095238095238095,15,13,2,0.19047619047619047,True,False,xes3g5m
675,82,0.7804878048780488,33,26,7,0.2195121951219512,True,False,xes3g5m
676,57,0.8771929824561403,19,19,0,0.1228070175438597,True,False,xes3g5m
677,48,0.7708333333333334,19,19,0,0.22916666666666663,True,False,xes3g5m
678,76,0.8421052631578947,27,22,5,0.1578947368421053,True,False,xes3g5m
679,209,0.9760765550239234,58,58,0,0.02392344497607657,True,False,xes3g5m
68,7246,0.9590118686171681,2138,2072,66,0.04098813138283186,True,True,xes3g5m
680,281,0.9288256227758007,76,69,7,0.07117437722419928,True,False,xes3g5m
681,660,0.8590909090909091,188,162,26,0.14090909090909087,True,True,xes3g5m
682,248,0.6733870967741935,60,42,18,0.3266129032258065,True,False,xes3g5m
683,100,0.86,33,27,6,0.14,True,False,xes3g5m
684,158,0.4873417721518987,44,23,21,0.5126582278481013,True,False,xes3g5m
685,114,0.3684210526315789,35,14,21,0.631578947368421,True,False,xes3g5m
686,49,0.8571428571428571,17,14,3,0.1428571428571429,True,False,xes3g5m
687,191,0.5287958115183246,49,27,22,0.47120418848167545,True,False,xes3g5m
688,158,0.6708860759493671,51,36,15,0.3291139240506329,True,False,xes3g5m
689,339,0.6519174041297935,77,54,23,0.3480825958702065,True,False,xes3g5m
69,9072,0.7847222222222222,2584,2031,553,0.2152777777777778,True,True,xes3g5m
690,206,0.8883495145631068,60,55,5,0.11165048543689315,True,False,xes3g5m
691,217,0.7327188940092166,69,48,21,0.26728110599078336,True,False,xes3g5m
692,210,0.7571428571428571,58,49,9,0.24285714285714288,True,False,xes3g5m
693,192,0.6614583333333334,54,36,18,0.33854166666666663,True,False,xes3g5m
694,153,0.934640522875817,40,39,1,0.065359477124183,True,False,xes3g5m
695,400,0.78,106,79,27,0.21999999999999997,True,False,xes3g5m
696,586,0.9010238907849829,158,140,18,0.0989761092150171,True,False,xes3g5m
697,103,0.970873786407767,29,26,3,0.029126213592232997,True,False,xes3g5m
698,381,0.8792650918635171,107,93,14,0.12073490813648291,True,False,xes3g5m
699,160,0.71875,40,27,13,0.28125,True,False,xes3g5m
7,11934,0.8055136584548349,3542,2830,712,0.1944863415451651,True,True,xes3g5m
70,186,0.9731182795698925,52,52,0,0.026881720430107503,True,False,xes3g5m
700,247,0.8299595141700404,73,59,14,0.17004048582995956,True,False,xes3g5m
701,29,1.0,14,12,2,0.0,True,False,xes3g5m
702,238,0.40756302521008403,69,35,34,0.592436974789916,True,False,xes3g5m
703,202,0.8514851485148515,47,42,5,0.14851485148514854,True,False,xes3g5m
704,247,0.8744939271255061,61,54,7,0.1255060728744939,True,False,xes3g5m
705,149,0.959731543624161,43,38,5,0.04026845637583898,True,False,xes3g5m
706,45,0.8444444444444444,15,9,6,0.15555555555555556,True,False,xes3g5m
707,60,0.016666666666666666,23,0,23,0.9833333333333333,True,False,xes3g5m
708,30,0.7666666666666667,15,14,1,0.23333333333333328,True,False,xes3g5m
709,284,0.9929577464788732,81,79,2,0.007042253521126751,True,False,xes3g5m
71,2786,0.7803302225412778,822,633,189,0.21966977745872218,True,True,xes3g5m
710,46,0.43478260869565216,17,10,7,0.5652173913043479,True,False,xes3g5m
711,62,0.9193548387096774,19,17,2,0.08064516129032262,True,False,xes3g5m
712,100,0.39,32,15,17,0.61,True,False,xes3g5m
713,672,0.6770833333333334,180,123,57,0.32291666666666663,True,True,xes3g5m
714,107,0.897196261682243,39,35,4,0.10280373831775702,True,False,xes3g5m
715,82,0.9024390243902439,33,30,3,0.09756097560975607,True,False,xes3g5m
716,42,0.7380952380952381,15,14,1,0.26190476190476186,True,False,xes3g5m
717,25,0.96,7,6,1,0.040000000000000036,True,False,xes3g5m
718,21,0.9523809523809523,10,10,0,0.04761904761904767,True,False,xes3g5m
719,108,0.9629629629629629,21,19,2,0.03703703703703709,True,False,xes3g5m
72,3760,0.848404255319149,1078,914,164,0.15159574468085102,True,True,xes3g5m
720,103,0.5339805825242718,30,17,13,0.46601941747572817,True,False,xes3g5m
721,192,0.7239583333333334,46,34,12,0.27604166666666663,True,False,xes3g5m
722,51,0.49019607843137253,11,7,4,0.5098039215686274,True,False,xes3g5m
723,65,0.8615384615384616,22,19,3,0.1384615384615384,True,False,xes3g5m
725,46,0.7391304347826086,12,9,3,0.26086956521739135,True,False,xes3g5m
726,46,0.9565217391304348,22,22,0,0.04347826086956519,True,False,xes3g5m
727,81,0.9012345679012346,20,16,4,0.09876543209876543,True,False,xes3g5m
728,101,0.9603960396039604,31,27,4,0.03960396039603964,True,False,xes3g5m
729,47,0.9148936170212766,14,13,1,0.08510638297872342,True,False,xes3g5m
73,54222,0.8356386706502895,15354,12914,2440,0.16436132934971048,True,True,xes3g5m
730,44,0.38636363636363635,10,6,4,0.6136363636363636,True,False,xes3g5m
731,24,0.875,10,10,0,0.125,True,False,xes3g5m
732,80,0.9875,29,28,1,0.012499999999999956,True,False,xes3g5m
733,98,0.9387755102040817,36,33,3,0.061224489795918324,True,False,xes3g5m
734,142,0.9084507042253521,60,55,5,0.09154929577464788,True,False,xes3g5m
735,45,0.9111111111111111,26,24,2,0.0888888888888889,True,False,xes3g5m
736,46,0.8478260869565217,26,22,4,0.15217391304347827,True,False,xes3g5m
737,30,0.8666666666666667,15,14,1,0.1333333333333333,True,False,xes3g5m
738,29,0.9310344827586207,15,15,0,0.06896551724137934,True,False,xes3g5m
739,9,1.0,2,2,0,0.0,True,False,xes3g5m
74,5299,0.5631251179467824,1528,867,661,0.43687488205321756,True,True,xes3g5m
740,50,0.24,14,3,11,0.76,True,False,xes3g5m
741,184,0.46195652173913043,53,26,27,0.5380434782608696,True,False,xes3g5m
742,184,0.46195652173913043,53,26,27,0.5380434782608696,True,False,xes3g5m
743,31,0.22580645161290322,4,0,4,0.7741935483870968,True,False,xes3g5m
744,61,0.32786885245901637,19,7,12,0.6721311475409837,True,False,xes3g5m
745,29,0.6206896551724138,11,6,5,0.3793103448275862,True,False,xes3g5m
746,37,0.918918918918919,15,13,2,0.08108108108108103,True,False,xes3g5m
747,37,0.7837837837837838,15,11,4,0.21621621621621623,True,False,xes3g5m
748,46,0.8260869565217391,13,12,1,0.17391304347826086,True,False,xes3g5m
749,46,0.8913043478260869,12,10,2,0.10869565217391308,True,False,xes3g5m
75,307,0.9446254071661238,102,95,7,0.055374592833876246,True,False,xes3g5m
750,61,0.29508196721311475,13,4,9,0.7049180327868853,True,False,xes3g5m
751,72,0.7777777777777778,20,17,3,0.2222222222222222,True,False,xes3g5m
752,16,0.875,2,2,0,0.125,True,False,xes3g5m
753,16,1.0,2,2,0,0.0,True,False,xes3g5m
754,29,0.896551724137931,10,9,1,0.10344827586206895,True,False,xes3g5m
755,44,0.5681818181818182,15,5,10,0.43181818181818177,True,False,xes3g5m
756,55,0.6727272727272727,16,12,4,0.32727272727272727,True,False,xes3g5m
757,21,0.7619047619047619,4,2,2,0.23809523809523814,True,False,xes3g5m
758,41,0.7560975609756098,11,10,1,0.24390243902439024,True,False,xes3g5m
759,33,0.9090909090909091,11,11,0,0.09090909090909094,True,False,xes3g5m
76,19408,0.8658285243198681,5503,4739,764,0.13417147568013188,True,True,xes3g5m
760,32,0.78125,13,8,5,0.21875,True,False,xes3g5m
761,54,0.8148148148148148,10,8,2,0.18518518518518523,True,False,xes3g5m
762,43,0.9534883720930233,9,9,0,0.046511627906976716,True,False,xes3g5m
763,62,0.9516129032258065,12,10,2,0.048387096774193505,True,False,xes3g5m
764,52,0.8846153846153846,11,10,1,0.11538461538461542,True,False,xes3g5m
765,143,0.993006993006993,41,40,1,0.006993006993006978,True,False,xes3g5m
766,39,0.8974358974358975,10,10,0,0.10256410256410253,True,False,xes3g5m
767,22,0.9090909090909091,12,10,2,0.09090909090909094,True,False,xes3g5m
768,35,0.4,11,3,8,0.6,True,False,xes3g5m
769,14,0.9285714285714286,10,10,0,0.0714285714285714,True,False,xes3g5m
77,18625,0.8176107382550336,5304,4309,995,0.1823892617449664,True,True,xes3g5m
770,44,0.4772727272727273,14,8,6,0.5227272727272727,True,False,xes3g5m
771,44,1.0,14,13,1,0.0,True,False,xes3g5m
772,93,0.8602150537634409,29,25,4,0.13978494623655913,True,False,xes3g5m
773,122,0.860655737704918,36,32,4,0.139344262295082,True,False,xes3g5m
774,9,0.4444444444444444,2,1,1,0.5555555555555556,True,False,xes3g5m
775,46,0.9565217391304348,18,18,0,0.04347826086956519,True,False,xes3g5m
776,21,1.0,4,4,0,0.0,True,False,xes3g5m
777,21,0.7619047619047619,9,6,3,0.23809523809523814,True,False,xes3g5m
778,23,0.08695652173913043,8,2,6,0.9130434782608696,True,False,xes3g5m
779,29,0.7586206896551724,10,3,7,0.24137931034482762,True,False,xes3g5m
78,97596,0.812195171933276,27722,22581,5141,0.18780482806672405,True,True,xes3g5m
780,63,0.6984126984126984,16,11,5,0.3015873015873016,True,False,xes3g5m
781,40,0.625,6,6,0,0.375,True,False,xes3g5m
782,6,0.5,2,1,1,0.5,True,False,xes3g5m
783,89,0.9325842696629213,27,27,0,0.0674157303370787,True,False,xes3g5m
784,15,0.5333333333333333,4,0,4,0.4666666666666667,True,False,xes3g5m
785,75,0.49333333333333335,24,13,11,0.5066666666666666,True,False,xes3g5m
786,205,0.526829268292683,53,22,31,0.47317073170731705,True,False,xes3g5m
787,11,1.0,1,1,0,0.0,True,False,xes3g5m
788,16,1.0,8,8,0,0.0,True,False,xes3g5m
79,1245,0.8240963855421687,411,322,89,0.17590361445783131,True,True,xes3g5m
796,9,0.6666666666666666,2,2,0,0.33333333333333337,True,False,xes3g5m
797,11,1.0,2,1,1,0.0,True,False,xes3g5m
798,11,0.7272727272727273,3,3,0,0.2727272727272727,True,False,xes3g5m
799,15,0.5333333333333333,5,4,1,0.4666666666666667,True,False,xes3g5m
8,4673,0.8617590413010914,1394,1190,204,0.13824095869890862,True,True,xes3g5m
80,2637,0.8373151308304891,739,647,92,0.16268486916951086,True,True,xes3g5m
800,1,0.0,1,0,1,1.0,True,False,xes3g5m
801,9,0.8888888888888888,1,1,0,0.11111111111111116,True,False,xes3g5m
802,7,0.7142857142857143,1,1,0,0.2857142857142857,True,False,xes3g5m
803,1,1.0,1,0,1,0.0,True,False,xes3g5m
804,10,1.0,5,4,1,0.0,True,False,xes3g5m
805,11,0.9090909090909091,4,3,1,0.09090909090909094,True,False,xes3g5m
806,10,0.9,4,4,0,0.09999999999999998,True,False,xes3g5m
807,7,1.0,2,2,0,0.0,True,False,xes3g5m
808,1,1.0,2,2,0,0.0,True,False,xes3g5m
809,54,0.9259259259259259,7,7,0,0.07407407407407407,True,False,xes3g5m
81,43085,0.8116513867935476,12365,10129,2236,0.18834861320645235,True,True,xes3g5m
810,10,0.7,3,3,0,0.30000000000000004,True,False,xes3g5m
82,7970,0.7623588456712672,2303,1765,538,0.23764115432873278,True,True,xes3g5m
820,56,0.6071428571428571,18,13,5,0.3928571428571429,True,False,xes3g5m
821,143,0.8601398601398601,42,38,4,0.1398601398601399,True,False,xes3g5m
822,77,0.7662337662337663,11,9,2,0.23376623376623373,True,False,xes3g5m
823,77,0.7662337662337663,11,9,2,0.23376623376623373,True,False,xes3g5m
824,138,0.7681159420289855,22,16,6,0.23188405797101452,True,False,xes3g5m
825,16,0.625,7,6,1,0.375,True,False,xes3g5m
826,89,0.7303370786516854,27,22,5,0.2696629213483146,True,False,xes3g5m
827,137,0.6058394160583942,42,30,12,0.3941605839416058,True,False,xes3g5m
828,105,0.4857142857142857,29,15,14,0.5142857142857142,True,False,xes3g5m
83,3777,0.6531638866825523,1070,715,355,0.3468361133174477,True,True,xes3g5m
830,70,0.5571428571428572,18,10,8,0.44285714285714284,True,False,xes3g5m
831,25,0.24,10,2,8,0.76,True,False,xes3g5m
832,74,0.36486486486486486,27,10,17,0.6351351351351351,True,False,xes3g5m
833,15,0.26666666666666666,5,0,5,0.7333333333333334,True,False,xes3g5m
834,15,0.26666666666666666,5,0,5,0.7333333333333334,True,False,xes3g5m
836,35,0.0,9,1,8,1.0,True,False,xes3g5m
838,1,1.0,2,1,1,0.0,True,False,xes3g5m
839,15,0.4,3,2,1,0.6,True,False,xes3g5m
84,1950,0.8343589743589743,544,445,99,0.16564102564102567,True,True,xes3g5m
841,3,0.3333333333333333,2,1,1,0.6666666666666667,True,False,xes3g5m
844,5,0.0,1,0,1,1.0,True,False,xes3g5m
845,5,1.0,1,1,0,0.0,True,False,xes3g5m
846,4,0.25,1,0,1,0.75,True,False,xes3g5m
848,6,0.6666666666666666,1,1,0,0.33333333333333337,True,False,xes3g5m
849,13,0.5384615384615384,2,1,1,0.46153846153846156,True,False,xes3g5m
85,1590,0.6553459119496855,426,285,141,0.3446540880503145,True,True,xes3g5m
850,6,1.0,2,1,1,0.0,True,False,xes3g5m
858,5,0.8,1,1,0,0.19999999999999996,True,False,xes3g5m
859,9,0.7777777777777778,1,1,0,0.2222222222222222,True,False,xes3g5m
86,7861,0.723953695458593,2080,1485,595,0.276046304541407,True,True,xes3g5m
87,7238,0.7105554020447638,1983,1460,523,0.28944459795523625,True,True,xes3g5m
88,35167,0.8080018198879632,9375,7595,1780,0.19199818011203684,True,True,xes3g5m
89,813,0.7047970479704797,236,162,74,0.2952029520295203,True,True,xes3g5m
9,24243,0.7949098708905663,7120,5704,1416,0.2050901291094337,True,True,xes3g5m
90,122,0.5327868852459017,28,19,9,0.4672131147540983,True,False,xes3g5m
91,26482,0.7614983762555698,7206,5572,1634,0.23850162374443018,True,True,xes3g5m
92,5250,0.8262857142857143,1441,1212,229,0.1737142857142857,True,True,xes3g5m
93,3338,0.7273816656680647,920,700,220,0.2726183343319353,True,True,xes3g5m
94,896,0.9408482142857143,259,245,14,0.0591517857142857,True,False,xes3g5m
95,1217,0.9597370583401807,316,302,14,0.04026294165981925,True,False,xes3g5m
96,2892,0.8938450899031812,808,722,86,0.10615491009681877,True,True,xes3g5m
97,1375,0.8967272727272727,368,330,38,0.1032727272727273,True,True,xes3g5m
98,5311,0.7765016004518923,1362,1072,290,0.22349839954810768,True,True,xes3g5m
99,10860,0.7831491712707183,3111,2475,636,0.21685082872928174,True,True,xes3g5m
