AUC,ACC,NLL,RMSE,ECE,Brier,REL,RES,n_events,n_pos,n_neg,kc_id,dataset,model,level,seed
0.6140641026485776,0.6507224713502741,0.6663454192258391,0.4797382707569518,0.1096685193534746,0.2301488084288704,0.014700443234395363,0.011202269549673825,2007,1314,693,1,assist2012,dkt,full,42
0.6737197392923648,0.6468401486988847,0.6437677833995081,0.4707733733935114,0.11581005802772747,0.2216275690963065,0.02183855155315474,0.02334909195618195,538,358,180,101,assist2012,dkt,full,42
0.6739246218897382,0.78687761749651,0.5235673296896989,0.4027958199463192,0.0890984707761152,0.1622444725662276,0.014825434831414165,0.01179233817212637,2149,1720,429,103,assist2012,dkt,full,42
0.7234474616292799,0.7156133828996283,0.7498186573167204,0.4679763504206159,0.15960070302884777,0.21900186455299908,0.034664564408270385,0.03498388287593918,538,363,175,105,assist2012,dkt,full,42
0.6161664213310355,0.736764705882353,0.58287909189311,0.4358548219239724,0.08894743460833147,0.1899694257943777,0.0158840538161236,0.007214546692760161,1360,1038,322,106,assist2012,dkt,full,42
0.6624571455970847,0.6696944673823286,0.6862802650988183,0.47724758053629696,0.11741195167211044,0.22776525312774923,0.02018661239264801,0.02008710617052425,1211,787,424,11,assist2012,dkt,full,42
0.5758736793219551,0.8310991957104558,0.5096088728896335,0.37279750903719494,0.10631031694824512,0.13897798274433745,0.020421319762940215,0.005468858362998644,373,319,54,110,assist2012,dkt,full,42
0.6409625819767635,0.6290046466128638,0.6719253156343565,0.48415431031643474,0.09862360457679507,0.2344053961979826,0.012070389229649543,0.014372931263389045,4089,2508,1581,12,assist2012,dkt,full,42
0.6378563881761345,0.6700052714812862,0.6376930106539435,0.46619050145961227,0.0856806995837105,0.21733358365116476,0.011044290289448653,0.01172974475149042,3794,2569,1225,13,assist2012,dkt,full,42
0.7267918414029737,0.8466898954703833,0.4378798335233437,0.3595515222523833,0.11352907402849777,0.12927729715400607,0.029782853565848696,0.027543053549002387,287,244,43,14,assist2012,dkt,full,42
0.6884683977742901,0.7726623840114204,0.5288635664076904,0.40962380461699277,0.0716959271715591,0.16779166130890028,0.0069912328336753544,0.01800557307614819,2802,2150,652,15,assist2012,dkt,full,42
0.6664400193162767,0.7095687331536388,0.6302449845455305,0.45271813355047336,0.11493865793226968,0.2049537084454242,0.0212927661954117,0.015698041132456503,1484,1076,408,16,assist2012,dkt,full,42
0.6670602526724976,0.6267496111975117,0.6929542500308611,0.4902820511426266,0.11940903499835456,0.24037648967262112,0.016340802282720262,0.025010312228921198,643,343,300,166,assist2012,dkt,full,42
0.6165619484281972,0.5786255096097845,0.711697279504266,0.5030313233207299,0.12142301487004689,0.2530405122418046,0.019787019586935697,0.013614694875803336,3434,1535,1899,17,assist2012,dkt,full,42
0.5934678462832373,0.7002017145738779,0.6261241739642702,0.4576612130544184,0.10775980667764837,0.20945378593444178,0.018203169174810026,0.005407253596738221,3966,2900,1066,18,assist2012,dkt,full,42
0.5111818006554848,0.5687022900763359,0.8021743030034064,0.5268659851438212,0.18007620381376213,0.2775877663015693,0.06371866599362304,0.013126279536925913,262,171,91,181,assist2012,dkt,full,42
0.5137387387387388,0.625,0.7309486042315514,0.5050450097225648,0.20587899869021314,0.2550704618456656,0.07528788980858671,0.024180146776300624,104,74,30,192,assist2012,dkt,full,42
0.5678879310344828,0.5792349726775956,0.8705139421846738,0.5388136552338884,0.2076667584039912,0.2903201550665035,0.07550829339391815,0.034150492932795366,183,87,96,203,assist2012,dkt,full,42
0.7220871335320624,0.7005297600498598,0.6027901757514408,0.45165851520897604,0.06495644249098627,0.20399541436077687,0.005932168416921498,0.03344511536702011,3209,2038,1171,21,assist2012,dkt,full,42
0.6283739959087961,0.5855421686746988,0.7447996520772264,0.5089845261591791,0.174627800595509,0.2590652478694841,0.053999663214262056,0.02775948624036132,415,262,153,217,assist2012,dkt,full,42
0.7162464776055213,0.7417043740573153,0.552743714613823,0.4246877338973571,0.06260057452287902,0.18035967132287237,0.005199106556245391,0.02782453280189333,2652,1901,751,22,assist2012,dkt,full,42
0.8023548387096774,0.8491803278688524,0.38752006151871865,0.34348476017317947,0.07001623437622861,0.11798178047122664,0.01041863563382431,0.02084687292116471,915,775,140,24,assist2012,dkt,full,42
0.6033049864708155,0.6084507042253521,0.7755074598025531,0.5148154610896992,0.17989697629507154,0.2650349589769996,0.04616729886384085,0.02721000291525006,355,199,156,240,assist2012,dkt,full,42
0.6858637173952249,0.8027105517909003,0.4775071898463295,0.38525428409990925,0.05553697698568382,0.1484208634173336,0.005568616063951032,0.012295252058482213,5165,4174,991,25,assist2012,dkt,full,42
0.6596481526774922,0.7835365853658537,0.5326081881457977,0.4028170336495406,0.08443305135715934,0.1622615625982151,0.011823575205874442,0.013724473136096888,1312,1041,271,26,assist2012,dkt,full,42
0.6749803119013902,0.7142181588902901,0.5948347918816608,0.44644054377789694,0.06197745935089445,0.1993091591287043,0.00546526995138215,0.019666316901972278,6344,4385,1959,27,assist2012,dkt,full,42
0.6940383479129378,0.7178720445062587,0.5705244310040777,0.43832616358343973,0.022458148449503917,0.19212982568177636,0.0010009391974481227,0.024412465075314527,28760,19702,9058,280,assist2012,dkt,full,42
0.641755634638197,0.6682464454976303,0.6656871821333918,0.47324145424479563,0.11419792919115151,0.22395747401572902,0.02016154802172099,0.019104580474549392,422,281,141,287,assist2012,dkt,full,42
0.7897026431718062,0.7654723127035831,0.5234010239071849,0.4000784835761071,0.12965000075279018,0.1600627930205574,0.03016378239233703,0.06245689192156017,307,227,80,290,assist2012,dkt,full,42
0.6060191141103863,0.6073667711598746,0.7337485909998938,0.5067286385645561,0.12010184429915473,0.2567739131414885,0.021467532705511858,0.01010832944334895,2552,1458,1094,294,assist2012,dkt,full,42
0.5861332674345106,0.6374045801526718,0.6865089758373204,0.4871410779055998,0.11374081411036369,0.23730642978302963,0.02126211524795969,0.006462207947120827,2096,1393,703,1,assist2012,dkt,full,2024
0.7025967876590283,0.6585365853658537,0.6458380265692166,0.47082544156559064,0.08092258562324145,0.2216765964254334,0.013329421968853948,0.034304858181720826,574,333,241,101,assist2012,dkt,full,2024
0.6542854507582454,0.780362959516054,0.5517178242445784,0.41582285292235505,0.09839656069812361,0.1729086450124865,0.015997390619002457,0.012225969499647785,2149,1686,463,103,assist2012,dkt,full,2024
0.7603976977107182,0.782258064516129,0.4909920820577847,0.39298904355695574,0.1009757819360182,0.15444038835581086,0.02012539899506159,0.024815005266818436,620,496,124,105,assist2012,dkt,full,2024
0.6179860945727819,0.7394757744241461,0.6062259522149103,0.4426803198849884,0.09806196898150957,0.19596586561347565,0.015732545070647634,0.011042485725264499,1259,936,323,106,assist2012,dkt,full,2024
0.6013658822831709,0.6553156146179402,0.7188926058115798,0.4909673914079135,0.14568117708184347,0.24104897942589135,0.027581043239048725,0.008240231961170696,1204,807,397,11,assist2012,dkt,full,2024
0.4920515764373399,0.8123456790123457,0.6718286696699808,0.3992099456803091,0.14209963348176746,0.15936858073007534,0.025255610495846008,0.005220268312771721,405,338,67,110,assist2012,dkt,full,2024
0.6577229302734106,0.6488333726137168,0.6462176791444879,0.47369858730769265,0.07033495114725097,0.22439035161730372,0.0071817364300949356,0.018935268391259894,4243,2621,1622,12,assist2012,dkt,full,2024
0.6399738182724117,0.68675,0.625496750723352,0.46066952080832785,0.0686100587854162,0.21221640740177442,0.006983793986416827,0.013684220734087293,4000,2707,1293,13,assist2012,dkt,full,2024
0.6308785428279815,0.7924528301886793,0.5375878047825022,0.39580639006129326,0.12560452354497878,0.15666269841335262,0.04029423697982799,0.00950479096348826,318,271,47,14,assist2012,dkt,full,2024
0.6883165515772822,0.7712396694214876,0.527491248024531,0.40936173039028284,0.07101542105728934,0.16757702630812663,0.007735380882115378,0.01953345861726621,3025,2315,710,15,assist2012,dkt,full,2024
0.6887712092615923,0.7341944255608429,0.5753448698696372,0.43190704244168865,0.0894995819255558,0.18654369331072662,0.011500288156508129,0.0215512861552143,1471,1073,398,16,assist2012,dkt,full,2024
0.6197172034564022,0.5723793677204659,0.7418372794786426,0.5106182176335933,0.15267435262931164,0.2607309641793076,0.03427953964906638,0.020618932701259102,601,335,266,166,assist2012,dkt,full,2024
0.6267937948092509,0.5817139216310927,0.731678277005345,0.5085256967566055,0.13486029070392747,0.2585983842617911,0.025529848131863025,0.016329614869478905,3139,1487,1652,17,assist2012,dkt,full,2024
0.6271235765219242,0.7263045793397231,0.5827722540597672,0.44020097624252424,0.07708944863995837,0.1937768994848714,0.010012934919360244,0.007877093997993526,3756,2784,972,18,assist2012,dkt,full,2024
0.5578373015873016,0.6129032258064516,0.7658772086903628,0.5125178968948586,0.15800614982482888,0.26267459463752896,0.05557147785074529,0.011443677018035992,372,252,120,181,assist2012,dkt,full,2024
0.6194523979957051,0.7368421052631579,0.6337509849740256,0.4563976783078296,0.17533769279892683,0.20829884076477714,0.0456243889176058,0.026971711535307974,171,127,44,192,assist2012,dkt,full,2024
0.583373552123552,0.5426008968609866,0.8457672757524287,0.5325734808993221,0.1890372862536126,0.28363451255722055,0.050781058051506116,0.01736397116107834,223,112,111,203,assist2012,dkt,full,2024
0.7045452472496633,0.6971770744225834,0.6105250674580365,0.45584574244579734,0.055430331123216846,0.20779534090596022,0.004735289517268382,0.028417733308639247,3507,2227,1280,21,assist2012,dkt,full,2024
0.5867604617604617,0.578125,0.825615882075254,0.5293976618187024,0.1998123274097452,0.28026188433910915,0.06451077086679834,0.009803711842583796,384,252,132,217,assist2012,dkt,full,2024
0.7274239879302271,0.758547761720127,0.5426022770357803,0.41798594181510224,0.06832668355150379,0.17471224755505801,0.0061421631198304875,0.03209146615583172,2837,2049,788,22,assist2012,dkt,full,2024
0.75424197540123,0.8561967833491012,0.3565536600725197,0.3220791697417273,0.06967769747171747,0.10373499158152039,0.01766854862066785,0.008948139444758594,1057,944,113,24,assist2012,dkt,full,2024
0.5687435300207039,0.569060773480663,0.8048933630968966,0.527858611021657,0.17720500770853373,0.278634713229713,0.04868575090464051,0.00759079401731084,362,224,138,240,assist2012,dkt,full,2024
0.6540358922319264,0.81972408650261,0.47044571760974496,0.3772318664901475,0.05770487305923527,0.1423038810956405,0.006423125524208114,0.00855814195829826,5364,4424,940,25,assist2012,dkt,full,2024
0.6424788285109386,0.7874074074074074,0.5378995050816124,0.4040691710841148,0.10442592367115947,0.1632718950206036,0.018675063638121214,0.010839894205410568,1350,1090,260,26,assist2012,dkt,full,2024
0.7020481715893109,0.7115565299091763,0.5765896073726476,0.4400858678526925,0.05638090956103286,0.19367557108365752,0.004360633117654876,0.023669554223445126,6386,4424,1962,27,assist2012,dkt,full,2024
0.6974222992661919,0.7253454414791102,0.5666027462940347,0.43638688210910215,0.021867439279192952,0.19043351087690344,0.0006611127462537512,0.026521246279393874,30613,20915,9698,280,assist2012,dkt,full,2024
0.725606150206978,0.6717724288840262,0.6117824987285706,0.4572965812424881,0.08383701525218948,0.20912016321606755,0.010072268392897252,0.04338179636218921,457,267,190,287,assist2012,dkt,full,2024
0.7578636959370904,0.735593220338983,0.5479940799440265,0.4249099031540493,0.1124256846131915,0.18054842579838354,0.028674347724988423,0.04034540512025191,295,218,77,290,assist2012,dkt,full,2024
0.6193288461468646,0.6011560693641619,0.7028356892679478,0.4981808307364035,0.10972081616319905,0.2481841401132131,0.015728583886935307,0.013302822986838984,2595,1473,1122,294,assist2012,dkt,full,2024
0.610324516375009,0.6455633100697906,0.6872585507585205,0.4839595714580554,0.11487095633076908,0.23421686680586465,0.018810514812995217,0.009837017043179398,2006,1321,685,1,assist2012,dkt,full,2025
0.6853247616936378,0.6630630630630631,0.6447080337093962,0.4707619163368922,0.0846913510547565,0.2216167818731831,0.013317968014709691,0.025256815869496355,555,347,208,101,assist2012,dkt,full,2025
0.6673360897814531,0.7894736842105263,0.5373181314069879,0.4047533450899288,0.09006594897937589,0.16382527036148695,0.014168377354208225,0.013134799583520729,2128,1693,435,103,assist2012,dkt,full,2025
0.7938230240549828,0.7639405204460966,0.5187156809712725,0.4048031396031034,0.08999321090929957,0.1638655818325296,0.013555312295375781,0.04988971921566357,538,388,150,105,assist2012,dkt,full,2025
0.6174287425623965,0.7071977638015374,0.6297070079485574,0.45281776755977265,0.09783490001894977,0.20504393061781628,0.015625534269150348,0.008761125746271598,1431,1044,387,106,assist2012,dkt,full,2025
0.6454719024568826,0.6613876319758673,0.6647434838787214,0.4757233253352514,0.10181289169302443,0.22631268226802947,0.016838772448014416,0.014294201858227338,1326,878,448,11,assist2012,dkt,full,2025
0.5315384615384615,0.8821428571428571,0.34556610182864694,0.30972869061634056,0.09162858426570893,0.0959318617909128,0.03411659473312937,0.004609462455868422,280,260,20,110,assist2012,dkt,full,2025
0.6365935942619285,0.6335373317013464,0.6827064535763518,0.48534261720453853,0.10939646204796732,0.23555745607495124,0.01611039202821423,0.01583923206680794,4085,2528,1557,12,assist2012,dkt,full,2025
0.6422330102307745,0.6624359287283378,0.6455811698350846,0.4690592433276656,0.0837119826455963,0.22001657375112216,0.01197682457315809,0.01346748427538515,4097,2739,1358,13,assist2012,dkt,full,2025
0.6376512651265126,0.7734375,0.6517182167272031,0.41370642981607086,0.12987452992820178,0.17115301007115957,0.025388767283235775,0.020806326079963692,256,202,54,14,assist2012,dkt,full,2025
0.6886856514152605,0.7725669957686883,0.5123561616691766,0.40557677235675094,0.06490356582466497,0.16449251827531977,0.00675104681265448,0.015570386210191368,2836,2202,634,15,assist2012,dkt,full,2025
0.6809091915836102,0.7087837837837838,0.6273477063192532,0.44964952380221573,0.09675877790747062,0.20218469425555935,0.014259640044765255,0.018051043801246787,1480,1050,430,16,assist2012,dkt,full,2025
0.6812535668426309,0.6388059701492538,0.6856574446382796,0.4860035562086434,0.10741062506454747,0.23619945664744801,0.017314235205473632,0.0320647990627017,670,344,326,166,assist2012,dkt,full,2025
0.6337978180767492,0.5906921241050119,0.7080116115504411,0.49952659280550815,0.10991130801135018,0.24952681691987993,0.018064215240278913,0.016973611612915253,3352,1564,1788,17,assist2012,dkt,full,2025
0.5855107904387478,0.7044140830267998,0.6380594020657431,0.45975911834455685,0.10801775736197892,0.21137844690096422,0.016458758907792956,0.005056733210215977,3806,2753,1053,18,assist2012,dkt,full,2025
0.5455771116402858,0.5798319327731093,0.7518311873271907,0.5152780135979567,0.15479002124956012,0.265511431297456,0.052740753141897696,0.011269282027970897,357,236,121,181,assist2012,dkt,full,2025
0.45411789297658867,0.5533333333333333,0.8435066858772893,0.5444391905038254,0.22251660143335658,0.29641403215646067,0.09707660974900788,0.015185680307458895,150,104,46,192,assist2012,dkt,full,2025
0.5862448620082208,0.5404255319148936,0.8548148963495875,0.5380668345296181,0.20668067498568526,0.28951591842072344,0.06506686292529792,0.021823715810869036,235,104,131,203,assist2012,dkt,full,2025
0.7048354512176503,0.6845774034272437,0.6281288089615711,0.4628589842860899,0.06961315901121737,0.21423843933435083,0.006958930274997982,0.030082523356892713,3443,2105,1338,21,assist2012,dkt,full,2025
0.7416067146282973,0.6784741144414169,0.6551512278945462,0.46671852113914325,0.14876258848311144,0.21782617797430892,0.028574979142806572,0.045735544681954135,367,228,139,217,assist2012,dkt,full,2025
0.7236205144413252,0.748780487804878,0.5457151066592106,0.42100225559948473,0.05619141092290289,0.17724289921985387,0.0039077708305861525,0.03144359264355169,2870,2043,827,22,assist2012,dkt,full,2025
0.7967708333333334,0.8444924406047516,0.36926806325313044,0.33508594615199966,0.06599113475893413,0.1122825913085808,0.013639445722515048,0.018340322709314055,926,800,126,24,assist2012,dkt,full,2025
0.5256477285930058,0.5488126649076517,0.8752002733839345,0.5521455241381636,0.2373171861905182,0.3048646798258074,0.07902615034240006,0.013546169287346534,379,228,151,240,assist2012,dkt,full,2025
0.6844788546569676,0.7965420184961801,0.47977252757463484,0.3894063467647262,0.05892408547071413,0.1516373029006502,0.006035875058205952,0.012638553713470165,4974,3990,984,25,assist2012,dkt,full,2025
0.644586367565825,0.7777777777777778,0.570833437279447,0.41309729331571055,0.08520735142870794,0.17064937374476621,0.011681389783296707,0.013146102000387148,1260,982,278,26,assist2012,dkt,full,2025
0.6718041489898405,0.7097505668934241,0.5966921434246202,0.44707146035892803,0.07322342949579999,0.19987289066746458,0.008078927167043493,0.016269066125249667,6174,4346,1828,27,assist2012,dkt,full,2025
0.6871243365408279,0.726202766880033,0.5651548831301928,0.43554855254675134,0.02768730654862807,0.18970254162557024,0.0009723068878991687,0.02219959536172979,29058,20253,8805,280,assist2012,dkt,full,2025
0.5892592592592593,0.5970873786407767,0.7252666626393075,0.5073447346026945,0.13323668451093643,0.2573986797290785,0.032525491357652474,0.013984366612325914,412,250,162,287,assist2012,dkt,full,2025
0.7313026757221177,0.7288629737609329,0.6225463928140187,0.44344312243684314,0.11748691247748996,0.19664180283653704,0.01887689010617615,0.028676572494217442,343,242,101,290,assist2012,dkt,full,2025
0.6248417162170503,0.608424336973479,0.7036807199362842,0.4966671744706517,0.10353007065074143,0.24667828219666074,0.015552711350068348,0.012426112915830049,2564,1481,1083,294,assist2012,dkt,full,2025
0.5844913584639613,0.6711509715994021,0.6419421665737804,0.4728648545845494,0.0719695713577071,0.22360117070126706,0.006928123710386934,0.008719474028071062,2007,1314,693,1,assist2012,dkt,t500,42
0.6759543761638735,0.6970260223048327,0.5999248592050653,0.4533998948706282,0.0530785123322533,0.2055714646686967,0.004128003658902529,0.020217762927380693,538,358,180,101,assist2012,dkt,t500,42
0.6526860736163062,0.7859469520707306,0.49636703218325373,0.40133324432309053,0.061970880977105645,0.16106837299889748,0.009503940072984609,0.008154544434402486,2149,1720,429,103,assist2012,dkt,t500,42
0.8097127115308934,0.7509293680297398,0.5114375749783037,0.41478461791412696,0.09362015540825831,0.17204627925816832,0.01609610123474457,0.064205426786533,538,363,175,105,assist2012,dkt,t500,42
0.6420403547194198,0.7639705882352941,0.5347345117372392,0.420215546611569,0.06287530965226537,0.1765811056140597,0.006706637227691065,0.010356773670079967,1360,1038,322,106,assist2012,dkt,t500,42
0.6448688595334564,0.6763005780346821,0.6215098486216637,0.4640771117137693,0.06165371770016125,0.21536756561659431,0.003979007115280337,0.015881405821351786,1211,787,424,11,assist2012,dkt,t500,42
0.5794728898177174,0.8552278820375335,0.42616773637400657,0.3541361063924556,0.057184810133466116,0.1254123818508086,0.005131320364224012,0.003408143119287527,373,319,54,110,assist2012,dkt,t500,42
0.552872553559161,0.5519686965028124,0.6833041533354831,0.4951289995781274,0.07867718309411854,0.24515272622323725,0.012213621099791806,0.003940734453389476,4089,2508,1581,12,assist2012,dkt,t500,42
0.6549700113599352,0.6808118081180812,0.6066253933807338,0.4555608699387611,0.05115153067674079,0.20753570621936082,0.004720921831798912,0.015372140876082798,3794,2569,1225,13,assist2012,dkt,t500,42
0.6533072817384674,0.8606271777003485,0.41017848699577064,0.3518447371789803,0.061168889862319706,0.12379471908054572,0.007491262150659206,0.011021124742230378,287,244,43,14,assist2012,dkt,t500,42
0.641816949636182,0.7498215560314061,0.5485428891546563,0.4249666987285019,0.09427987263510688,0.1805966950282013,0.0118478275510322,0.01028703371976806,2802,2150,652,15,assist2012,dkt,t500,42
0.6556725617756396,0.7304582210242587,0.5641751624737695,0.4337298681196046,0.04388224375195742,0.18812159849904964,0.00405978628911733,0.014005499680683561,1484,1076,408,16,assist2012,dkt,t500,42
0.6678765792031098,0.6345256609642301,0.6453378695979436,0.47701005060729407,0.07168136248553338,0.22753858838037325,0.006714826653771045,0.028471450701364292,643,343,300,166,assist2012,dkt,t500,42
0.5881952270438924,0.5701805474665114,0.6833141405807213,0.49480811730312313,0.05132154001483893,0.24483507294906126,0.004543750461367573,0.0067564847256704865,3434,1535,1899,17,assist2012,dkt,t500,42
0.5809809471436889,0.7357539082198689,0.6143517551227847,0.4489356437842225,0.0904404056839461,0.2015432122599543,0.010418389277281618,0.0053035471969973364,3966,2900,1066,18,assist2012,dkt,t500,42
0.5332883490778229,0.6526717557251909,0.6552158745129041,0.4809593800687084,0.07425634779092917,0.23132192527607634,0.008324416256877031,0.0036414626803373987,262,171,91,181,assist2012,dkt,t500,42
0.4522522522522523,0.6634615384615384,0.6599813237721203,0.48163967273410624,0.19983830045049006,0.23197677435141698,0.05593001729824444,0.030881124985375992,104,74,30,192,assist2012,dkt,t500,42
0.5902777777777778,0.5737704918032787,0.6817336614423566,0.49436391849922096,0.06731884059358814,0.24439568391390437,0.007474825224949795,0.013777283711441195,183,87,96,203,assist2012,dkt,t500,42
0.642379964282392,0.6276098473044562,0.6448813370967813,0.4757525743002223,0.08677697216296126,0.2263405119532885,0.008987916901565291,0.014279149974020567,3209,2038,1171,21,assist2012,dkt,t500,42
0.7133163698049194,0.6626506024096386,0.5939835804524474,0.45232417924565743,0.06100614512541206,0.2045971631302576,0.006107065770548488,0.03453829928405761,415,262,153,217,assist2012,dkt,t500,42
0.6787982497122896,0.7262443438914027,0.5542879464212797,0.43058809710096213,0.03022615051916822,0.18540610936502758,0.0014029002565827428,0.018747611541717366,2652,1901,751,22,assist2012,dkt,t500,42
0.7632857142857143,0.8524590163934426,0.37287764327365464,0.3381882748729407,0.036531802311621085,0.11437130926153567,0.003406791656386485,0.01780835093535299,915,775,140,24,assist2012,dkt,t500,42
0.638577502899111,0.6169014084507042,0.6533245215546531,0.4802720227526703,0.050758890828616184,0.23066121583894142,0.003980345878060277,0.02069406168627845,355,199,156,240,assist2012,dkt,t500,42
0.6732075260961494,0.8098741529525654,0.45871235184149584,0.3799513413597673,0.02266598707939509,0.14436302180108646,0.0011382205958253336,0.011403264442155399,5165,4174,991,25,assist2012,dkt,t500,42
0.6722070390732724,0.8048780487804879,0.48165428923982095,0.390253176156847,0.04550985780703582,0.1522975415005071,0.002700941587812386,0.013519314090143552,1312,1041,271,26,assist2012,dkt,t500,42
0.6245089907528508,0.6891551071878941,0.6061635892275167,0.4554507641370523,0.053331624855103,0.20743539855302484,0.004040381930847212,0.010386163827706043,6344,4385,1959,27,assist2012,dkt,t500,42
0.6580876992558967,0.7054589707927678,0.5909912180279628,0.4484388711727438,0.03744643985168159,0.2010974211786847,0.0018060816035333077,0.016184656067729397,28760,19702,9058,280,assist2012,dkt,t500,42
0.5704550617096994,0.6303317535545023,0.6548137015790638,0.4783444117284015,0.08494906607679846,0.22881337623179046,0.01855104885290738,0.012263752102540425,422,281,141,287,assist2012,dkt,t500,42
0.7860132158590307,0.7850162866449512,0.4766497678208269,0.3925818039030158,0.060789766451434864,0.15412047275574595,0.006808536563007508,0.04584228726902949,307,227,80,290,assist2012,dkt,t500,42
0.5714870110817704,0.5717084639498433,0.6815619928213446,0.49388267013477083,0.04215284446283566,0.24392009185945085,0.003444436982347092,0.004104518163806489,2552,1458,1094,294,assist2012,dkt,t500,42
0.4977509383902078,0.5889387144992526,0.6670581625772449,0.4870625153034755,0.07624776574528268,0.2372298938137483,0.011280506365017274,0.0009428311027462095,2007,1314,693,1,assist2012,dkt,t100,42
0.6151691495965239,0.5966542750929368,0.6665778886712393,0.4867055612066591,0.15155113108982385,0.23688230330948898,0.026969100159619074,0.012375102976591477,538,358,180,101,assist2012,dkt,t100,42
0.5460630454816502,0.7822242903676129,0.5368565602459989,0.4190950561227616,0.09665026048717526,0.1756406660665407,0.017594763981906954,0.0012352746111454608,2149,1720,429,103,assist2012,dkt,t100,42
0.7412357339630067,0.70817843866171,0.5494275832074118,0.4325469186144532,0.059468336929619094,0.1870968368028584,0.004790484070963867,0.03415760595283341,538,363,175,105,assist2012,dkt,t100,42
0.6681057695759881,0.7610294117647058,0.5225401293607248,0.4141839456073222,0.0440367100650773,0.17154834079884923,0.005165657721503804,0.014046272935588617,1360,1038,322,106,assist2012,dkt,t100,42
0.6440312507492029,0.653179190751445,0.6196055039643291,0.46406285187724733,0.03397550206849829,0.21535433049244398,0.0020830354369769243,0.014235351893681176,1211,787,424,11,assist2012,dkt,t100,42
0.5455125972367353,0.8525469168900804,0.43706080308855744,0.3587239067051179,0.0629667392045499,0.12868284124178211,0.005588918122574815,0.00072276000897694,373,319,54,110,assist2012,dkt,t100,42
0.6401302044715607,0.6290046466128638,0.6933075606093271,0.4863394171710704,0.1013137770073721,0.23652602869429643,0.013631177315953005,0.01377246420627795,4089,2508,1581,12,assist2012,dkt,t100,42
0.586846624987091,0.6779124934106484,0.6269383540354191,0.46549404530418914,0.05511107752526752,0.2166847062136585,0.004075390516922749,0.0061684225233063945,3794,2569,1225,13,assist2012,dkt,t100,42
0.6042222645825391,0.8362369337979094,0.4344319504863699,0.3648934853260323,0.05820491100022186,0.1331472556333793,0.0112163043973223,0.00427394899453917,287,244,43,14,assist2012,dkt,t100,42
0.5408225139106863,0.7012847965738758,0.5807455144340832,0.4439257384411293,0.1059220669462713,0.19707006125050197,0.020726604114171022,0.002079858539595722,2802,2150,652,15,assist2012,dkt,t100,42
0.5670340859392085,0.7163072776280324,0.5888756003842539,0.4465770989158866,0.030400351332525707,0.19943110527612956,0.002556439606331178,0.002983577237695964,1484,1076,408,16,assist2012,dkt,t100,42
0.6424732750242954,0.6049766718506998,0.6844907115599955,0.49233256584950413,0.1012394536072229,0.2423913553959563,0.013796241702439527,0.02026601113919112,643,343,300,166,assist2012,dkt,t100,42
0.5322369222271965,0.5168899242865463,0.690535408181744,0.49875652082536587,0.06141521312604484,0.24875806706582362,0.005224502138918282,0.003497344142964022,3434,1535,1899,17,assist2012,dkt,t100,42
0.5229853787927801,0.7312153303076148,0.5947098488257226,0.4473111047004521,0.05603013689988081,0.2000872243883388,0.004446063860935276,0.001543478137389487,3966,2900,1066,18,assist2012,dkt,t100,42
0.512467065098644,0.6450381679389313,0.6670468714202212,0.4838245219485107,0.09681605166606318,0.2340861680387049,0.018621697278366392,0.011213103779679606,262,171,91,181,assist2012,dkt,t100,42
0.48018018018018016,0.7115384615384616,0.7240327305806056,0.4913449269711419,0.20040223690179676,0.24141983726027677,0.055359499850230004,0.018183793156040774,104,74,30,192,assist2012,dkt,t100,42
0.6058429118773947,0.5355191256830601,0.6883351807862883,0.4973431760214224,0.076447792066251,0.24735023473507556,0.009195421454057712,0.009565469808987417,183,87,96,203,assist2012,dkt,t100,42
0.5525950576954182,0.5144904954814584,0.8139157448567648,0.5400287120166537,0.20726599573366983,0.29163100980236595,0.0662520877901863,0.006618399439073803,3209,2038,1171,21,assist2012,dkt,t100,42
0.7014418999151824,0.655421686746988,0.6256072464421836,0.46615074233163317,0.07853573725884219,0.21729651457633264,0.010139285027241346,0.023672873521537362,415,262,153,217,assist2012,dkt,t100,42
0.55219728070796,0.6975867269984917,0.6182050978013391,0.46078005184163856,0.09593665145820802,0.21231825617518313,0.013697854821889335,0.003806063778146635,2652,1901,751,22,assist2012,dkt,t100,42
0.6844470046082949,0.848087431693989,0.397943741606475,0.34730212205112204,0.022838474948549528,0.12061876398121248,0.0012228909781266902,0.009882310609257046,915,775,140,24,assist2012,dkt,t100,42
0.5852982863033114,0.5183098591549296,0.6920856014235474,0.4996811040306885,0.10068961965366147,0.24968120572532776,0.013660068700871029,0.011303134574457096,355,199,156,240,assist2012,dkt,t100,42
0.6646352873030247,0.8011616650532429,0.4780825133571844,0.38703743703840177,0.045061711045225515,0.14979797766925482,0.0038546224547691002,0.00877109742217429,5165,4174,991,25,assist2012,dkt,t100,42
0.6264378205741712,0.711890243902439,0.5535845600423341,0.431429155760398,0.11817590993681423,0.18613111644012972,0.030513314177816744,0.008292677381468928,1312,1041,271,26,assist2012,dkt,t100,42
0.5228244578278891,0.5100882723833543,0.7542689872443726,0.5255617039497744,0.20647747129023375,0.2762151046585903,0.0638434257158686,0.0016434745379432494,6344,4385,1959,27,assist2012,dkt,t100,42
0.6633954948382029,0.700904033379694,0.5971281129421818,0.45060601801389316,0.06618029341277806,0.203045783470337,0.004829103093775408,0.01728249172215813,28760,19702,9058,280,assist2012,dkt,t100,42
0.6190151687236567,0.6777251184834123,0.6156062883026309,0.46094947941647757,0.04752509945659275,0.21247442257432167,0.0037031702540594345,0.013695732269025564,422,281,141,287,assist2012,dkt,t100,42
0.7399779735682819,0.752442996742671,0.5088583129515677,0.4087888923569351,0.061244989111291476,0.16710835851440986,0.007947219140802797,0.03313115791839765,307,227,80,290,assist2012,dkt,t100,42
0.5184031617777978,0.5164576802507836,0.7160499166177936,0.5099543311249898,0.10450237080875234,0.26005341983313573,0.016590321374029007,0.0018745843990259133,2552,1458,1094,294,assist2012,dkt,t100,42
0.5991069644037681,0.6671649227703039,0.6326311353076516,0.46922705242423574,0.05188826101451116,0.22017402672673647,0.003112442198738346,0.009253495578405577,2007,1314,693,1,assist2012,dkt,t50,42
0.5832635009310987,0.6486988847583643,0.6537576113627676,0.4776636093750684,0.12837113163063518,0.22816252372121795,0.02262536760665682,0.01778083436114089,538,358,180,101,assist2012,dkt,t50,42
0.5375155851900039,0.7845509539320614,0.53617324161283,0.4197474690942668,0.09541579674653752,0.17618793781104244,0.01756156233188835,0.0014733528007654967,2149,1720,429,103,assist2012,dkt,t50,42
0.7651003541912634,0.7379182156133829,0.539972152330868,0.42516405931988654,0.061014385526951355,0.180764477337364,0.005472360191892404,0.04388487613041817,538,363,175,105,assist2012,dkt,t50,42
0.5885452195454709,0.7588235294117647,0.5501809420095244,0.42774767830303045,0.048089500954922475,0.18296807629363285,0.006620679010229057,0.00443395278565029,1360,1038,322,106,assist2012,dkt,t50,42
0.5092781280717317,0.5350949628406276,0.6896327316673221,0.49821490991493345,0.13509428936720477,0.24821809646154525,0.02402432463064443,0.0031335958128464775,1211,787,424,11,assist2012,dkt,t50,42
0.5460931150586323,0.8552278820375335,0.4184745479669684,0.35279989685989455,0.06257870146160795,0.12446776722435224,0.005080475938741118,0.0037107544346727563,373,319,54,110,assist2012,dkt,t50,42
0.6179369597301285,0.615553925165077,0.6533370002620718,0.48006634695316797,0.045964705999453244,0.23046369747695947,0.0031273902019111725,0.009854815403087957,4089,2508,1581,12,assist2012,dkt,t50,42
0.5862039545284833,0.6784396415392725,0.6403364666017785,0.46959065478679796,0.07310189595018868,0.22051538306309365,0.006873817054861595,0.004711581946474158,3794,2569,1225,13,assist2012,dkt,t50,42
0.549609226077011,0.8501742160278746,0.4923904211229395,0.3943331056821214,0.15657700001155045,0.15549859823690712,0.030665438958427448,0.003364972680643625,287,244,43,14,assist2012,dkt,t50,42
0.6108235839634756,0.7573162027123483,0.5528691568408446,0.4288773506098958,0.08329384780085401,0.18393578186616347,0.013639542847693318,0.008177111498029613,2802,2150,652,15,assist2012,dkt,t50,42
0.5924846472046068,0.7082210242587601,0.5901361116770506,0.4467709945810069,0.053504094200314205,0.1996043215989021,0.005875671051637106,0.005399670574492469,1484,1076,408,16,assist2012,dkt,t50,42
0.628916423712342,0.578538102643857,0.7531291223396467,0.517252128677539,0.1772012696434884,0.2675497646214454,0.03594630644343882,0.01701191457879318,643,343,300,166,assist2012,dkt,t50,42
0.5304218060937267,0.5556202679091439,0.6887125602315384,0.4976395548579496,0.03993476084154154,0.2476451265592182,0.003299862824554083,0.002766341083920796,3434,1535,1899,17,assist2012,dkt,t50,42
0.582373520087986,0.7304589006555724,0.5828116727395877,0.442726051643436,0.054511877112146966,0.19600635680378636,0.003942264334318879,0.004484913381605431,3966,2900,1066,18,assist2012,dkt,t50,42
0.5695328063749117,0.6450381679389313,0.6445295317621486,0.4758742076521113,0.07966461652562817,0.22645626150852474,0.010059853216037567,0.010276281121387976,262,171,91,181,assist2012,dkt,t50,42
0.5463963963963964,0.5480769230769231,0.6873022527688488,0.4974039132883105,0.20325027033686638,0.24741065295452513,0.0473163724156449,0.004922874704870727,104,74,30,192,assist2012,dkt,t50,42
0.5803400383141762,0.5628415300546448,0.6897119650050453,0.49779107831262076,0.08461250356637715,0.24779595764764173,0.00981307625666662,0.012662893686521471,183,87,96,203,assist2012,dkt,t50,42
0.4896216129240418,0.5138672483639763,0.7529953115808707,0.5239751767457217,0.1768135939892782,0.2745499858457103,0.044467200124224594,0.001973332221766366,3209,2038,1171,21,assist2012,dkt,t50,42
0.470039415257197,0.6289156626506024,0.6796485605664646,0.49210176328821537,0.11458598698478145,0.24216414543137077,0.019477583233010316,0.010579733913792865,415,262,153,217,assist2012,dkt,t50,42
0.6215195450428711,0.6821266968325792,0.595979809066018,0.45246664995200764,0.08836413700229083,0.20472606931879261,0.0111775866650207,0.009728385608385594,2652,1901,751,22,assist2012,dkt,t50,42
0.49434562211981564,0.8469945355191257,0.44766365718998385,0.3684085547366005,0.06430406270782803,0.13572486320311078,0.0073815215345026525,0.0016299083473337692,915,775,140,24,assist2012,dkt,t50,42
0.5984731349052957,0.4732394366197183,0.7441955789663726,0.5225664534222884,0.19564696842096224,0.2730756982423486,0.04281166458346107,0.01616158806348661,355,199,156,240,assist2012,dkt,t50,42
0.6064032449206249,0.8071636011616651,0.47916439663093974,0.3886815630499334,0.030456228327774268,0.15107335745493936,0.001862721177009128,0.006138936861626681,5165,4174,991,25,assist2012,dkt,t50,42
0.6241018606151478,0.7980182926829268,0.49974320837598496,0.3997084534717325,0.048769153211629224,0.15976684777676417,0.003884417829566612,0.007577879039586085,1312,1041,271,26,assist2012,dkt,t50,42
0.5878141583185054,0.6212168978562421,0.6437547658532035,0.47552258737292036,0.11707399099182059,0.22612173110183667,0.01690988101716839,0.004556866522680351,6344,4385,1959,27,assist2012,dkt,t50,42
0.6292167235281069,0.6880737134909597,0.6026201281239033,0.4544247651647527,0.02814242191799247,0.20650186719504066,0.0011996400784541165,0.010117852735945357,28760,19702,9058,280,assist2012,dkt,t50,42
0.5033946644456222,0.6042654028436019,0.6678480593263486,0.4869555709322096,0.11726012133874034,0.2371257280619142,0.018358779498977153,0.004407369072669506,422,281,141,287,assist2012,dkt,t50,42
0.6912444933920706,0.758957654723127,0.5488680429887357,0.42686415199900996,0.10975745262074553,0.18221300426183387,0.017993913762807266,0.029602866555460225,307,227,80,290,assist2012,dkt,t50,42
0.5368144737601032,0.5148902821316614,0.7261793391584309,0.5144878744708905,0.13342784387774784,0.2646977729775748,0.021751828092942942,0.0030477352986407703,2552,1458,1094,294,assist2012,dkt,t50,42
0.6091865600998021,0.6462381664175386,0.6626955703616668,0.47807456868154197,0.09397141940754389,0.22855529322004237,0.013457458070178376,0.011418283709312037,2007,1314,693,1,assist2012,simplekt,full,42
0.6071151458721291,0.6003717472118959,0.8476706687224191,0.5218561034109839,0.19675804742397288,0.27233379266729546,0.06284418306553403,0.012834938573693942,538,358,180,101,assist2012,simplekt,full,42
0.67747872282756,0.7831549557933922,0.5931177458803589,0.4121209512779786,0.11796611929078327,0.16984367848226603,0.02204932960320107,0.011111154435104322,2149,1720,429,103,assist2012,simplekt,full,42
0.7851869342778434,0.7379182156133829,0.6672565437427864,0.44280892042603726,0.14329421043666044,0.19607974000887257,0.03134321002846118,0.05405518970224459,538,363,175,105,assist2012,simplekt,full,42
0.6698679974628707,0.7397058823529412,0.6824696648320653,0.43558986952889933,0.12507447630632673,0.18973853443620353,0.023785475487588713,0.014953085120635042,1360,1038,322,106,assist2012,simplekt,full,42
0.6326763323823451,0.6440957886044592,0.8400921632412249,0.507240420637473,0.17020425845428216,0.25729284432848054,0.043506747786191326,0.013974375193284755,1211,787,424,11,assist2012,simplekt,full,42
0.6808893533031464,0.8337801608579088,0.5084378075653679,0.36448868494496883,0.10881574243187266,0.13285200145291273,0.022027597454907857,0.011427190818840324,373,319,54,110,assist2012,simplekt,full,42
0.6249099655296599,0.6050379065786256,0.8276480532456841,0.5140920090026146,0.16242679431519746,0.26429059372034447,0.03905517110485754,0.011752007127447279,4089,2508,1581,12,assist2012,simplekt,full,42
0.6365754959048625,0.6639430680021086,0.7536529408074127,0.48634015731164837,0.14112533611168376,0.2365267486139189,0.029326164257925377,0.010993605445085231,3794,2569,1225,13,assist2012,simplekt,full,42
0.5613324437666795,0.7770034843205574,0.8644281719983083,0.42755131543215735,0.17236603155051916,0.18280012732776812,0.06400379809359806,0.009170046695475139,287,244,43,14,assist2012,simplekt,full,42
0.6519974318733057,0.7266238401142041,0.7017944303779049,0.45017449451698416,0.15679413428962852,0.2026570755136222,0.035389868326061835,0.010639259512908323,2802,2150,652,15,assist2012,simplekt,full,42
0.6449996355419492,0.717654986522911,0.7458970369505616,0.4649904562961108,0.1531897337185947,0.21621612444646532,0.029704466250979125,0.012989512867914095,1484,1076,408,16,assist2012,simplekt,full,42
0.6457045675413022,0.5940902021772939,0.9773895624589388,0.5370849916451989,0.2272427082455552,0.2884602882505233,0.06306851143404121,0.023295580854846586,643,343,300,166,assist2012,simplekt,full,42
0.620994420173141,0.5905649388468258,0.7925325688391014,0.5108016609398768,0.14344628067397064,0.26091833681893684,0.027655509599872535,0.014455625282032484,3434,1535,1899,17,assist2012,simplekt,full,42
0.5601677233615837,0.667423096318709,0.7701741011083482,0.48705003615845,0.17791870563580786,0.23721773772194743,0.043936025234318506,0.0030685470645604724,3966,2900,1066,18,assist2012,simplekt,full,42
0.49518025833815316,0.6145038167938931,0.7490481223013861,0.5082806109592274,0.15299218597302908,0.2583491794770854,0.03934894854040826,0.008090987993022514,262,171,91,181,assist2012,simplekt,full,42
0.3995495495495495,0.5673076923076923,1.5346165244405356,0.5968282580651528,0.35250310524581724,0.35620396962508466,0.16432770965492174,0.014546351084812625,104,74,30,192,assist2012,simplekt,full,42
0.5556752873563219,0.5355191256830601,0.9165611054208196,0.5484311871040786,0.23231865700507348,0.30077676698838884,0.07888084087522586,0.02917393481204601,183,87,96,203,assist2012,simplekt,full,42
0.7179201491055094,0.6977251480211905,0.6494326020027842,0.46022929572361093,0.09683416114963911,0.21181100464225092,0.013488199025905713,0.03304471332725293,3209,2038,1171,21,assist2012,simplekt,full,42
0.6806615776081424,0.6265060240963856,0.7338273351993959,0.4951170407396954,0.1699293475463448,0.2451408840308332,0.04369433357635219,0.03211637751774201,415,262,153,217,assist2012,simplekt,full,42
0.7004625079939005,0.7300150829562594,0.6685754559853587,0.4443943142812524,0.1125875457631495,0.19748630656550456,0.017270907298736798,0.02280973658217178,2652,1901,751,22,assist2012,simplekt,full,42
0.7427050691244239,0.8153005464480875,0.5347109646472679,0.3801902666690698,0.1257014737795285,0.1445446388698984,0.027046635875036976,0.010938744762902654,915,775,140,24,assist2012,simplekt,full,42
0.6602886226001804,0.6112676056338028,0.6980879780194634,0.4929529838023672,0.12902640685648986,0.24300264423965687,0.024475566085829875,0.02701263659016273,355,199,156,240,assist2012,simplekt,full,42
0.6759686000066725,0.7994191674733785,0.5586623524641186,0.39539821313704376,0.0964495866052538,0.1563397469519671,0.014201945952796337,0.012780896889655197,5165,4174,991,25,assist2012,simplekt,full,42
0.6624360624009697,0.7644817073170732,0.6577859603971977,0.4257182231678592,0.14027663449477829,0.18123600553719915,0.03182835261356522,0.014193747211938145,1312,1041,271,26,assist2012,simplekt,full,42
0.6827019463424373,0.707282471626734,0.668193506105197,0.45604478863565806,0.09775474288993814,0.20797684924174203,0.01486897082823933,0.020045218865207992,6344,4385,1959,27,assist2012,simplekt,full,42
0.6717511656739066,0.6937760778859527,0.7077846353972023,0.4647330516455177,0.10679474319087062,0.21597680929175542,0.01932777511449099,0.01893690254040439,28760,19702,9058,280,assist2012,simplekt,full,42
0.6084652078443249,0.6469194312796208,0.6530368829284412,0.4771635429637308,0.12505154554860146,0.22768504673370016,0.0212412813972931,0.016337358196276068,422,281,141,287,assist2012,simplekt,full,42
0.6589757709251102,0.6807817589576547,0.7910222991717597,0.48232322548897694,0.18194328109922275,0.2326356938460905,0.057650843884364464,0.018130708166844492,307,227,80,290,assist2012,simplekt,full,42
0.6206387001803075,0.5869905956112853,0.7295490449226476,0.5043031475669645,0.1236105050306277,0.2543216646459476,0.021393315839910367,0.012127207527110422,2552,1458,1094,294,assist2012,simplekt,full,42
0.5994445913779423,0.6183206106870229,0.6732204251425519,0.48659555443767155,0.10647185413852933,0.236775233598505,0.021258001754638635,0.007771096327229402,2096,1393,703,1,assist2012,simplekt,full,2024
0.6558321807284464,0.6202090592334495,0.8287652987355816,0.5211347543597278,0.19792164247791294,0.27158143220157377,0.04998656702500233,0.020529558244105003,574,333,241,101,assist2012,simplekt,full,2024
0.6493412911308732,0.7826896230805026,0.645314692567627,0.4269295498063949,0.14320821854937693,0.18226884049789102,0.027929031022011195,0.014603160093853346,2149,1686,463,103,assist2012,simplekt,full,2024
0.7146689646201874,0.7838709677419354,0.6778438361536678,0.4068354689550125,0.1303029708624367,0.1655150987998449,0.027019088313782483,0.021169570355270964,620,496,124,105,assist2012,simplekt,full,2024
0.6613082479955545,0.7291501191421763,0.6888468056548771,0.45284330249020505,0.14638908403297568,0.20506705661023533,0.029645790949913212,0.01482055265970522,1259,936,323,106,assist2012,simplekt,full,2024
0.616579114111724,0.6196013289036545,0.788615754478225,0.509299977904251,0.1851083316184284,0.25938646749327054,0.049873401820155046,0.011091882327423384,1204,807,397,11,assist2012,simplekt,full,2024
0.5870793959198093,0.7753086419753087,0.6947506692906202,0.42870830818175165,0.1634873490090723,0.18379081350405976,0.05271071323733925,0.00736425073780809,405,338,67,110,assist2012,simplekt,full,2024
0.628857266383488,0.6174876266792364,0.8403151367500769,0.5143165194264785,0.16920345867873154,0.2645214821549672,0.04067711273314294,0.012566887032516216,4243,2621,1622,12,assist2012,simplekt,full,2024
0.6337679431544525,0.651,0.7785743551119492,0.49297174239656616,0.16786808772198855,0.24302113880150636,0.036202665415390994,0.012080583477191535,4000,2707,1293,13,assist2012,simplekt,full,2024
0.5377639946612232,0.789308176100629,0.8149335131165459,0.41942321252093795,0.1655216498165713,0.17591583120138388,0.05746137436440726,0.008094719514091577,318,271,47,14,assist2012,simplekt,full,2024
0.6440969792839109,0.6892561983471074,0.7574672480631923,0.4708803465786561,0.19122121937973194,0.22172830079403524,0.0524274304255617,0.010515350849975224,3025,2315,710,15,assist2012,simplekt,full,2024
0.656461477939558,0.7151597552685248,0.7727567707429317,0.46818532353228354,0.1685038174977868,0.21919749717102902,0.036364127457272084,0.014067273685793965,1471,1073,398,16,assist2012,simplekt,full,2024
0.6015205925260914,0.5707154742096506,0.989917208340823,0.5529362205464351,0.23826826149111568,0.30573846399217586,0.07070653382269912,0.01210249133006054,601,335,266,166,assist2012,simplekt,full,2024
0.6343141772683678,0.5973239885313795,0.758054327506279,0.5038143757860308,0.11594991179778888,0.25382892524866785,0.02005480479864422,0.015398526007133147,3139,1487,1652,17,assist2012,simplekt,full,2024
0.569116290620122,0.6943556975505857,0.7748017342722345,0.47695932401873636,0.16656052420911088,0.22749019676840992,0.03833343806851417,0.003153254772258777,3756,2784,972,18,assist2012,simplekt,full,2024
0.5675429894179893,0.5833333333333334,0.7018263097102305,0.4950815673699735,0.1404046223609037,0.2451057583495096,0.03452704513345248,0.009602345187536051,372,252,120,181,assist2012,simplekt,full,2024
0.679402290622763,0.7134502923976608,0.7934705948585538,0.4803505913442038,0.2123446300495089,0.2307366906047263,0.06657608120877255,0.027012539767911608,171,127,44,192,assist2012,simplekt,full,2024
0.5374436936936937,0.5515695067264574,1.0132591322183138,0.5674125612850307,0.2579440005894149,0.32195701470403876,0.09803352664228003,0.026125365739138248,223,112,111,203,assist2012,simplekt,full,2024
0.7030158986304447,0.6866267465069861,0.659430153294485,0.46735200474619015,0.09640123181447115,0.21841789634028294,0.014855563339541999,0.027989797207476103,3507,2227,1280,21,assist2012,simplekt,full,2024
0.7033429533429534,0.6744791666666666,0.6176756827441219,0.4605243435290144,0.1283406002621632,0.21208267098282965,0.02657063683058843,0.04043418395409641,384,252,132,217,assist2012,simplekt,full,2024
0.6881582076684678,0.7095523440253789,0.6862594251045756,0.45156659447022507,0.13096996343077955,0.2039123892414367,0.02388260153564056,0.01966745732568143,2837,2049,788,22,assist2012,simplekt,full,2024
0.6379696640167992,0.8467360454115421,0.5541295666519838,0.3590207248563504,0.1251187335625784,0.12889588087637927,0.036737369364399565,0.003211280971874178,1057,944,113,24,assist2012,simplekt,full,2024
0.6593232401656316,0.5994475138121547,0.6858403712534156,0.4918967481210474,0.13123353756964207,0.24196241081206116,0.033003244194972955,0.026216808209270692,362,224,138,240,assist2012,simplekt,full,2024
0.66625310203532,0.7984712900820283,0.5133755487068754,0.38882661193929496,0.08630828150495257,0.1511861341521911,0.014791470136024908,0.0079688800983084,5364,4424,940,25,assist2012,simplekt,full,2024
0.6790913902611151,0.7562962962962962,0.6136701791241873,0.42337518806685115,0.13533705250601524,0.17924654987064156,0.03574614035139584,0.013311759461496871,1350,1090,260,26,assist2012,simplekt,full,2024
0.6712381542250314,0.6838396492326966,0.6964152095987405,0.4673875331978316,0.11640987341056529,0.21845110618875416,0.02256068447446695,0.01704443413522652,6386,4424,1962,27,assist2012,simplekt,full,2024
0.6720206068351472,0.7035573122529645,0.6862967717461341,0.4598498630507722,0.09562645539618729,0.21146189654781394,0.015211766304775715,0.020112266855135102,30613,20915,9698,280,assist2012,simplekt,full,2024
0.7197910506603588,0.6958424507658644,0.602357807104259,0.454213557334738,0.06817418226006255,0.20630995566667734,0.007001676449895125,0.04305602009071979,457,267,190,287,assist2012,simplekt,full,2024
0.6970987727868462,0.6813559322033899,0.774600455200992,0.4743090067325503,0.1907772593073926,0.2249690338676184,0.05611875875486476,0.02413839015490944,295,218,77,290,assist2012,simplekt,full,2024
0.6226878827813296,0.6023121387283237,0.7461183794931199,0.5051245899507313,0.1225706547699682,0.2551508513728944,0.021321981625442257,0.011911054769424532,2595,1473,1122,294,assist2012,simplekt,full,2024
0.6051393270968135,0.6560319042871385,0.6520238864021808,0.4752202202751273,0.08011207762633933,0.22583425775834048,0.010739791345973516,0.00975423905361251,2006,1321,685,1,assist2012,simplekt,full,2025
0.6819857016182664,0.6468468468468469,0.7699219033745731,0.4932733416145385,0.15903953623062267,0.24331858954757318,0.035312558689709624,0.02572917735202621,555,347,208,101,assist2012,simplekt,full,2025
0.6626372283438907,0.7575187969924813,0.6937077681992598,0.4293767634269726,0.14837891704874867,0.1843644049710224,0.03140429236262731,0.009610399786186104,2128,1693,435,103,assist2012,simplekt,full,2025
0.7949312714776632,0.7973977695167286,0.6348778994627874,0.40184358949622334,0.10870270070089302,0.16147827041920926,0.016881589019882116,0.056539218402080246,538,388,150,105,assist2012,simplekt,full,2025
0.6493708356846555,0.705800139762404,0.7151079195166801,0.4660806365198475,0.14342061370861106,0.2172311597387462,0.031963875173508544,0.012786211891949614,1431,1044,387,106,assist2012,simplekt,full,2025
0.620759437032216,0.6417797888386124,0.7843983427845312,0.5001634029551737,0.1523843958691538,0.2501634296556995,0.038264942535619184,0.012099406184832838,1326,878,448,11,assist2012,simplekt,full,2025
0.6053846153846154,0.9107142857142857,0.29487497306001625,0.2822302493945725,0.06713850232107303,0.07965391367332257,0.018262955375282327,0.005335427659020789,280,260,20,110,assist2012,simplekt,full,2025
0.6281480431371593,0.6112607099143207,0.8171195640858747,0.5077147790193863,0.16014033478992218,0.2577742968347043,0.034099878000419144,0.012195514831164003,4085,2528,1557,12,assist2012,simplekt,full,2025
0.6496615730561824,0.6585306321698804,0.7738645777306554,0.48851229212557,0.14662882263179114,0.23864425955777824,0.031092352062951703,0.013819575650269523,4097,2739,1358,13,assist2012,simplekt,full,2025
0.6161991199119912,0.7421875,0.946602026513593,0.4676670144589761,0.2041400232146771,0.21871243641297217,0.06617539381380586,0.012945495844730011,256,202,54,14,assist2012,simplekt,full,2025
0.6319129870464762,0.7383638928067701,0.7037850323361055,0.4442204414825028,0.13376171350064042,0.1973318006309097,0.03076900908975914,0.006701511418779776,2836,2202,634,15,assist2012,simplekt,full,2025
0.6823466223698782,0.7256756756756757,0.7269868171676312,0.4627245164502545,0.14870300846853973,0.21411397812412183,0.028773292480599396,0.02059073246900268,1480,1050,430,16,assist2012,simplekt,full,2025
0.671159402197175,0.6447761194029851,0.9294174929938523,0.5140739257307113,0.17995668804418968,0.2642720011161849,0.04160650495389091,0.02678156926334371,670,344,326,166,assist2012,simplekt,full,2025
0.6291243627594019,0.5984486873508353,0.747264110797398,0.5037258756351415,0.1150988558086615,0.25373975778439006,0.02046489657277968,0.015365917945515213,3352,1564,1788,17,assist2012,simplekt,full,2025
0.5660839991872805,0.6523909616395166,0.792401605717313,0.495895416158187,0.18684043172055376,0.24591226376670144,0.04933069098958042,0.003581155266531555,3806,2753,1053,18,assist2012,simplekt,full,2025
0.5471179436895924,0.5742296918767507,0.7645047768458704,0.516100125470075,0.18431608183752923,0.26635933951022717,0.04862502880943632,0.006496287625635648,357,236,121,181,assist2012,simplekt,full,2025
0.5815217391304348,0.62,1.010573537147253,0.5333784937291292,0.23127417065824074,0.2844926175727547,0.09212784109874805,0.01941750101750101,150,104,46,192,assist2012,simplekt,full,2025
0.5360026423957722,0.5404255319148936,0.9195991886293878,0.5569406589631111,0.226493511095326,0.31018289760626433,0.07423259433415812,0.010411555621690665,235,104,131,203,assist2012,simplekt,full,2025
0.7196505224588051,0.6857391809468487,0.6712384510501848,0.4702838483421872,0.1269018157320911,0.22116689801153736,0.019860823639010927,0.03606429660597533,3443,2105,1338,21,assist2012,simplekt,full,2025
0.7523349741259624,0.7084468664850136,0.6333518980542105,0.45207187721633496,0.1187306577365145,0.20436898216990101,0.02339407902882607,0.054394497801365876,367,228,139,217,assist2012,simplekt,full,2025
0.7261797591208604,0.7149825783972126,0.6515754337468865,0.44511494853900824,0.1285420849604551,0.19812731741288397,0.02391868475362163,0.030820530962794995,2870,2043,827,22,assist2012,simplekt,full,2025
0.7606646825396824,0.838012958963283,0.4869290578874623,0.3614145878480245,0.11046812938703282,0.1306205043093574,0.02542298644082276,0.011030534286484203,926,800,126,24,assist2012,simplekt,full,2025
0.70747647263855,0.662269129287599,0.6415466218215355,0.4694090429590208,0.0955896373828357,0.22034484961170386,0.016019079873660514,0.03526023610319175,379,228,151,240,assist2012,simplekt,full,2025
0.6878741569370581,0.7595496582227583,0.5882448778760189,0.4160002565149971,0.12480994879924757,0.1730562134205434,0.027216885717418694,0.013018170135026179,4974,3990,984,25,assist2012,simplekt,full,2025
0.637357323916834,0.7642857142857142,0.7202978701392141,0.43590120172465313,0.1492542846594006,0.19000985766499673,0.029778336313252045,0.01155767754196,1260,982,278,26,assist2012,simplekt,full,2025
0.6759416088236272,0.7055393586005831,0.6674401993628448,0.45789141561574415,0.10874650450074153,0.20966454849459015,0.019534661112375788,0.01842255495081338,6174,4346,1828,27,assist2012,simplekt,full,2025
0.6627442578805707,0.7012182531488746,0.6726622113163374,0.4588550721655366,0.09683856557238775,0.2105479772520398,0.01588704614298659,0.016581572199557474,29058,20253,8805,280,assist2012,simplekt,full,2025
0.6322469135802469,0.6043689320388349,0.6767954389817549,0.4902708034833632,0.11731818205342419,0.24036546074822254,0.024895463738183347,0.02351111604583883,412,250,162,287,assist2012,simplekt,full,2025
0.6731650437771051,0.717201166180758,0.8666249811012219,0.47888882812115574,0.19911151628137932,0.22933450969925384,0.054142377189572925,0.032291812115773644,343,242,101,290,assist2012,simplekt,full,2025
0.6327111712968765,0.6064742589703588,0.7422425500911581,0.5045273239040565,0.13332366882790717,0.2545478205657888,0.024944043917249047,0.013853666168952929,2564,1481,1083,294,assist2012,simplekt,full,2025
0.5565719161609572,0.6193323368211261,0.7023506673857248,0.49482711547882213,0.13873223027870554,0.2448538742130916,0.025965370293204643,0.007606196583386477,2007,1314,693,1,assist2012,simplekt,t500,42
0.617729671011794,0.6003717472118959,0.790100893254228,0.5181990666079468,0.17493133631545263,0.2685302726333472,0.05945825555710737,0.012965332557281875,538,358,180,101,assist2012,simplekt,t500,42
0.6546965631267957,0.7659376454164728,0.5271095387545625,0.41547439303595546,0.10706825088752935,0.17261897126859557,0.02230112598888826,0.009533811340806804,2149,1720,429,103,assist2012,simplekt,t500,42
0.7684376229830775,0.7342007434944238,0.6144486935985733,0.44081279620837477,0.12150672552622442,0.19431592130104616,0.020758392167197392,0.04560095027165694,538,363,175,105,assist2012,simplekt,t500,42
0.6371052190667672,0.7602941176470588,0.5731769620728232,0.42963941695766333,0.1059817471596248,0.18459002860372087,0.014732697957965963,0.011054472581634544,1360,1038,322,106,assist2012,simplekt,t500,42
0.6341717412672917,0.6548307184145334,0.6574795150234104,0.47489860880930856,0.09427440678662352,0.2255286886490167,0.014029839243939007,0.01600019322354489,1211,787,424,11,assist2012,simplekt,t500,42
0.5191570881226054,0.8525469168900804,0.45415042412362977,0.36380048447984753,0.07408567751700373,0.13235079250777176,0.010726615164344493,0.0030063244304787237,373,319,54,110,assist2012,simplekt,t500,42
0.5929518898159665,0.5849841036928344,0.6940754289784767,0.4967245918003452,0.1031955041211781,0.24673532009921958,0.015793184255199367,0.006302572574221372,4089,2508,1581,12,assist2012,simplekt,t500,42
0.6306483107061431,0.6317870321560358,0.7102910982608245,0.49366076911814066,0.1445595796696712,0.24370095496631416,0.035543656566074104,0.010196444242143742,3794,2569,1225,13,assist2012,simplekt,t500,42
0.6233797178802898,0.8222996515679443,0.43735410441238776,0.3692563002388129,0.07231861025821874,0.1363502152660563,0.01723740430795099,0.009003757168194048,287,244,43,14,assist2012,simplekt,t500,42
0.6400702667998288,0.7337615988579586,0.6009497061088457,0.4395549854429356,0.1176178534113025,0.19320858522773932,0.025143076434695464,0.010491794336606639,2802,2150,652,15,assist2012,simplekt,t500,42
0.6492740451199067,0.7243935309973046,0.5962340481933053,0.44499547267330586,0.08878930743452353,0.1980209706997389,0.012478847281014314,0.013552804636429869,1484,1076,408,16,assist2012,simplekt,t500,42
0.6734256559766764,0.6438569206842923,0.7223811555616555,0.4937464231588316,0.11861646483604496,0.24378553038214001,0.022007356381866437,0.026463491006655276,643,343,300,166,assist2012,simplekt,t500,42
0.6222253097378527,0.605707629586488,0.7005183590539911,0.49826109152790116,0.10610212383972968,0.2482641153305755,0.014657012224455515,0.013243558614756882,3434,1535,1899,17,assist2012,simplekt,t500,42
0.549035550236139,0.6855774079677257,0.6398906752412729,0.46574289641790745,0.11551783077580365,0.21691644556374165,0.021623039410148794,0.00211604357143517,3966,2900,1066,18,assist2012,simplekt,t500,42
0.46812544180965227,0.46946564885496184,0.9045475144261256,0.5677043847991574,0.28276520845203,0.32228826852018977,0.1016575295884312,0.006037222560717595,262,171,91,181,assist2012,simplekt,t500,42
0.3981981981981982,0.6442307692307693,1.1708036104622426,0.5510706452499108,0.2781823151207601,0.303678856056153,0.10915426624622117,0.014004531792993335,104,74,30,192,assist2012,simplekt,t500,42
0.5407088122605364,0.5409836065573771,0.7830483356427106,0.5294855615859223,0.14466038906101975,0.2803549599279595,0.0434642822214116,0.012409415441102028,183,87,96,203,assist2012,simplekt,t500,42
0.6510472667481808,0.6684325334995326,0.6249742534635442,0.46557772323484153,0.05176642301688871,0.21676261637253869,0.003633454689331367,0.01887121266847126,3209,2038,1171,21,assist2012,simplekt,t500,42
0.6582098488250261,0.6289156626506024,0.6795880011969831,0.4842971247869828,0.1316898573863219,0.23454370507693836,0.02733683152305597,0.025111707958914938,415,262,153,217,assist2012,simplekt,t500,42
0.6690777367858112,0.7168174962292609,0.5713654202253076,0.437474912669725,0.04671947633620031,0.19138429921538352,0.00497750624043328,0.016302193932471773,2652,1901,751,22,assist2012,simplekt,t500,42
0.6983364055299539,0.839344262295082,0.405174296213548,0.35632915324869385,0.060101373143534836,0.12697046545493115,0.00894404901856101,0.01171543273724842,915,775,140,24,assist2012,simplekt,t500,42
0.6739144440149465,0.6422535211267606,0.6478468328763385,0.47491998667592084,0.08000003575858936,0.2255489937442568,0.012687876630276658,0.032062413880280125,355,199,156,240,assist2012,simplekt,t500,42
0.6325099107105299,0.8025169409486931,0.5323988232462706,0.39687258774650935,0.0823888480057444,0.15750785090461075,0.008397811666040674,0.005951939396437109,5165,4174,991,25,assist2012,simplekt,t500,42
0.6286266753157446,0.7560975609756098,0.5560713170058295,0.42283086097828965,0.0995689295033538,0.17878593699564171,0.021724706251225682,0.007217129775354072,1312,1041,271,26,assist2012,simplekt,t500,42
0.6053888639574214,0.5759773013871374,0.8090694733242719,0.529542851755449,0.21927575297708873,0.28041563184529344,0.07360692510851866,0.0067396528009852075,6344,4385,1959,27,assist2012,simplekt,t500,42
0.6101411220383091,0.5482267037552155,0.8760247254886914,0.5465065417162954,0.2569775050630345,0.2986694001387049,0.09035266284489525,0.007542031856482941,28760,19702,9058,280,assist2012,simplekt,t500,42
0.5602332096615432,0.6872037914691943,0.6534885206861792,0.4741741689003603,0.09782392478667164,0.2248411424523474,0.018418334154976075,0.015218349082120775,422,281,141,287,assist2012,simplekt,t500,42
0.6774779735682819,0.742671009771987,0.5727368141385508,0.43115850768009456,0.12198562915239736,0.18589765874492614,0.024159761413454026,0.03055548917455561,307,227,80,290,assist2012,simplekt,t500,42
0.5275962789927852,0.4980407523510972,0.7349737056559652,0.5183172318209356,0.12847102106750294,0.2686527528025175,0.025129432533146756,0.0012345521849820656,2552,1458,1094,294,assist2012,simplekt,t500,42
0.5129469296135962,0.6407573492775287,0.7060958401102478,0.49511143770100874,0.10558052185419844,0.24513533574235985,0.021171227927338276,0.0022205005268878886,2007,1314,693,1,assist2012,simplekt,t100,42
0.607627250155183,0.6301115241635687,0.6653819552485274,0.48127613098084854,0.10756642688550472,0.23162671425189488,0.02815645292555308,0.01818744531062994,538,358,180,101,assist2012,simplekt,t100,42
0.6002751124844148,0.7445323406235458,0.5813417631189225,0.4281318149686057,0.1363585487323592,0.18329685098831242,0.029212736565347557,0.0056547409645819665,2149,1720,429,103,assist2012,simplekt,t100,42
0.7602597402597403,0.7286245353159851,0.5869110493391022,0.4399900179768338,0.10964235856602848,0.19359121591925454,0.017755332757005932,0.04367299634073556,538,363,175,105,assist2012,simplekt,t100,42
0.6581472372814419,0.7397058823529412,0.5823505772315652,0.435952256560028,0.1166643597651273,0.19005436999978048,0.02539091806328794,0.016494486939893013,1360,1038,322,106,assist2012,simplekt,t100,42
0.6463148210304237,0.6424442609413707,0.7056377988515109,0.48220921513493703,0.13614139598844271,0.23252572716105196,0.022684717515723048,0.0176592793075812,1211,787,424,11,assist2012,simplekt,t100,42
0.5384302798095902,0.8364611260053619,0.5255653887224335,0.38016093489664937,0.12043490574442986,0.14452233642149448,0.02362803404691957,0.002878910540102393,373,319,54,110,assist2012,simplekt,t100,42
0.5805297809816935,0.6272927366104182,1.1344037239663538,0.5495057384766466,0.2475743937998733,0.3019565566187648,0.07099593053989413,0.006430556635208036,4089,2508,1581,12,assist2012,simplekt,t100,42
0.5921951684527451,0.6620980495519241,0.6870934899297658,0.48244603711123774,0.12954706754820183,0.2327541787243378,0.01978992080552457,0.0057282595720256155,3794,2569,1225,13,assist2012,simplekt,t100,42
0.5299752192146397,0.8466898954703833,0.5606683244043663,0.37682083193759913,0.12378060423123301,0.14199393938214433,0.017452726771378015,0.0033084125564417596,287,244,43,14,assist2012,simplekt,t100,42
0.5081056498787273,0.7462526766595289,0.598613043187491,0.44245090523949543,0.1120714964896845,0.19576280354724898,0.019108997010605613,0.0014886493084037757,2802,2150,652,15,assist2012,simplekt,t100,42
0.5621526259202566,0.7122641509433962,0.6876382501348342,0.4664778697349412,0.12808947494087838,0.2176016029524488,0.0217955195179401,0.0036713416191794463,1484,1076,408,16,assist2012,simplekt,t100,42
0.6734159378036929,0.6267496111975117,0.800471380559565,0.5063897663179756,0.16083548167607462,0.2564305954315739,0.03260021440215539,0.025079573699135372,643,343,300,166,assist2012,simplekt,t100,42
0.5449754971328987,0.5337798485730926,0.75201706674585,0.5209770431872347,0.14473381917544004,0.2714170795281138,0.027003912680136997,0.0024907598828530515,3434,1535,1899,17,assist2012,simplekt,t100,42
0.5345409846671411,0.7228946041351487,0.6372037193859058,0.4592498183269659,0.10948501023841037,0.21091039563335118,0.016109874831457056,0.0018686700297594974,3966,2900,1066,18,assist2012,simplekt,t100,42
0.4856693014587751,0.49236641221374045,0.9448341429092417,0.5745887893956986,0.2849492829662698,0.3301522768992144,0.11189013110573998,0.009388306304434471,262,171,91,181,assist2012,simplekt,t100,42
0.5011261261261262,0.6634615384615384,0.757110545542289,0.5008693737213545,0.19297588731233895,0.25087012953202187,0.06680579547115592,0.023160279891049115,104,74,30,192,assist2012,simplekt,t100,42
0.5118534482758621,0.5300546448087432,0.8116502462843409,0.5405397033062953,0.18248952503819937,0.2921831708504578,0.05960886334880991,0.018086923676818866,183,87,96,203,assist2012,simplekt,t100,42
0.6357966778099122,0.6441258959177314,0.7741605270593692,0.49975043593048357,0.17188957786949655,0.24975049821270837,0.03209393537001987,0.01376576129764576,3209,2038,1171,21,assist2012,simplekt,t100,42
0.5815995609439705,0.5831325301204819,0.7030447562906449,0.4970962700978582,0.13334730626588845,0.24710470174520277,0.03426516558519199,0.018363588532344852,415,262,153,217,assist2012,simplekt,t100,42
0.6201140895078698,0.6085972850678733,0.8300582261254289,0.5249412774649584,0.22687319561917765,0.2755633447865425,0.08190895934764668,0.009168590451028127,2652,1901,751,22,assist2012,simplekt,t100,42
0.613589861751152,0.833879781420765,0.5090995823711827,0.3729313867551683,0.11211876914393704,0.13907781922713292,0.017942472842151932,0.00825770957549164,915,775,140,24,assist2012,simplekt,t100,42
0.6546836747841772,0.6338028169014085,0.7560329680180797,0.5036295943342232,0.17748337115200477,0.2536427682892542,0.03695540475364905,0.029262091877970704,355,199,156,240,assist2012,simplekt,t100,42
0.6432950459260319,0.7936108422071636,0.5532707064542065,0.4022530361175659,0.10234144262515105,0.1618075050657998,0.014475329473715099,0.0074049992832560824,5165,4174,991,25,assist2012,simplekt,t100,42
0.6019598668609165,0.7896341463414634,0.5812923120093499,0.4127665003468692,0.10681870231893276,0.17037618380860195,0.014454370989349622,0.007460956890067466,1312,1041,271,26,assist2012,simplekt,t100,42
0.5949596139328295,0.5085119798234552,0.9913559028671548,0.5794599317897369,0.3110624019893045,0.33577381254976646,0.12843137268254337,0.0064491667292518205,6344,4385,1959,27,assist2012,simplekt,t100,42
0.6494083801613795,0.6510431154381084,0.8048954329116169,0.5050402172635392,0.18682108954428528,0.2550656210536029,0.053032814111729575,0.013764561704390112,28760,19702,9058,280,assist2012,simplekt,t100,42
0.6260064107417784,0.6824644549763034,0.6437562620679128,0.4697693846023546,0.0980755398800305,0.22068327470967497,0.012524129006595042,0.013498264407933742,422,281,141,287,assist2012,simplekt,t100,42
0.6045704845814978,0.6677524429967426,0.7478139190088646,0.48219209243424704,0.1779590384725251,0.23250921400611743,0.056588241173125615,0.017784516768486382,307,227,80,290,assist2012,simplekt,t100,42
0.5793792302696087,0.5544670846394985,0.7399783493964385,0.5146285114379602,0.13910023847209485,0.2648425047848507,0.0272861096217309,0.007714398989457135,2552,1458,1094,294,assist2012,simplekt,t100,42
0.5394909082123693,0.6417538614848032,0.7980957635649643,0.5087828119382253,0.16356319798630864,0.25885994972376747,0.03691139269056654,0.004324852677428289,2007,1314,693,1,assist2012,simplekt,t50,42
0.6350325884543762,0.6802973977695167,0.6684527173956496,0.47512916359838475,0.10751433228748437,0.22574772210170066,0.01996147270948003,0.017407318764592554,538,358,180,101,assist2012,simplekt,t50,42
0.5937876077410961,0.7840856212191717,0.530401886642206,0.415262311274677,0.09137010242375677,0.1724427871651867,0.018038271641941286,0.005449642937388946,2149,1720,429,103,assist2012,simplekt,t50,42
0.6136875245966156,0.604089219330855,0.6817864205821631,0.4884447744427974,0.15642694172667523,0.23857829768047523,0.03694671801772876,0.01849119878926012,538,363,175,105,assist2012,simplekt,t50,42
0.500721047403631,0.7036764705882353,0.7698902178814122,0.48256940004871707,0.19805572975207775,0.23287322586337872,0.05474582199118426,0.0028292249426137782,1360,1038,322,106,assist2012,simplekt,t50,42
0.6018601208314354,0.6498761354252683,0.6547142231029749,0.4776906709022769,0.08382726009722881,0.2281883770670674,0.01073088874040004,0.010952941772082721,1211,787,424,11,assist2012,simplekt,t50,42
0.6323000116103565,0.8418230563002681,0.43821986281988795,0.35914329202775713,0.08509947239713439,0.12898390420853484,0.01288348471109185,0.007383104104368245,373,319,54,110,assist2012,simplekt,t50,42
0.5309940511678253,0.57006603081438,0.7562489815845013,0.5166973778948222,0.15188882418849645,0.26697618032338466,0.03076071555463274,0.001557466483799185,4089,2508,1581,12,assist2012,simplekt,t50,42
0.5505478984119923,0.6138639957828149,0.7318687677287267,0.49926548899647355,0.15185667684377338,0.24926602850288787,0.033189487943444826,0.002919052392031459,3794,2569,1225,13,assist2012,simplekt,t50,42
0.4691669843690431,0.818815331010453,0.5113049710169693,0.39131249578608657,0.13466875343372597,0.153125469358336,0.031074913678456082,0.005313559445056222,287,244,43,14,assist2012,simplekt,t50,42
0.6441539449279498,0.7419700214132763,0.639912574054896,0.4420284255258868,0.13174462035633383,0.19538912897289445,0.026279835593673417,0.009102319014313597,2802,2150,652,15,assist2012,simplekt,t50,42
0.5099109811210729,0.6327493261455526,0.7473584403706568,0.5024572780433288,0.2043712260678531,0.2524633162587111,0.05586408699995015,0.0030138700995173263,1484,1076,408,16,assist2012,simplekt,t50,42
0.5712779397473275,0.5552099533437014,0.758787836322351,0.5221496426916282,0.15292959638275958,0.272640249362995,0.03305238937740836,0.008684929635515481,643,343,300,166,assist2012,simplekt,t50,42
0.5256624007492372,0.5061153174140943,0.7427218791451066,0.5206527638347777,0.1295372252284734,0.27107930048879275,0.024123935633148352,0.0009613570701614179,3434,1535,1899,17,assist2012,simplekt,t50,42
0.548525748851653,0.6805345436207766,0.6499744476000366,0.4701129582387445,0.12797532280868523,0.22100619350398354,0.02647598143994459,0.0021206134778289786,3966,2900,1066,18,assist2012,simplekt,t50,42
0.3973073709915815,0.5305343511450382,0.8477314545313613,0.5452984926541941,0.2320444186907688,0.29735044609093614,0.08363166539581006,0.012549164461606931,262,171,91,181,assist2012,simplekt,t50,42
0.388963963963964,0.6346153846153846,0.8081758685484389,0.5194027079563092,0.23752578878058836,0.269779173032347,0.08892937736324297,0.0248188642285716,104,74,30,192,assist2012,simplekt,t50,42
0.5587883141762454,0.5573770491803278,0.7862233390116694,0.529526055051067,0.19590193503459946,0.28039784297794557,0.05131979502153915,0.0200944478350197,183,87,96,203,assist2012,simplekt,t50,42
0.5090777364992554,0.6272982237457152,0.728897520940952,0.5052843657625216,0.13700739570814116,0.2553122902840337,0.028637527662277385,0.005610023201448143,3209,2038,1171,21,assist2012,simplekt,t50,42
0.5689767000947963,0.6216867469879518,0.6932957567834458,0.4945150467669169,0.11885855395391763,0.24454513147888599,0.027963892352342874,0.01626746456195932,415,262,153,217,assist2012,simplekt,t50,42
0.5331695211224592,0.6003016591251885,0.8435806843113899,0.531402453472914,0.22117989682796135,0.2823885675570326,0.08485605446559931,0.005600247215474716,2652,1901,751,22,assist2012,simplekt,t50,42
0.5824746543778803,0.8371584699453551,0.46161372605609774,0.36799806646553535,0.061114618556747005,0.13542257692237256,0.009362419925390103,0.0035988959803751087,915,775,140,24,assist2012,simplekt,t50,42
0.6324249452390156,0.543661971830986,0.8809431547566823,0.5541612442480089,0.2667443822544646,0.30709468462650147,0.08465389501831071,0.02322738896209149,355,199,156,240,assist2012,simplekt,t50,42
0.5927969598934735,0.7390125847047435,0.5726714521542327,0.43116232840233293,0.1446574821411871,0.18590095343332116,0.035856545891516475,0.004943665285708241,5165,4174,991,25,assist2012,simplekt,t50,42
0.6036808206698782,0.7728658536585366,0.5624373281700944,0.41610971857841,0.10576848962866676,0.17314729789540356,0.015358859689918208,0.005456036093109527,1312,1041,271,26,assist2012,simplekt,t50,42
0.6677366631685004,0.6622005044136192,0.6499020985667624,0.47220940366710135,0.12734960008313945,0.22298172091163948,0.026462929511002528,0.01680756258893023,6344,4385,1959,27,assist2012,simplekt,t50,42
0.6243770309651789,0.6088664812239221,0.8670854121398082,0.5281360991960721,0.22183443164412917,0.27892773927404324,0.07270813480766188,0.009560076087698521,28760,19702,9058,280,assist2012,simplekt,t50,42
0.5618485146765604,0.6706161137440758,0.7815487220856735,0.503466259382875,0.1789533032801761,0.25347827433698444,0.040829968653037944,0.009757057307546526,422,281,141,287,assist2012,simplekt,t50,42
0.6051762114537446,0.7361563517915309,0.5908397069718135,0.4473072483457725,0.12866239273975266,0.20008377442266662,0.025524829204203927,0.018232877229016238,307,227,80,290,assist2012,simplekt,t50,42
0.506997890977849,0.5442789968652038,0.76351503634084,0.5250469506973438,0.15090173265099713,0.27567430043657887,0.032865513828922555,0.002656218104047244,2552,1458,1094,294,assist2012,simplekt,t50,42
0.6702943203893634,0.6518340348767288,0.6515489240432325,0.4761166954078739,0.0641666798170833,0.22668710764611416,0.0075516157983326875,0.023121171275545242,1663,686,977,+DlgHAr1GtoQgtGqwoen6pt4/ayVRO+rMaCVZ7jGCHE=,junyi,dkt,full,42
0.5573449612403101,0.5217391304347826,0.767357150693602,0.5275324929149304,0.17349179585389096,0.2782905310810412,0.040067185993665606,0.009563902571582293,322,150,172,+IgBffWedJpxG6Zo/kHbrgIRR4jwwTwa6nV03GLwX5A=,junyi,dkt,full,42
0.6279231203089071,0.6496815286624203,0.9368612085496987,0.527312687552395,0.2252946374344693,0.27805867045372973,0.06382911666639085,0.017357803817561274,314,197,117,+Lgj0Me9/8gtiruGKq8KxemAD15kU4yCfb6nteNDWjw=,junyi,dkt,full,42
0.684957495310788,0.6643459142543056,0.6151831025701001,0.4611123570727042,0.0494177648712314,0.2126246058451451,0.004656393477007659,0.022966430029129785,2729,1737,992,+N+e7SzcUVowUo7D4udR8rBKRmR1H7yuu5Tleqlhv48=,junyi,dkt,full,42
0.6021178150872939,0.6480809128630706,0.6389582174127312,0.47165277448164455,0.042303123132661935,0.22245633967623304,0.003738806873423021,0.007296578049801268,3856,2525,1331,+ZVl8HEbTM1GOoCTt2wxAfzQswvAWL3L8e5mLuyy1dY=,junyi,dkt,full,42
0.6442755678274104,0.8547823323800445,0.39882314304027056,0.3466974484215057,0.0358299673844187,0.1201991207419826,0.003671270418241438,0.004557969317426289,3147,2702,445,+aXi8dpg0URdKkJtkicic7DrTHAWPSnR9bwD+QouANE=,junyi,dkt,full,42
0.6307955055817709,0.8082103912764592,0.48876918817642967,0.38989204990565085,0.05569635274042835,0.15201581057963054,0.005843453834796415,0.00686176537128399,3118,2529,589,+c+5BQh1a2P75VjWgg/aX+j7kru6tteMWrupq+MMQgw=,junyi,dkt,full,42
0.6035969613319244,0.7064559515803631,0.6008729003807445,0.4524293342976824,0.042433571515738885,0.20469230253304407,0.0024824592089091255,0.007727008192364412,2974,890,2084,+cLbiKkV7+VhNPr7OGG3B3kPpZ8er0mvFvqPbM/gm+E=,junyi,dkt,full,42
0.6856059592310093,0.6979472140762464,0.5926122860673083,0.44768041624599075,0.06941607514012127,0.20041775509018353,0.006629853198527463,0.02085549984587819,1023,705,318,+fQqnCkVTMs8GPkdZJWUcApXC/Ea9bVtxNIblqLRie4=,junyi,dkt,full,42
0.6314805979643766,0.5996758508914101,0.6914412846738983,0.49380353381147557,0.13301549464874754,0.24384193000470109,0.03097460832189278,0.01849126061067085,617,393,224,+g5YlvjiVYzjFfpMkHEGCty7PGcKRuuCVDY/g8dzoD0=,junyi,dkt,full,42
0.6603049591105024,0.690406976744186,0.6392970446111714,0.46039412295287324,0.1143642314709723,0.21196274844954538,0.019621440363994696,0.017902800809861643,688,482,206,+gP/fH6yBDlDTCmjUykZq+rykF0MopXNzQLSxiEVEYY=,junyi,dkt,full,42
0.6316044357001291,0.636986301369863,0.6289752286579898,0.46848780634201226,0.055381772210438746,0.2194808246911508,0.0059632851909827015,0.011587611665086317,3504,2302,1202,+kCFtC8nCf9I2/ee1BGgQRlVBoECQV9G/8z4fL7hzp4=,junyi,dkt,full,42
0.6722481071636575,0.7092696629213483,0.6134062615843239,0.4501161516002545,0.11075375394717776,0.2026045499314233,0.021486644111249106,0.021199247929199035,712,510,202,+lmw480dBLSwkBgaKdL9MeVNsUfCgHmD+L4wzqUFX9M=,junyi,dkt,full,42
0.5753144352933666,0.9587883057414582,0.18919618100122018,0.20515197821084263,0.02886529334018082,0.04208733416382205,0.00328365224578807,6.283442600993074e-05,2839,2724,115,+mwsRV33uKTS+1DrZGfM+z+Ccut/FGocokZm/j0OJ/k=,junyi,dkt,full,42
0.6508494183401573,0.698379508625196,0.598861822432836,0.4495770379975007,0.05947933591984045,0.2021195130946062,0.006697987224408417,0.01409268283641107,1913,1338,575,+odAMeNn6DqBHYkdD0fKH59bzQMwJTqsCW9nqJ1etcI=,junyi,dkt,full,42
0.6513682036940687,0.8808243727598566,0.3814407614875403,0.3244840814040635,0.06273718180066458,0.1052899190846389,0.011858870907733892,0.005226732468797895,1116,992,124,+owQ9eTzitOLHF3SZxKwWN9ZpsHjg3tK4A9fpS7E0oo=,junyi,dkt,full,42
0.699533010670079,0.8826989619377162,0.33433995843987707,0.3116403723022839,0.0325365477676623,0.09711972164870612,0.0035580780637684073,0.00531405105861637,2890,2567,323,+tVk3DLjXUKiZ3/hK6CJAl3Z8sfp093/2DwLqCsFgMA=,junyi,dkt,full,42
0.7266396797452315,0.6754966887417219,0.6392852485617132,0.4624034114298644,0.11736126377753026,0.21381691490197643,0.017027405740367933,0.04687447314253554,604,347,257,+tX4n52MmDdJGGzRnY7I7jEoynqRl6k1jAnonznfs7Q=,junyi,dkt,full,42
0.6925432529230069,0.6516472868217055,0.6390231293444004,0.47169926708783055,0.04566366299842448,0.2225001985711965,0.00302177261941609,0.028133654927212415,2064,1130,934,+xN/geZI+rXD8yB7YBDvLwAXgXO6aORg9eOFv6AfGHM=,junyi,dkt,full,42
0.59719752620771,0.7902131782945736,0.5087044412360814,0.40140877719249396,0.06417664870720846,0.16112900640717326,0.00819211944972413,0.00378610518038903,2064,1662,402,+zUL0wWCfsBXNoDj5KsvASLlqd26KU9+nSN1zZ7GsQI=,junyi,dkt,full,42
0.6195353941832815,0.5799136069114471,0.6997250937305297,0.49891271125287584,0.08952514787826117,0.24891389344969547,0.014132761827390065,0.01400463603266495,926,497,429,/0Y1OFJkQGPagfYO9uI6mM0Z9KK7vcmT/QPVos+v7Ec=,junyi,dkt,full,42
0.6466302418019617,0.8842236024844721,0.3487870942203037,0.31526796502003496,0.034818172217896265,0.099393889767874,0.0034428164930465723,0.004794191780723435,4025,3566,459,/4h6DuvZuZzr028oR886m6kpiLYuUSmpr9v3ITNTgiY=,junyi,dkt,full,42
0.6475282687676042,0.6792079207920793,0.6774561411464597,0.47347693862598095,0.1705248135888931,0.22418041141063094,0.0469401047704351,0.013892632424442013,505,374,131,/7bwpUc6iDiE/m0Qj8CJo8qYMkAC51PHzIxTMmkE0nA=,junyi,dkt,full,42
0.6116083146352822,0.62134944612286,0.7453505231801144,0.5024915311865258,0.13887792452607092,0.25249773891417926,0.026885888102427855,0.015253159303478057,993,395,598,/OENQOL30zwAXAy3IN1FbzZFfjfOLaynYaW3w6bk2gw=,junyi,dkt,full,42
0.7689075630252101,0.7096114519427403,0.6070805207937651,0.44877345312679384,0.10688027652725199,0.20139761223134664,0.014098077454174358,0.05888108884573441,489,217,272,/ZG3Gxrc7wG0FWxYWExavs4ATbc0nu47cDYJAuQYVvc=,junyi,dkt,full,42
0.724869451697128,0.658465991316932,0.6262524574239702,0.4637179963204909,0.0848608988508388,0.21503438011149079,0.010514905139767975,0.04218190405151336,691,383,308,/acOsfJkQuYuDq5UjkRrojhkbUcIgia4SvjKpo1v0pI=,junyi,dkt,full,42
0.5566298629738216,0.8376309427880742,0.4641546000623834,0.3716624822016034,0.05702000594638605,0.1381330006762572,0.006093919672442539,0.001120055333288571,2482,2091,391,/dE70lhbWnFlB1v+ZQBYpQu2XDmodq4HYiBDGZRw3+o=,junyi,dkt,full,42
0.5806348981900452,0.5413533834586466,0.8239629472086579,0.5364073223979565,0.19487654371887336,0.28773281552214525,0.047864667180538986,0.009698995908892864,532,272,260,/dgnkSSQs7RfFOI233RPKNKg29VBS0L7s7IBSmtIWqI=,junyi,dkt,full,42
0.633007831209886,0.9174627435995415,0.2842490842866293,0.2739471697906285,0.032353756386312736,0.07504705183629543,0.003627990257553138,0.0016136953140433083,2617,2409,208,/fQsOaxbPuYyM7ZO/JBLBRA6HJyOHY8zUN9oLVT5vYM=,junyi,dkt,full,42
0.645173809925812,0.7703180212014135,0.5077720657716902,0.40622753600121647,0.04637633034642572,0.16502081100561963,0.004920335689874525,0.008820433682443025,3962,3111,851,/fn8Ym16AvhuhgFRtoeZ4sRU9ZRhvvpYN90SUH7zQ4M=,junyi,dkt,full,42
0.6410293834605761,0.6141450313339302,0.6993950955237579,0.4966129944559891,0.1003235351200897,0.24662446626254425,0.015855349828896696,0.019309553462811005,1117,545,572,+DlgHAr1GtoQgtGqwoen6pt4/ayVRO+rMaCVZ7jGCHE=,junyi,dkt,full,2024
0.5419592821167624,0.5630252100840336,0.8840307271006855,0.5503494997916442,0.2366219862548149,0.3028845719209129,0.07873289438593295,0.023901941472296184,238,111,127,+IgBffWedJpxG6Zo/kHbrgIRR4jwwTwa6nV03GLwX5A=,junyi,dkt,full,2024
0.5666526492851135,0.61328125,0.7899868301675297,0.5132874017958767,0.18936379115621094,0.2634639568423618,0.054278798020422625,0.009683404370374491,256,174,82,+Lgj0Me9/8gtiruGKq8KxemAD15kU4yCfb6nteNDWjw=,junyi,dkt,full,2024
0.6439164464402491,0.6406360424028269,0.6547332089740033,0.47836967545931247,0.07367274706176234,0.22883754639904794,0.0072302700237348305,0.014935042838831236,2830,1743,1087,+N+e7SzcUVowUo7D4udR8rBKRmR1H7yuu5Tleqlhv48=,junyi,dkt,full,2024
0.6040799550904207,0.6429424408884643,0.6444217519866661,0.4745928139533872,0.0566510822555459,0.2252383390561944,0.005029310423108649,0.0074486890214404185,4187,2720,1467,+ZVl8HEbTM1GOoCTt2wxAfzQswvAWL3L8e5mLuyy1dY=,junyi,dkt,full,2024
0.6230349755547199,0.836857052698012,0.4398795010335207,0.3659118762319669,0.04784445605676009,0.1338915011675983,0.0037480287981745243,0.004577149237565706,3169,2659,510,+aXi8dpg0URdKkJtkicic7DrTHAWPSnR9bwD+QouANE=,junyi,dkt,full,2024
0.6344024608971854,0.8075699745547074,0.4787522405324397,0.3872183070743816,0.0585531014214452,0.14993801733355008,0.005731663082689355,0.006969364900036061,3144,2559,585,+c+5BQh1a2P75VjWgg/aX+j7kru6tteMWrupq+MMQgw=,junyi,dkt,full,2024
0.6136817226890756,0.6882785956964892,0.6189426962574991,0.4606262961768554,0.04950638554488242,0.2121765847296081,0.003720444573469858,0.011646098156088617,3532,1152,2380,+cLbiKkV7+VhNPr7OGG3B3kPpZ8er0mvFvqPbM/gm+E=,junyi,dkt,full,2024
0.622243935141766,0.6263736263736264,0.7135225591642307,0.491912555655905,0.11175340906317746,0.24197796241192387,0.017595654774483414,0.011138580681821749,1092,679,413,+fQqnCkVTMs8GPkdZJWUcApXC/Ea9bVtxNIblqLRie4=,junyi,dkt,full,2024
0.717089631899728,0.6510067114093959,0.6606713240804021,0.4764845353577459,0.12977632374858997,0.227037512435087,0.020959918116159756,0.03805506098005068,596,339,257,+g5YlvjiVYzjFfpMkHEGCty7PGcKRuuCVDY/g8dzoD0=,junyi,dkt,full,2024
0.6094340078428846,0.6409921671018277,0.7182042728408752,0.49074061651094303,0.16037860460209788,0.24082635269354047,0.04132955369171383,0.013613049289549328,766,533,233,+gP/fH6yBDlDTCmjUykZq+rykF0MopXNzQLSxiEVEYY=,junyi,dkt,full,2024
0.6222958754208754,0.63040050457269,0.6438320258712715,0.47435202316030767,0.05191923081827854,0.22500984187627707,0.00391768659692182,0.01066552072422938,3171,2016,1155,+kCFtC8nCf9I2/ee1BGgQRlVBoECQV9G/8z4fL7hzp4=,junyi,dkt,full,2024
0.6100427350427351,0.6261859582542695,0.7118775918805137,0.49482890331641566,0.1599725289676741,0.24485564355732664,0.04239656555961907,0.019827294685166447,527,351,176,+lmw480dBLSwkBgaKdL9MeVNsUfCgHmD+L4wzqUFX9M=,junyi,dkt,full,2024
0.616463278101209,0.9681335356600911,0.14444971051254094,0.1780412110041059,0.01362385995380792,0.03169867281580856,0.0018274613795215924,0.0010376451363791775,2636,2552,84,+mwsRV33uKTS+1DrZGfM+z+Ccut/FGocokZm/j0OJ/k=,junyi,dkt,full,2024
0.6114790887453248,0.6850613154960981,0.6262789406099937,0.4583019978186724,0.09250789620771321,0.21004072120458642,0.012270237395482735,0.008628606941803727,1794,1275,519,+odAMeNn6DqBHYkdD0fKH59bzQMwJTqsCW9nqJ1etcI=,junyi,dkt,full,2024
0.6510746165178958,0.8895599654874892,0.33317580832305493,0.30785509959492335,0.0632517485589278,0.09477476234660018,0.012135292581384583,0.0024598326634832405,1159,1049,110,+owQ9eTzitOLHF3SZxKwWN9ZpsHjg3tK4A9fpS7E0oo=,junyi,dkt,full,2024
0.66937190149974,0.8644192011725907,0.3940014985533374,0.3362559587114619,0.06037959019073681,0.11306806976896437,0.006513470737523765,0.005016360557997124,2729,2378,351,+tVk3DLjXUKiZ3/hK6CJAl3Z8sfp093/2DwLqCsFgMA=,junyi,dkt,full,2024
0.7051773889546813,0.6421356421356421,0.6784442132788882,0.479952667211224,0.12278888917502558,0.2303545627631679,0.01973470030305696,0.039120357499875275,693,359,334,+tX4n52MmDdJGGzRnY7I7jEoynqRl6k1jAnonznfs7Q=,junyi,dkt,full,2024
0.656415971652399,0.625,0.6694498751415029,0.4835120542294311,0.06141919460520149,0.23378390658516435,0.007721123737659144,0.01918070978447934,2000,1142,858,+xN/geZI+rXD8yB7YBDvLwAXgXO6aORg9eOFv6AfGHM=,junyi,dkt,full,2024
0.5863343056660479,0.798654493032196,0.5091495655428481,0.4024995996602941,0.06951388356520657,0.162005927726697,0.008793694426518815,0.004014670929681792,2081,1676,405,+zUL0wWCfsBXNoDj5KsvASLlqd26KU9+nSN1zZ7GsQI=,junyi,dkt,full,2024
0.5383172444054409,0.5248565965583174,0.7581405511909172,0.5247361016421295,0.1382876406913449,0.2753479763665792,0.029306211635909202,0.005384824613174563,1046,530,516,/0Y1OFJkQGPagfYO9uI6mM0Z9KK7vcmT/QPVos+v7Ec=,junyi,dkt,full,2024
0.6435360314891485,0.8668149246355324,0.3774012273543155,0.3325271186005689,0.04283210226296197,0.11057428460479679,0.004688736242979408,0.0049115751406506635,4047,3534,513,/4h6DuvZuZzr028oR886m6kpiLYuUSmpr9v3ITNTgiY=,junyi,dkt,full,2024
0.6117798293794554,0.6869070208728653,0.6452762433618672,0.45990569279380056,0.1336528183839353,0.21151324626414564,0.037053738095180554,0.008941701672962196,527,398,129,/7bwpUc6iDiE/m0Qj8CJo8qYMkAC51PHzIxTMmkE0nA=,junyi,dkt,full,2024
0.6946502355926061,0.6781456953642384,0.6537323856607226,0.47295431595857956,0.08309795688961122,0.2236857849838479,0.012046764612045116,0.02893167274132441,755,310,445,/OENQOL30zwAXAy3IN1FbzZFfjfOLaynYaW3w6bk2gw=,junyi,dkt,full,2024
0.6918498168498168,0.6788008565310493,0.6767194656938413,0.47230167824814745,0.11265982478972712,0.2230688752760166,0.0229909458050321,0.030356020807201626,467,168,299,/ZG3Gxrc7wG0FWxYWExavs4ATbc0nu47cDYJAuQYVvc=,junyi,dkt,full,2024
0.6831744955902896,0.6307471264367817,0.6864157823469254,0.48987125328096476,0.1136734672907697,0.23997384479106315,0.02394335778111303,0.034340702165773195,696,359,337,/acOsfJkQuYuDq5UjkRrojhkbUcIgia4SvjKpo1v0pI=,junyi,dkt,full,2024
0.5568971087484069,0.8205226748654881,0.4805901478016739,0.38425524987346077,0.06109224035362386,0.14765209705531576,0.007617902951388232,0.0013558526324198878,2602,2159,443,/dE70lhbWnFlB1v+ZQBYpQu2XDmodq4HYiBDGZRw3+o=,junyi,dkt,full,2024
0.5652421859833042,0.5443349753694581,0.7977617970432107,0.5312156917502705,0.18331914475609737,0.2821901111617184,0.045341854659672484,0.013500940650687266,406,202,204,/dgnkSSQs7RfFOI233RPKNKg29VBS0L7s7IBSmtIWqI=,junyi,dkt,full,2024
0.6225168505415646,0.9232343909928352,0.27282543530332976,0.2636573071238464,0.031625129628821066,0.06951517559979825,0.003000827687024331,0.0028948512272498903,2931,2711,220,/fQsOaxbPuYyM7ZO/JBLBRA6HJyOHY8zUN9oLVT5vYM=,junyi,dkt,full,2024
0.6284396129615522,0.7687376725838264,0.530135000695639,0.4142270267503493,0.05256332291190966,0.1715840296904346,0.00480632317920148,0.006384909208702948,4056,3153,903,/fn8Ym16AvhuhgFRtoeZ4sRU9ZRhvvpYN90SUH7zQ4M=,junyi,dkt,full,2024
0.6360244357160865,0.6500615006150061,0.6465334189670798,0.4742646249571527,0.09168674239629895,0.22492693448574871,0.0126664498762292,0.015502402173265123,1626,572,1054,+DlgHAr1GtoQgtGqwoen6pt4/ayVRO+rMaCVZ7jGCHE=,junyi,dkt,full,2025
0.5026922028353327,0.49794238683127573,0.8754445572614493,0.5620474647536648,0.2513863196588838,0.31589735263602214,0.07788691796727322,0.010992395067470542,243,112,131,+IgBffWedJpxG6Zo/kHbrgIRR4jwwTwa6nV03GLwX5A=,junyi,dkt,full,2025
0.5643650793650794,0.6720647773279352,0.8681695304966246,0.5080369037821861,0.1888860271308526,0.2581014956045903,0.0604136930811414,0.00816012816520456,247,175,72,+Lgj0Me9/8gtiruGKq8KxemAD15kU4yCfb6nteNDWjw=,junyi,dkt,full,2025
0.6474476922656514,0.64,0.6342893848121779,0.47017890274294677,0.0629043780407335,0.22106820058456142,0.0054365006337786115,0.01523199754440524,2925,1866,1059,+N+e7SzcUVowUo7D4udR8rBKRmR1H7yuu5Tleqlhv48=,junyi,dkt,full,2025
0.6038357321266912,0.6521394611727417,0.6351070835697356,0.47010675499127846,0.04850535792172177,0.2210003610884299,0.004164779342832682,0.006993954353341319,3786,2505,1281,+ZVl8HEbTM1GOoCTt2wxAfzQswvAWL3L8e5mLuyy1dY=,junyi,dkt,full,2025
0.6332281598310694,0.840969553650606,0.4252067532103985,0.35921498365258303,0.044199229916488836,0.1290354044805255,0.004835059726437517,0.004125188294473455,3383,2871,512,+aXi8dpg0URdKkJtkicic7DrTHAWPSnR9bwD+QouANE=,junyi,dkt,full,2025
0.6644046666666666,0.795483870967742,0.47824549646520975,0.38958499319523104,0.04574759705713198,0.15177646692292823,0.005628238886329413,0.009683914780914168,3100,2500,600,+c+5BQh1a2P75VjWgg/aX+j7kru6tteMWrupq+MMQgw=,junyi,dkt,full,2025
0.6723717628632293,0.7047275641025641,0.6020722278236104,0.4517582716649302,0.046877272692001544,0.2040855360176849,0.003230189495685186,0.022589818042938754,2496,841,1655,+cLbiKkV7+VhNPr7OGG3B3kPpZ8er0mvFvqPbM/gm+E=,junyi,dkt,full,2025
0.6459523114760932,0.673036093418259,0.6415581183970178,0.46706031331722564,0.09917732076857816,0.21814533627598498,0.015575947139156318,0.01336240953145374,942,644,298,+fQqnCkVTMs8GPkdZJWUcApXC/Ea9bVtxNIblqLRie4=,junyi,dkt,full,2025
0.6158980357209165,0.5948795180722891,0.7760870560341172,0.5145881689519258,0.1533636817251366,0.26480098362529575,0.03451340178672325,0.012692900693627837,664,382,282,+g5YlvjiVYzjFfpMkHEGCty7PGcKRuuCVDY/g8dzoD0=,junyi,dkt,full,2025
0.6499673117154812,0.7241379310344828,0.6048420594525219,0.44315897271928456,0.11200277575183668,0.1963898751016116,0.02059700837648694,0.010290622397502688,638,478,160,+gP/fH6yBDlDTCmjUykZq+rykF0MopXNzQLSxiEVEYY=,junyi,dkt,full,2025
0.6307541083209763,0.6375802997858673,0.6367667516142733,0.471766649789407,0.04958113513456167,0.22256377185352103,0.0038126810357560193,0.011392796995226322,3736,2394,1342,+kCFtC8nCf9I2/ee1BGgQRlVBoECQV9G/8z4fL7hzp4=,junyi,dkt,full,2025
0.6860918416620537,0.6926751592356688,0.5857773925547075,0.4478060271553115,0.06645051914839678,0.20053023795662359,0.009721544230949182,0.02558386703749064,628,431,197,+lmw480dBLSwkBgaKdL9MeVNsUfCgHmD+L4wzqUFX9M=,junyi,dkt,full,2025
0.5242402843583198,0.9586583463338534,0.188540841105545,0.2041756595426158,0.02668414706605462,0.041687699949662156,0.0030982393807643927,0.00025677704020112295,2564,2461,103,+mwsRV33uKTS+1DrZGfM+z+Ccut/FGocokZm/j0OJ/k=,junyi,dkt,full,2025
0.6386824009375749,0.6793666501731815,0.6297212435597896,0.4635864343288919,0.07911047672890661,0.21491238209377603,0.008934406380405905,0.01411012813507907,2021,1357,664,+odAMeNn6DqBHYkdD0fKH59bzQMwJTqsCW9nqJ1etcI=,junyi,dkt,full,2025
0.6860248783635482,0.8604135893648449,0.38902403595664964,0.33344681485848227,0.05298404332850146,0.11118677833926696,0.0071153382119826985,0.01161294862189043,1354,1173,181,+owQ9eTzitOLHF3SZxKwWN9ZpsHjg3tK4A9fpS7E0oo=,junyi,dkt,full,2025
0.6912601196084841,0.8678216233557908,0.3609761181641624,0.3269460233218864,0.036783451013049535,0.10689370216599549,0.006053510477644103,0.005978268280170282,3117,2737,380,+tVk3DLjXUKiZ3/hK6CJAl3Z8sfp093/2DwLqCsFgMA=,junyi,dkt,full,2025
0.6697086697086696,0.6240822320117474,0.7414365128343439,0.5013131587573421,0.17243547891177752,0.25131488314326406,0.03417380452048072,0.02850346714570732,681,385,296,+tX4n52MmDdJGGzRnY7I7jEoynqRl6k1jAnonznfs7Q=,junyi,dkt,full,2025
0.6386289319233489,0.6022222222222222,0.6749852713909755,0.48939620337818857,0.07357709465755358,0.2395086438809853,0.0073432380449624714,0.016788346555569152,2250,1179,1071,+xN/geZI+rXD8yB7YBDvLwAXgXO6aORg9eOFv6AfGHM=,junyi,dkt,full,2025
0.62366579486817,0.7860240963855422,0.50766169830532,0.40363121014538694,0.05043807472091125,0.1629181538034295,0.00403367372279442,0.00534496645486858,2075,1645,430,+zUL0wWCfsBXNoDj5KsvASLlqd26KU9+nSN1zZ7GsQI=,junyi,dkt,full,2025
0.6214056919848312,0.5959595959595959,0.701163093213785,0.49847091779234176,0.08505739748967114,0.24847325588473956,0.012562455299278479,0.012043316128184474,990,519,471,/0Y1OFJkQGPagfYO9uI6mM0Z9KK7vcmT/QPVos+v7Ec=,junyi,dkt,full,2025
0.6489829068071411,0.868421052631579,0.37458088764017555,0.33070586014861236,0.031161122643018797,0.10936636593663354,0.0033438846245529455,0.00432413364418223,3876,3386,490,/4h6DuvZuZzr028oR886m6kpiLYuUSmpr9v3ITNTgiY=,junyi,dkt,full,2025
0.6435649696519261,0.7051597051597052,0.6447973656577541,0.4583259425351553,0.15079578807170183,0.2100626696007385,0.0415829466454358,0.02530912493839973,407,299,108,/7bwpUc6iDiE/m0Qj8CJo8qYMkAC51PHzIxTMmkE0nA=,junyi,dkt,full,2025
0.6957641888307948,0.6939078751857355,0.6466684683673194,0.46349334630351996,0.11030958158089982,0.2148260820676347,0.0168488120941756,0.035068163581219496,673,249,424,/OENQOL30zwAXAy3IN1FbzZFfjfOLaynYaW3w6bk2gw=,junyi,dkt,full,2025
0.664801938474505,0.6238532110091743,0.7596046174339804,0.5019381307675502,0.14773706693763372,0.25194188711842236,0.03107336535629001,0.028059964014639158,436,210,226,/ZG3Gxrc7wG0FWxYWExavs4ATbc0nu47cDYJAuQYVvc=,junyi,dkt,full,2025
0.634343743054012,0.5712603062426383,0.789046000413372,0.5156736948831538,0.1642062478645039,0.26591935959444407,0.03411101911055431,0.017883960585983804,849,440,409,/acOsfJkQuYuDq5UjkRrojhkbUcIgia4SvjKpo1v0pI=,junyi,dkt,full,2025
0.5685159035800884,0.8478260869565217,0.4311106991214236,0.36136399798455665,0.06462446566559,0.13058393903938267,0.0094146675965009,0.00143623142737105,2392,2050,342,/dE70lhbWnFlB1v+ZQBYpQu2XDmodq4HYiBDGZRw3+o=,junyi,dkt,full,2025
0.5686576882217881,0.5338809034907598,0.8307250644241563,0.5420873565581289,0.19573310517860878,0.29385870214017995,0.054149443238793456,0.007926089307018939,487,213,274,/dgnkSSQs7RfFOI233RPKNKg29VBS0L7s7IBSmtIWqI=,junyi,dkt,full,2025
0.61427172182998,0.920234174899378,0.27892541537862064,0.2699742029492345,0.025644924683837816,0.07288607025807448,0.0022838367714579835,0.0016505516775770866,2733,2519,214,/fQsOaxbPuYyM7ZO/JBLBRA6HJyOHY8zUN9oLVT5vYM=,junyi,dkt,full,2025
0.649169098147589,0.7719721329046088,0.5169976253083726,0.4108923452174436,0.040600424350937074,0.16883251935829086,0.00403979338357377,0.010073067138823737,3732,2888,844,/fn8Ym16AvhuhgFRtoeZ4sRU9ZRhvvpYN90SUH7zQ4M=,junyi,dkt,full,2025
0.6770875918725437,0.6572459410703548,0.6285233866611277,0.4677761007838215,0.03495614158749249,0.2188144804645159,0.001701192372995001,0.025261139279954038,1663,686,977,+DlgHAr1GtoQgtGqwoen6pt4/ayVRO+rMaCVZ7jGCHE=,junyi,dkt,t500,42
0.5719186046511628,0.5434782608695652,0.691418307098608,0.49889996003128423,0.0542828494720497,0.24890117011921697,0.006671475787624447,0.004958386717817562,322,150,172,+IgBffWedJpxG6Zo/kHbrgIRR4jwwTwa6nV03GLwX5A=,junyi,dkt,t500,42
0.7519198229858127,0.7133757961783439,0.5728317291463487,0.44060746373334225,0.06964929273885347,0.1941349370975285,0.010890356868950339,0.05088662506568076,314,197,117,+Lgj0Me9/8gtiruGKq8KxemAD15kU4yCfb6nteNDWjw=,junyi,dkt,t500,42
0.6886508301298122,0.6727739098570905,0.6061559539669417,0.4575602361759549,0.038627773536093805,0.20936136972939567,0.002164848305857477,0.024138199734797253,2729,1737,992,+N+e7SzcUVowUo7D4udR8rBKRmR1H7yuu5Tleqlhv48=,junyi,dkt,t500,42
0.5936178411229552,0.6071058091286307,0.6536283575178311,0.48065356769110806,0.0978745345669087,0.2310278521341906,0.011471592524943718,0.005997426216488626,3856,2525,1331,+ZVl8HEbTM1GOoCTt2wxAfzQswvAWL3L8e5mLuyy1dY=,junyi,dkt,t500,42
0.6260098636881544,0.8582777248172863,0.4105724041640895,0.35143554138452665,0.06772150277724814,0.12350693974823536,0.005602862894285158,0.0037872453686930746,3147,2702,445,+aXi8dpg0URdKkJtkicic7DrTHAWPSnR9bwD+QouANE=,junyi,dkt,t500,42
0.6610791893827861,0.7883258499037845,0.48755868640967287,0.39619692773792764,0.09050033773733165,0.15697200554897264,0.01471778070091608,0.010629054426020098,3118,2529,589,+c+5BQh1a2P75VjWgg/aX+j7kru6tteMWrupq+MMQgw=,junyi,dkt,t500,42
0.5797353835536674,0.6008742434431742,0.6424581356893773,0.4751173960793161,0.1372308244815064,0.22573654005718974,0.020827250859288403,0.004703660264758879,2974,890,2084,+cLbiKkV7+VhNPr7OGG3B3kPpZ8er0mvFvqPbM/gm+E=,junyi,dkt,t500,42
0.7062714661670904,0.6852394916911045,0.5697730491026344,0.4405689895603651,0.06576938286412513,0.19410103456224112,0.008089912495765548,0.028394564116692375,1023,705,318,+fQqnCkVTMs8GPkdZJWUcApXC/Ea9bVtxNIblqLRie4=,junyi,dkt,t500,42
0.7190964649218466,0.6045380875202593,0.652353025896011,0.48027557533813486,0.16611664251863856,0.23066462826637646,0.03385528080764154,0.0346182661987896,617,393,224,+g5YlvjiVYzjFfpMkHEGCty7PGcKRuuCVDY/g8dzoD0=,junyi,dkt,t500,42
0.7165028401079645,0.7180232558139535,0.5518806277452747,0.43081709344285196,0.0363425741569768,0.18560336800254704,0.0029391018810935267,0.02598171583087906,688,482,206,+gP/fH6yBDlDTCmjUykZq+rykF0MopXNzQLSxiEVEYY=,junyi,dkt,t500,42
0.6461830196125484,0.6429794520547946,0.6168009807974268,0.4632210070392714,0.04078694152968037,0.21457370136247672,0.003617817707553667,0.014128635394834615,3504,2302,1202,+kCFtC8nCf9I2/ee1BGgQRlVBoECQV9G/8z4fL7hzp4=,junyi,dkt,t500,42
0.6746845272762569,0.7064606741573034,0.5680932343641927,0.4376609715957061,0.0792579408567416,0.19154712605809746,0.013981059280176424,0.02552650108600305,712,510,202,+lmw480dBLSwkBgaKdL9MeVNsUfCgHmD+L4wzqUFX9M=,junyi,dkt,t500,42
0.5943305880099599,0.9594927791475871,0.16975586026629427,0.19879273251176477,0.004676244011976105,0.03951855049949406,0.0008091464307854288,0.0001608564917118519,2839,2724,115,+mwsRV33uKTS+1DrZGfM+z+Ccut/FGocokZm/j0OJ/k=,junyi,dkt,t500,42
0.6820029895366218,0.7098797699947726,0.574107418086791,0.44131245783505824,0.05733027591217976,0.19475668544042005,0.004439227869112074,0.020007333320945536,1913,1338,575,+odAMeNn6DqBHYkdD0fKH59bzQMwJTqsCW9nqJ1etcI=,junyi,dkt,t500,42
0.6991781022372527,0.8897849462365591,0.32295200969063614,0.3041804988720288,0.02196844821684594,0.09252577589403631,0.0021587816837999223,0.008553790853898053,1116,992,124,+owQ9eTzitOLHF3SZxKwWN9ZpsHjg3tK4A9fpS7E0oo=,junyi,dkt,t500,42
0.7139829051994775,0.8875432525951558,0.324437071285601,0.3076804204358283,0.017493611965397882,0.09466724111956804,0.0012012621516190951,0.0054989036992550075,2890,2567,323,+tVk3DLjXUKiZ3/hK6CJAl3Z8sfp093/2DwLqCsFgMA=,junyi,dkt,t500,42
0.7598986308435842,0.6672185430463576,0.6050076783736237,0.45747499860470814,0.12535285668874174,0.2092833743483777,0.018287352351586683,0.053821834875815384,604,347,257,+tX4n52MmDdJGGzRnY7I7jEoynqRl6k1jAnonznfs7Q=,junyi,dkt,t500,42
0.698175134069849,0.6463178294573644,0.6362114657676121,0.4719248698477422,0.06405156225290697,0.2227130827808084,0.005656808387445839,0.030217391104272046,2064,1130,934,+xN/geZI+rXD8yB7YBDvLwAXgXO6aORg9eOFv6AfGHM=,junyi,dkt,t500,42
0.5985483233651239,0.8032945736434108,0.5034569032837429,0.39801129773079846,0.06370826599321697,0.1584129931213543,0.004564795335909248,0.0029805876261211712,2064,1662,402,+zUL0wWCfsBXNoDj5KsvASLlqd26KU9+nSN1zZ7GsQI=,junyi,dkt,t500,42
0.6218523260776782,0.5593952483801296,0.6966094756643474,0.5008753487362562,0.12064465874730022,0.2508761149716662,0.01617390903678787,0.013729273895133828,926,497,429,/0Y1OFJkQGPagfYO9uI6mM0Z9KK7vcmT/QPVos+v7Ec=,junyi,dkt,t500,42
0.64239482793803,0.8857142857142857,0.3425366656705924,0.3137627057535855,0.014395493982608733,0.09844703552181107,0.0012729384209355956,0.0036773826208242903,4025,3566,459,/4h6DuvZuZzr028oR886m6kpiLYuUSmpr9v3ITNTgiY=,junyi,dkt,t500,42
0.7126586929011716,0.7524752475247525,0.5165148406444066,0.4127946662157161,0.03273260334653466,0.17039943645614447,0.0021117452924238355,0.02365712901573045,505,374,131,/7bwpUc6iDiE/m0Qj8CJo8qYMkAC51PHzIxTMmkE0nA=,junyi,dkt,t500,42
0.673009186740612,0.6626384692849949,0.626073291953297,0.4662672475326316,0.056529556776435064,0.21740514612165637,0.006084167337315066,0.027704856168216517,993,395,598,/OENQOL30zwAXAy3IN1FbzZFfjfOLaynYaW3w6bk2gw=,junyi,dkt,t500,42
0.7770229059365682,0.7014314928425358,0.5654026165961126,0.4371150943211348,0.051688220582822096,0.1910696056833746,0.004453380504697107,0.05967902591093814,489,217,272,/ZG3Gxrc7wG0FWxYWExavs4ATbc0nu47cDYJAuQYVvc=,junyi,dkt,t500,42
0.756311247499237,0.6931982633863966,0.6246976857071601,0.46224560580993257,0.13533149518379162,0.2136710000905916,0.021052570382390046,0.05337733707510332,691,383,308,/acOsfJkQuYuDq5UjkRrojhkbUcIgia4SvjKpo1v0pI=,junyi,dkt,t500,42
0.5798122754809615,0.8428686543110395,0.4333664674267719,0.36376099291738884,0.02011053862207901,0.13232205996824462,0.0018166845290915029,0.002185278031451154,2482,2091,391,/dE70lhbWnFlB1v+ZQBYpQu2XDmodq4HYiBDGZRw3+o=,junyi,dkt,t500,42
0.6164239253393665,0.5526315789473685,0.6949367037227541,0.5006210430119719,0.10885085962406016,0.25062142870639453,0.013295660879340195,0.011945829814265754,532,272,260,/dgnkSSQs7RfFOI233RPKNKg29VBS0L7s7IBSmtIWqI=,junyi,dkt,t500,42
0.6445840118785324,0.9205196790217807,0.269002772449736,0.2688530395322333,0.009183932311807433,0.07228195686572057,0.001144082214171064,0.0016160891517064103,2617,2409,208,/fQsOaxbPuYyM7ZO/JBLBRA6HJyOHY8zUN9oLVT5vYM=,junyi,dkt,t500,42
0.638759551132198,0.7763755678950025,0.504699044395777,0.4044857364714342,0.03124560982079759,0.1636087110088385,0.002610932466930789,0.007059918069156755,3962,3111,851,/fn8Ym16AvhuhgFRtoeZ4sRU9ZRhvvpYN90SUH7zQ4M=,junyi,dkt,t500,42
0.6512439161949325,0.634996993385448,0.6455559425213349,0.4760647423411825,0.03298743334936861,0.22663763890037647,0.0018314527043728993,0.016885018411356513,1663,686,977,+DlgHAr1GtoQgtGqwoen6pt4/ayVRO+rMaCVZ7jGCHE=,junyi,dkt,t100,42
0.499515503875969,0.5093167701863354,0.7135465214325624,0.5095781150078066,0.06931324093167698,0.2596698552949094,0.017336844002918666,0.005363421863766693,322,150,172,+IgBffWedJpxG6Zo/kHbrgIRR4jwwTwa6nV03GLwX5A=,junyi,dkt,t100,42
0.719206907024166,0.6242038216560509,0.6206896003723553,0.4648745692798215,0.10936594675159235,0.21610836516309959,0.023962068211954707,0.04146058334327146,314,197,117,+Lgj0Me9/8gtiruGKq8KxemAD15kU4yCfb6nteNDWjw=,junyi,dkt,t100,42
0.5346015098334169,0.6244045437889337,0.6759282175680396,0.48938488702417643,0.08702497468669845,0.23949756764766592,0.009608346592958582,0.0019037238928243073,2729,1737,992,+N+e7SzcUVowUo7D4udR8rBKRmR1H7yuu5Tleqlhv48=,junyi,dkt,t100,42
0.6170624335160788,0.6530082987551867,0.6364678461381337,0.47047825607205424,0.060016537354771735,0.22134978943660144,0.004993421006497038,0.009095645195629611,3856,2525,1331,+ZVl8HEbTM1GOoCTt2wxAfzQswvAWL3L8e5mLuyy1dY=,junyi,dkt,t100,42
0.6417892697045051,0.8452494439148396,0.4146970109676169,0.3526910975761887,0.060725552839211924,0.12439101030949666,0.009129543822760782,0.006219928518356393,3147,2702,445,+aXi8dpg0URdKkJtkicic7DrTHAWPSnR9bwD+QouANE=,junyi,dkt,t100,42
0.6502875640868135,0.790891597177678,0.4946431294854252,0.39934213179509387,0.11018101238293777,0.15947413822665013,0.016794812889645804,0.010874517214843806,3118,2529,589,+c+5BQh1a2P75VjWgg/aX+j7kru6tteMWrupq+MMQgw=,junyi,dkt,t100,42
0.5869007310918933,0.6341627437794216,0.638877117520852,0.4731773371392227,0.13035670480598519,0.22389679238216564,0.018852335249815055,0.004686365671017861,2974,890,2084,+cLbiKkV7+VhNPr7OGG3B3kPpZ8er0mvFvqPbM/gm+E=,junyi,dkt,t100,42
0.7083902047370534,0.6520039100684262,0.6543392420602427,0.47818693250855593,0.17916952581133913,0.22866274242194223,0.041464407795132135,0.027067309916097033,1023,705,318,+fQqnCkVTMs8GPkdZJWUcApXC/Ea9bVtxNIblqLRie4=,junyi,dkt,t100,42
0.6973202926208651,0.6774716369529984,0.5986213376790177,0.45443347669740525,0.06996543560777965,0.20650978474329115,0.01120772218948033,0.03610198450291347,617,393,224,+g5YlvjiVYzjFfpMkHEGCty7PGcKRuuCVDY/g8dzoD0=,junyi,dkt,t100,42
0.6511501430125287,0.7049418604651163,0.5899292541073292,0.448793401583839,0.06337374848837213,0.201415517305193,0.0088571855427601,0.01745476921899589,688,482,206,+gP/fH6yBDlDTCmjUykZq+rykF0MopXNzQLSxiEVEYY=,junyi,dkt,t100,42
0.5556748382004507,0.5653538812785388,0.6748463020072522,0.49129435093674606,0.11906974235445207,0.2413701392623586,0.018771169744099328,0.002687288587027623,3504,2302,1202,+kCFtC8nCf9I2/ee1BGgQRlVBoECQV9G/8z4fL7hzp4=,junyi,dkt,t100,42
0.640885264997088,0.6685393258426966,0.6026474600375793,0.4558122697214382,0.07577951466292136,0.2077648252286091,0.017226013843306034,0.012620529045325509,712,510,202,+lmw480dBLSwkBgaKdL9MeVNsUfCgHmD+L4wzqUFX9M=,junyi,dkt,t100,42
0.5801203473153291,0.9594927791475871,0.17712489240107598,0.20225139584324642,0.018385335110954512,0.04090562712054155,0.0021735765687481657,8.051679225392803e-05,2839,2724,115,+mwsRV33uKTS+1DrZGfM+z+Ccut/FGocokZm/j0OJ/k=,junyi,dkt,t100,42
0.6839578865275883,0.7156299006795609,0.5711817792339793,0.4388790120710097,0.04041161953998955,0.1926147872364255,0.002098165870260041,0.01921644869335299,1913,1338,575,+odAMeNn6DqBHYkdD0fKH59bzQMwJTqsCW9nqJ1etcI=,junyi,dkt,t100,42
0.6499048842351717,0.8888888888888888,0.3365183140596445,0.3101089637110062,0.021722818073476643,0.09616756937391419,0.0015064272013867687,0.004047927526815543,1116,992,124,+owQ9eTzitOLHF3SZxKwWN9ZpsHjg3tK4A9fpS7E0oo=,junyi,dkt,t100,42
0.6861528979992546,0.8878892733564013,0.33190150610844543,0.310177203406229,0.026142416498269892,0.09620989751290916,0.001556183856643462,0.004407831106291725,2890,2567,323,+tVk3DLjXUKiZ3/hK6CJAl3Z8sfp093/2DwLqCsFgMA=,junyi,dkt,t100,42
0.7543479967256865,0.6887417218543046,0.597070991417434,0.45298009777469933,0.07466915271523182,0.20519096897997618,0.01390293864046605,0.05274640756010178,604,347,257,+tX4n52MmDdJGGzRnY7I7jEoynqRl6k1jAnonznfs7Q=,junyi,dkt,t100,42
0.6983475772678176,0.6492248062015504,0.6270467720657387,0.4678518196776115,0.03226529712209306,0.21888532517565235,0.0013137666860471165,0.029324716176625597,2064,1130,934,+xN/geZI+rXD8yB7YBDvLwAXgXO6aORg9eOFv6AfGHM=,junyi,dkt,t100,42
0.5982115595308656,0.8047480620155039,0.48590748954102264,0.3943713286909885,0.027424562383720964,0.15552874489349572,0.0019954191542792894,0.003107960150880671,2064,1662,402,+zUL0wWCfsBXNoDj5KsvASLlqd26KU9+nSN1zZ7GsQI=,junyi,dkt,t100,42
0.6228747778043553,0.5561555075593952,0.7242333197147365,0.5124819399358163,0.16427617177105827,0.26263773876037755,0.029031013208050575,0.01456693604029039,926,497,429,/0Y1OFJkQGPagfYO9uI6mM0Z9KK7vcmT/QPVos+v7Ec=,junyi,dkt,t100,42
0.6675305505763096,0.8859627329192546,0.3404485860430263,0.31098350399969804,0.03005913887701876,0.0967107397599302,0.0015679461371250483,0.005683177357430679,4025,3566,459,/4h6DuvZuZzr028oR886m6kpiLYuUSmpr9v3ITNTgiY=,junyi,dkt,t100,42
0.6792260276768585,0.7485148514851485,0.5350118031071803,0.4209956975226451,0.039634232158415855,0.1772373773325785,0.005039331798602369,0.01903333269603406,505,374,131,/7bwpUc6iDiE/m0Qj8CJo8qYMkAC51PHzIxTMmkE0nA=,junyi,dkt,t100,42
0.6335760552051141,0.6354481369587109,0.7169024330733169,0.49970201390216684,0.15660172749446125,0.24970210269788135,0.02721820253247965,0.01725890449828972,993,395,598,/OENQOL30zwAXAy3IN1FbzZFfjfOLaynYaW3w6bk2gw=,junyi,dkt,t100,42
0.7115918948224451,0.6687116564417178,0.6408958082918027,0.4704570598323147,0.09511114121676892,0.22132984514606613,0.011878195703109235,0.03868447518543365,489,217,272,/ZG3Gxrc7wG0FWxYWExavs4ATbc0nu47cDYJAuQYVvc=,junyi,dkt,t100,42
0.7421459089213659,0.678726483357453,0.583041806742125,0.447912900286743,0.07232254317655572,0.2006259662432818,0.009646807485269445,0.0551488833853632,691,383,308,/acOsfJkQuYuDq5UjkRrojhkbUcIgia4SvjKpo1v0pI=,junyi,dkt,t100,42
0.5847995489131963,0.8279613215149073,0.454069433712952,0.3746219383403616,0.06981284135777598,0.14034159668588972,0.011221352133015058,0.0033235455235713558,2482,2091,391,/dE70lhbWnFlB1v+ZQBYpQu2XDmodq4HYiBDGZRw3+o=,junyi,dkt,t100,42
0.46164451357466063,0.4699248120300752,0.7123281335541806,0.5091804577428772,0.08352431182330829,0.25926473854724597,0.012303498521925587,0.003456620059326165,532,272,260,/dgnkSSQs7RfFOI233RPKNKg29VBS0L7s7IBSmtIWqI=,junyi,dkt,t100,42
0.6599500670562314,0.9147879251050821,0.2792430931920129,0.2741929460918998,0.02976610550248373,0.07518177168655547,0.0038663115912677525,0.0018192768499977986,2617,2409,208,/fQsOaxbPuYyM7ZO/JBLBRA6HJyOHY8zUN9oLVT5vYM=,junyi,dkt,t100,42
0.5965591183401757,0.759464916708733,0.5422594259238755,0.42378419851201937,0.0997290622286724,0.17959304690847466,0.01462459193936936,0.0034230413153286177,3962,3111,851,/fn8Ym16AvhuhgFRtoeZ4sRU9ZRhvvpYN90SUH7zQ4M=,junyi,dkt,t100,42
0.6613443008436012,0.6422128683102826,0.640069499713289,0.47379908514368546,0.04342040991581479,0.22448557308299333,0.0026524230081490354,0.020508490124347613,1663,686,977,+DlgHAr1GtoQgtGqwoen6pt4/ayVRO+rMaCVZ7jGCHE=,junyi,dkt,t50,42
0.583624031007752,0.5279503105590062,0.7467255393778058,0.5226265809203978,0.17523269093167698,0.2731385430845451,0.0365537264664266,0.011595266473347446,322,150,172,+IgBffWedJpxG6Zo/kHbrgIRR4jwwTwa6nV03GLwX5A=,junyi,dkt,t50,42
0.7280142305523016,0.6305732484076433,1.0006118097481942,0.5451278501897332,0.29889616694267523,0.29716437305248017,0.10572825776473113,0.03907124606749036,314,197,117,+Lgj0Me9/8gtiruGKq8KxemAD15kU4yCfb6nteNDWjw=,junyi,dkt,t50,42
0.594434810667261,0.6328325393917186,0.6600853508843232,0.4829892694850901,0.08623775989739828,0.23327863443774097,0.00886970739284616,0.006575215663788836,2729,1737,992,+N+e7SzcUVowUo7D4udR8rBKRmR1H7yuu5Tleqlhv48=,junyi,dkt,t50,42
0.5528476318706251,0.6501556016597511,0.6434351017886186,0.4751500449231519,0.04641071815871369,0.22576756519047325,0.003052034279588697,0.002671833086964547,3856,2525,1331,+ZVl8HEbTM1GOoCTt2wxAfzQswvAWL3L8e5mLuyy1dY=,junyi,dkt,t50,42
0.6214830462661864,0.8585954877661265,0.4010311195015164,0.347096414555245,0.038263375046075666,0.12047592099710648,0.002603359645472273,0.003534578961499951,3147,2702,445,+aXi8dpg0URdKkJtkicic7DrTHAWPSnR9bwD+QouANE=,junyi,dkt,t50,42
0.6532004637545725,0.8149454778704298,0.46503137545298656,0.38147150543285707,0.04161391858883901,0.14552050945721032,0.002441546023571157,0.009694821081026274,3118,2529,589,+c+5BQh1a2P75VjWgg/aX+j7kru6tteMWrupq+MMQgw=,junyi,dkt,t50,42
0.47541110440164763,0.6950235373234701,0.6290881753653781,0.4676527323833095,0.07959268155346333,0.21869907810557532,0.010187991223134928,0.0018822704177344658,2974,890,2084,+cLbiKkV7+VhNPr7OGG3B3kPpZ8er0mvFvqPbM/gm+E=,junyi,dkt,t50,42
0.7022570141397921,0.6881720430107527,0.6080080128393915,0.450301773333409,0.10293074296578694,0.20277168706721285,0.013940608773450163,0.024260673699145485,1023,705,318,+fQqnCkVTMs8GPkdZJWUcApXC/Ea9bVtxNIblqLRie4=,junyi,dkt,t50,42
0.5507826699382044,0.5494327390599676,0.6669991523745984,0.48745477210296645,0.09141310826580226,0.23761215484595496,0.016930063672454827,0.00994644102755684,617,393,224,+g5YlvjiVYzjFfpMkHEGCty7PGcKRuuCVDY/g8dzoD0=,junyi,dkt,t50,42
0.7112758328969101,0.7223837209302325,0.5835813536855722,0.4395435103691643,0.09511179876453493,0.19319849750764764,0.011813964337691128,0.02818401298932892,688,482,206,+gP/fH6yBDlDTCmjUykZq+rykF0MopXNzQLSxiEVEYY=,junyi,dkt,t50,42
0.5741041574208061,0.6478310502283106,0.6477804424399898,0.4761524577492936,0.0704959828824201,0.22672116302069284,0.006302396326762196,0.004689238624323149,3504,2302,1202,+kCFtC8nCf9I2/ee1BGgQRlVBoECQV9G/8z4fL7hzp4=,junyi,dkt,t50,42
0.6196466705494079,0.7120786516853933,0.5817618320572642,0.44423913813003846,0.03237558778089892,0.1973484118465194,0.00182531100825966,0.007320767091681271,712,510,202,+lmw480dBLSwkBgaKdL9MeVNsUfCgHmD+L4wzqUFX9M=,junyi,dkt,t50,42
0.5730559279831451,0.9594927791475871,0.19567980528384912,0.21293987878147155,0.054007792169778135,0.0453433919754678,0.00634199963171627,0.00025191867869931616,2839,2724,115,+mwsRV33uKTS+1DrZGfM+z+Ccut/FGocokZm/j0OJ/k=,junyi,dkt,t50,42
0.6191356339767337,0.6999477260846837,0.5923368217706316,0.4499872947386733,0.02864655040250921,0.20248856542622964,0.001894964673339418,0.008662215416904638,1913,1338,575,+odAMeNn6DqBHYkdD0fKH59bzQMwJTqsCW9nqJ1etcI=,junyi,dkt,t50,42
0.6748382219042663,0.8879928315412187,0.35543784397836314,0.31281502724194465,0.06121584025985663,0.09785324126837859,0.005728741041031819,0.005954186863561911,1116,992,124,+owQ9eTzitOLHF3SZxKwWN9ZpsHjg3tK4A9fpS7E0oo=,junyi,dkt,t50,42
0.6832510996320288,0.8404844290657439,0.3904883160809462,0.3463295620610033,0.10526626654394468,0.11994416555736633,0.026131536911532287,0.005130094633356237,2890,2567,323,+tVk3DLjXUKiZ3/hK6CJAl3Z8sfp093/2DwLqCsFgMA=,junyi,dkt,t50,42
0.7595734421780913,0.6572847682119205,0.6187668253210188,0.4631707926255797,0.12815636437086092,0.21452718314140776,0.019196860523122382,0.04775613622932172,604,347,257,+tX4n52MmDdJGGzRnY7I7jEoynqRl6k1jAnonznfs7Q=,junyi,dkt,t50,42
0.7061103636467,0.6172480620155039,0.6592438626080993,0.4807605818817381,0.12278287478972866,0.23113073709126739,0.016428493598064982,0.033021450163787436,2064,1130,934,+xN/geZI+rXD8yB7YBDvLwAXgXO6aORg9eOFv6AfGHM=,junyi,dkt,t50,42
0.6167410540558339,0.7800387596899225,0.5168184414963846,0.4101312607311895,0.11285260885658917,0.16820765102895494,0.01616233355038884,0.004404480368565631,2064,1662,402,+zUL0wWCfsBXNoDj5KsvASLlqd26KU9+nSN1zZ7GsQI=,junyi,dkt,t50,42
0.5501775220085079,0.5367170626349892,0.6998745064274999,0.5026311446999571,0.06037922882289416,0.2526380676223892,0.0076103917848692635,0.0033407790509716474,926,497,429,/0Y1OFJkQGPagfYO9uI6mM0Z9KK7vcmT/QPVos+v7Ec=,junyi,dkt,t50,42
0.6260852007033262,0.8859627329192546,0.3567732363943066,0.32003584101136223,0.04859560589565211,0.10242293953184992,0.003504211855254296,0.001814981867413463,4025,3566,459,/4h6DuvZuZzr028oR886m6kpiLYuUSmpr9v3ITNTgiY=,junyi,dkt,t50,42
0.7120055517002082,0.7465346534653465,0.5231024093330775,0.41661553124430456,0.03972347407920794,0.1735685008739741,0.007192428348845674,0.02468009616340321,505,374,131,/7bwpUc6iDiE/m0Qj8CJo8qYMkAC51PHzIxTMmkE0nA=,junyi,dkt,t50,42
0.6628466195334659,0.649546827794562,0.6341889810592721,0.47072565810899286,0.0582694411077543,0.22158264520214446,0.004753002871283337,0.021571571065213558,993,395,598,/OENQOL30zwAXAy3IN1FbzZFfjfOLaynYaW3w6bk2gw=,junyi,dkt,t50,42
0.6880760368663594,0.6768916155419223,0.634657812694743,0.47050871432295344,0.049878634396728024,0.2213784502538386,0.004776836345148939,0.029714590854419888,489,217,272,/ZG3Gxrc7wG0FWxYWExavs4ATbc0nu47cDYJAuQYVvc=,junyi,dkt,t50,42
0.6950044081245126,0.6468885672937771,0.6378188027391789,0.47282730724556576,0.09424344248914618,0.22356566247709267,0.01390657873042205,0.037576512890855604,691,383,308,/acOsfJkQuYuDq5UjkRrojhkbUcIgia4SvjKpo1v0pI=,junyi,dkt,t50,42
0.5694518341301962,0.8412570507655117,0.4470771422817148,0.36838641960756596,0.04728445089443996,0.13570855415128166,0.005131811721037426,0.001861409218356324,2482,2091,391,/dE70lhbWnFlB1v+ZQBYpQu2XDmodq4HYiBDGZRw3+o=,junyi,dkt,t50,42
0.5577417986425339,0.5225563909774437,0.6960660077408385,0.5014022786982478,0.08434317879699249,0.2514042450837954,0.010401943360526454,0.009043060284352667,532,272,260,/dgnkSSQs7RfFOI233RPKNKg29VBS0L7s7IBSmtIWqI=,junyi,dkt,t50,42
0.6180309416610786,0.9186090943828812,0.28641275604620686,0.2780121282893678,0.04048861186473065,0.0772907434759839,0.005254998169731064,0.0013638104975215067,2617,2409,208,/fQsOaxbPuYyM7ZO/JBLBRA6HJyOHY8zUN9oLVT5vYM=,junyi,dkt,t50,42
0.5404699068277115,0.7854618879353862,0.5512101665378318,0.41912621111636716,0.0852627086673398,0.1756667808447616,0.007928068665261596,0.001093169478156453,3962,3111,851,/fn8Ym16AvhuhgFRtoeZ4sRU9ZRhvvpYN90SUH7zQ4M=,junyi,dkt,t50,42
0.6459859568918955,0.6422128683102826,0.6688857167333999,0.48377509663436524,0.07847403414139745,0.23403834412358945,0.014745266951493597,0.023376127720409572,1663,686,977,+DlgHAr1GtoQgtGqwoen6pt4/ayVRO+rMaCVZ7jGCHE=,junyi,simplekt,full,42
0.5891666666666666,0.5869565217391305,0.7331336640463281,0.5113083310870503,0.12837421866307347,0.2614362094390247,0.03052654497269128,0.01587696237917158,322,150,172,+IgBffWedJpxG6Zo/kHbrgIRR4jwwTwa6nV03GLwX5A=,junyi,simplekt,full,42
0.7449780901557551,0.7070063694267515,0.6226623462495721,0.4519255765920108,0.1250675186087751,0.20423672677802146,0.01780732303791973,0.04753350233415626,314,197,117,+Lgj0Me9/8gtiruGKq8KxemAD15kU4yCfb6nteNDWjw=,junyi,simplekt,full,42
0.6736473828625551,0.6581165262000733,0.6894766434447435,0.4724167882492258,0.09565478894817236,0.22317762181971385,0.012153017967214881,0.0205592049650394,2729,1737,992,+N+e7SzcUVowUo7D4udR8rBKRmR1H7yuu5Tleqlhv48=,junyi,simplekt,full,42
0.5992988224442278,0.6366701244813278,0.6904538732174373,0.48426326983065904,0.09623011039508143,0.23451091450708167,0.01608617378822117,0.007341106786660692,3856,2525,1331,+ZVl8HEbTM1GOoCTt2wxAfzQswvAWL3L8e5mLuyy1dY=,junyi,simplekt,full,42
0.6204492718668652,0.8531935176358436,0.47203483623253467,0.3545151612639638,0.07071240516222624,0.12568099956601428,0.009597351422970529,0.005339263691514309,3147,2702,445,+aXi8dpg0URdKkJtkicic7DrTHAWPSnR9bwD+QouANE=,junyi,simplekt,full,42
0.6194990403341611,0.7947402180885182,0.5793268752053066,0.3998532527615252,0.09456651266413363,0.15988262374397216,0.01319854094722685,0.006567902455541473,3118,2529,589,+c+5BQh1a2P75VjWgg/aX+j7kru6tteMWrupq+MMQgw=,junyi,simplekt,full,42
0.6066714831029352,0.7057834566240753,0.6158152691701541,0.4540388765330796,0.055223928849953745,0.2061513014034211,0.005339435553812513,0.008463885642924272,2974,890,2084,+cLbiKkV7+VhNPr7OGG3B3kPpZ8er0mvFvqPbM/gm+E=,junyi,simplekt,full,42
0.6589321557607386,0.70772238514174,0.6488128250040334,0.4569977237520013,0.09759641754443696,0.2088469195145105,0.013465540600512681,0.019018418951227654,1023,705,318,+fQqnCkVTMs8GPkdZJWUcApXC/Ea9bVtxNIblqLRie4=,junyi,simplekt,full,42
0.7250034078516903,0.6888168557536467,0.598965507872055,0.4493008616487263,0.041758914735104805,0.2018712642782879,0.005864632625368179,0.035272494983268364,617,393,224,+g5YlvjiVYzjFfpMkHEGCty7PGcKRuuCVDY/g8dzoD0=,junyi,simplekt,full,42
0.6781009547596987,0.7078488372093024,0.6259312127649783,0.449492806418519,0.10839076070548145,0.20204378302199621,0.017497233820545008,0.025537659754731563,688,482,206,+gP/fH6yBDlDTCmjUykZq+rykF0MopXNzQLSxiEVEYY=,junyi,simplekt,full,42
0.609879132809349,0.613013698630137,0.7001262084090187,0.48614220476680065,0.1098437914954388,0.23633424325552593,0.01896333204743896,0.008215780022173757,3504,2302,1202,+kCFtC8nCf9I2/ee1BGgQRlVBoECQV9G/8z4fL7hzp4=,junyi,simplekt,full,42
0.6444768006212387,0.7289325842696629,0.6454845202942563,0.44889562618882484,0.11472487462203157,0.20150728321145717,0.022480304962191344,0.024944698811508688,712,510,202,+lmw480dBLSwkBgaKdL9MeVNsUfCgHmD+L4wzqUFX9M=,junyi,simplekt,full,42
0.5619230032560812,0.9577315956322648,0.21191404427515934,0.20687292609597938,0.03200827872786734,0.042796407551512546,0.004162467844542407,0.00032433771647903193,2839,2724,115,+mwsRV33uKTS+1DrZGfM+z+Ccut/FGocokZm/j0OJ/k=,junyi,simplekt,full,42
0.6495190745434457,0.6999477260846837,0.681054838751635,0.4584825676425723,0.10834590701159466,0.21020626483212587,0.014559332305636809,0.015455714021296281,1913,1338,575,+odAMeNn6DqBHYkdD0fKH59bzQMwJTqsCW9nqJ1etcI=,junyi,simplekt,full,42
0.6492545200312174,0.8870967741935484,0.41829331763880123,0.3144880762135978,0.07420585818562023,0.09890275008052969,0.008619084815188882,0.008449892616847575,1116,992,124,+owQ9eTzitOLHF3SZxKwWN9ZpsHjg3tK4A9fpS7E0oo=,junyi,simplekt,full,42
0.647272297474133,0.8747404844290657,0.4324751786453675,0.3233331892447964,0.07318531492254515,0.10454435126721134,0.009156217306786512,0.004084217868829675,2890,2567,323,+tVk3DLjXUKiZ3/hK6CJAl3Z8sfp093/2DwLqCsFgMA=,junyi,simplekt,full,42
0.7620516040771931,0.706953642384106,0.5837801975016645,0.4416293313244212,0.08825114239562329,0.19503646628605542,0.012530748201232083,0.06143322029195654,604,347,257,+tX4n52MmDdJGGzRnY7I7jEoynqRl6k1jAnonznfs7Q=,junyi,simplekt,full,42
0.6879834568228762,0.6521317829457365,0.6497554189181379,0.4742328235483818,0.0434334872745324,0.22489677093067065,0.0050452914082643845,0.02773403050509232,2064,1130,934,+xN/geZI+rXD8yB7YBDvLwAXgXO6aORg9eOFv6AfGHM=,junyi,simplekt,full,42
0.5728629715442044,0.7868217054263565,0.5630783720115939,0.4115357470680367,0.10180386972285144,0.1693616711148471,0.015574523350425556,0.0036467996269875617,2064,1662,402,+zUL0wWCfsBXNoDj5KsvASLlqd26KU9+nSN1zZ7GsQI=,junyi,simplekt,full,42
0.6032043074296595,0.58207343412527,0.7014021968514937,0.4999295229813626,0.07041586291036905,0.24992952794837278,0.011410769968562074,0.010218651000014843,926,497,429,/0Y1OFJkQGPagfYO9uI6mM0Z9KK7vcmT/QPVos+v7Ec=,junyi,simplekt,full,42
0.6574740010044025,0.8765217391304347,0.40555897130695956,0.32139386997729036,0.061848889515266695,0.10329401965897941,0.007845178307662107,0.0055022076317294095,4025,3566,459,/4h6DuvZuZzr028oR886m6kpiLYuUSmpr9v3ITNTgiY=,junyi,simplekt,full,42
0.670286157488672,0.7346534653465346,0.5642638627166666,0.4287596616230502,0.06466252427585052,0.18383484743511247,0.011409702061245268,0.019120364197881403,505,374,131,/7bwpUc6iDiE/m0Qj8CJo8qYMkAC51PHzIxTMmkE0nA=,junyi,simplekt,full,42
0.6542144701748445,0.67472306143001,0.6461489926529191,0.47180604655045,0.06979406584984617,0.22260094556156537,0.007345828935103339,0.024734180580754,993,395,598,/OENQOL30zwAXAy3IN1FbzZFfjfOLaynYaW3w6bk2gw=,junyi,simplekt,full,42
0.7564888858769314,0.6768916155419223,0.597535873429804,0.4473645155541474,0.06123999973134365,0.200135009776997,0.007361857892220592,0.054280186944337935,489,217,272,/ZG3Gxrc7wG0FWxYWExavs4ATbc0nu47cDYJAuQYVvc=,junyi,simplekt,full,42
0.7206859719914551,0.6874095513748191,0.6214939744164037,0.4599044341988195,0.06389927852753274,0.21151208859573628,0.008007228266789953,0.04338791909964598,691,383,308,/acOsfJkQuYuDq5UjkRrojhkbUcIgia4SvjKpo1v0pI=,junyi,simplekt,full,42
0.5944169446207777,0.8182917002417406,0.522445441598619,0.3805041259214908,0.09015088564416848,0.14478338984327774,0.014787847456601144,0.002803134410872574,2482,2091,391,/dE70lhbWnFlB1v+ZQBYpQu2XDmodq4HYiBDGZRw3+o=,junyi,simplekt,full,42
0.618947963800905,0.5582706766917294,0.7035981647933145,0.5004039914246226,0.10502120708220435,0.25040415463369375,0.01717351436697947,0.016598505050030046,532,272,260,/dgnkSSQs7RfFOI233RPKNKg29VBS0L7s7IBSmtIWqI=,junyi,simplekt,full,42
0.6344108231950698,0.915170042032862,0.33996299877644265,0.2778199684428627,0.05449565057162323,0.07718393486559325,0.006338841284226091,0.002542373186570006,2617,2409,208,/fQsOaxbPuYyM7ZO/JBLBRA6HJyOHY8zUN9oLVT5vYM=,junyi,simplekt,full,42
0.6532024456639777,0.7579505300353356,0.5759947695794055,0.41474360471479915,0.08437436645693515,0.17201225765182557,0.011920031031992944,0.009018474215309555,3962,3111,851,/fn8Ym16AvhuhgFRtoeZ4sRU9ZRhvvpYN90SUH7zQ4M=,junyi,simplekt,full,42
0.6667313218605178,0.6488274203247144,0.6466021308785126,0.4751171714082342,0.050417687353004344,0.22573632656696138,0.004846854018918601,0.022425059455276355,1663,686,977,+DlgHAr1GtoQgtGqwoen6pt4/ayVRO+rMaCVZ7jGCHE=,junyi,simplekt,full,2024
0.6017248062015503,0.5745341614906833,0.7355010249363395,0.5089465873663278,0.1125181819318059,0.2590266287918312,0.024070941745560372,0.013961068446062628,322,150,172,+IgBffWedJpxG6Zo/kHbrgIRR4jwwTwa6nV03GLwX5A=,junyi,simplekt,full,2024
0.7194672220052931,0.7038216560509554,0.6441112616938951,0.45951078353817326,0.13796119885459826,0.21115016018786592,0.02365152341567107,0.04595815815605697,314,197,117,+Lgj0Me9/8gtiruGKq8KxemAD15kU4yCfb6nteNDWjw=,junyi,simplekt,full,2024
0.6797851435548871,0.6650787834371564,0.6869263613752129,0.46769279967255456,0.08244024082958923,0.21873655486555224,0.009966259580317606,0.022571968189469008,2729,1737,992,+N+e7SzcUVowUo7D4udR8rBKRmR1H7yuu5Tleqlhv48=,junyi,simplekt,full,2024
0.5957685355312391,0.6270746887966805,0.7018646981061102,0.48729641283798514,0.11289034806640194,0.23745779396476807,0.018792489029597147,0.007574261465897425,3856,2525,1331,+ZVl8HEbTM1GOoCTt2wxAfzQswvAWL3L8e5mLuyy1dY=,junyi,simplekt,full,2024
0.6065602674672943,0.8516047028916428,0.48670928928172846,0.3603927018256974,0.09117437886801602,0.12988289952922602,0.013071218111948791,0.005067241194180029,3147,2702,445,+aXi8dpg0URdKkJtkicic7DrTHAWPSnR9bwD+QouANE=,junyi,simplekt,full,2024
0.6143459133810112,0.796023091725465,0.5769885154336127,0.4014746290599384,0.10734334151960095,0.16118187777881512,0.015394070359116123,0.007673279184941677,3118,2529,589,+c+5BQh1a2P75VjWgg/aX+j7kru6tteMWrupq+MMQgw=,junyi,simplekt,full,2024
0.6229393560352823,0.7091459314055144,0.6047617238595618,0.4508008668303763,0.05271515951892104,0.20322142153501868,0.004375145611324867,0.010781620906734507,2974,890,2084,+cLbiKkV7+VhNPr7OGG3B3kPpZ8er0mvFvqPbM/gm+E=,junyi,simplekt,full,2024
0.6753066595298631,0.7086999022482894,0.6182608478578908,0.45006367688577825,0.06523152093383922,0.20255731325194623,0.007008220227497996,0.019059398786627695,1023,705,318,+fQqnCkVTMs8GPkdZJWUcApXC/Ea9bVtxNIblqLRie4=,junyi,simplekt,full,2024
0.7196644402035621,0.6871961102106969,0.6067283223806987,0.4501205342920703,0.06194759785036165,0.20260849539137882,0.006974000616389931,0.03553096746610583,617,393,224,+g5YlvjiVYzjFfpMkHEGCty7PGcKRuuCVDY/g8dzoD0=,junyi,simplekt,full,2024
0.6701144100229627,0.7136627906976745,0.64399825057289,0.452193206129457,0.10805258882600208,0.20447869566963758,0.016590031739748386,0.02266294647997446,688,482,206,+gP/fH6yBDlDTCmjUykZq+rykF0MopXNzQLSxiEVEYY=,junyi,simplekt,full,2024
0.615223180017087,0.6429794520547946,0.6846099826292239,0.47804036415531315,0.09038225960488255,0.2285225897617444,0.011624597144480624,0.008523118578348582,3504,2302,1202,+kCFtC8nCf9I2/ee1BGgQRlVBoECQV9G/8z4fL7hzp4=,junyi,simplekt,full,2024
0.6371190060182489,0.7134831460674157,0.6566850620862329,0.4549534284619656,0.12832173731261762,0.20698262206929685,0.020642551664002317,0.01708969693211474,712,510,202,+lmw480dBLSwkBgaKdL9MeVNsUfCgHmD+L4wzqUFX9M=,junyi,simplekt,full,2024
0.567972291387346,0.9542092286016203,0.21232725562885393,0.21498729854543946,0.04574886083277483,0.04621953853586592,0.007421507743209316,0.00039868205930217166,2839,2724,115,+mwsRV33uKTS+1DrZGfM+z+Ccut/FGocokZm/j0OJ/k=,junyi,simplekt,full,2024
0.6367862481315396,0.6900156821745949,0.6851145843087544,0.4608344951025581,0.10574673419312944,0.21236843187642962,0.015472308354700837,0.013721055255901815,1913,1338,575,+odAMeNn6DqBHYkdD0fKH59bzQMwJTqsCW9nqJ1etcI=,junyi,simplekt,full,2024
0.6670419810093653,0.8745519713261649,0.4219445755291479,0.32112661529055375,0.0817056187231588,0.10312230304796732,0.01259509355658179,0.00826146583150059,1116,992,124,+owQ9eTzitOLHF3SZxKwWN9ZpsHjg3tK4A9fpS7E0oo=,junyi,simplekt,full,2024
0.6563968010266047,0.8823529411764706,0.4156102217222666,0.31901058208328154,0.0625520768359458,0.1017677514811141,0.006575448763355,0.003684474320383064,2890,2567,323,+tVk3DLjXUKiZ3/hK6CJAl3Z8sfp093/2DwLqCsFgMA=,junyi,simplekt,full,2024
0.7412563495890288,0.6920529801324503,0.6220895360995626,0.4505529956793346,0.07856502262443701,0.2029980019156225,0.008878450438257779,0.049797093951638526,604,347,257,+tX4n52MmDdJGGzRnY7I7jEoynqRl6k1jAnonznfs7Q=,junyi,simplekt,full,2024
0.6900162968296981,0.6385658914728682,0.649301497494357,0.47541117660281035,0.059331958537719165,0.22601578683886855,0.0054564205733764175,0.02715953397054543,2064,1130,934,+xN/geZI+rXD8yB7YBDvLwAXgXO6aORg9eOFv6AfGHM=,junyi,simplekt,full,2024
0.5687858840574505,0.7713178294573644,0.5552409796630983,0.4169234198046235,0.10553313798249458,0.17382513798158233,0.020158921929154264,0.003455865384205114,2064,1662,402,+zUL0wWCfsBXNoDj5KsvASLlqd26KU9+nSN1zZ7GsQI=,junyi,simplekt,full,2024
0.625951513275457,0.591792656587473,0.6905379658692024,0.49478853772516584,0.08214120510925357,0.2448156970642079,0.010396766047591422,0.013732822283912281,926,497,429,/0Y1OFJkQGPagfYO9uI6mM0Z9KK7vcmT/QPVos+v7Ec=,junyi,simplekt,full,2024
0.6473236705413142,0.8775155279503105,0.4110485810131685,0.32315466135046256,0.060870480300476815,0.10442893515253215,0.007814162351560478,0.004457312556581116,4025,3566,459,/4h6DuvZuZzr028oR886m6kpiLYuUSmpr9v3ITNTgiY=,junyi,simplekt,full,2024
0.654039270114708,0.7346534653465346,0.5826356365444688,0.4311036094774362,0.08329117607952344,0.18585032210447383,0.010541226564966701,0.018186225107555718,505,374,131,/7bwpUc6iDiE/m0Qj8CJo8qYMkAC51PHzIxTMmkE0nA=,junyi,simplekt,full,2024
0.6677998391262012,0.6686807653575025,0.6470670237511918,0.47279679401941976,0.06880343425925166,0.22353680843504165,0.008907810748683584,0.02440029977790646,993,395,598,/OENQOL30zwAXAy3IN1FbzZFfjfOLaynYaW3w6bk2gw=,junyi,simplekt,full,2024
0.7615376795879641,0.6666666666666666,0.6080004800143706,0.4541485713226152,0.09501944888470762,0.20625092483437252,0.016249640502353956,0.057563175425611686,489,217,272,/ZG3Gxrc7wG0FWxYWExavs4ATbc0nu47cDYJAuQYVvc=,junyi,simplekt,full,2024
0.7150486589128887,0.658465991316932,0.6378944768879471,0.4625411930278507,0.0729758409316909,0.21394435524762745,0.009342781614676382,0.042852778213352885,691,383,308,/acOsfJkQuYuDq5UjkRrojhkbUcIgia4SvjKpo1v0pI=,junyi,simplekt,full,2024
0.6098441622297974,0.8323932312651088,0.5027894760519368,0.3701374827547121,0.07100337070145014,0.1370017561399948,0.007999869516510475,0.003967910760857529,2482,2091,391,/dE70lhbWnFlB1v+ZQBYpQu2XDmodq4HYiBDGZRw3+o=,junyi,simplekt,full,2024
0.6297864819004525,0.5827067669172933,0.6870212252259015,0.49496783457528637,0.09136828364230187,0.24499315726414803,0.01375341877351009,0.018328752934375372,532,272,260,/dgnkSSQs7RfFOI233RPKNKg29VBS0L7s7IBSmtIWqI=,junyi,simplekt,full,2024
0.6240101222977935,0.9056171188383645,0.3502697494926024,0.2902042233306195,0.074596030275342,0.08421849123892808,0.013740301470797439,0.0028257412034258206,2617,2409,208,/fQsOaxbPuYyM7ZO/JBLBRA6HJyOHY8zUN9oLVT5vYM=,junyi,simplekt,full,2024
0.6386254603939397,0.7619888944977284,0.5675231505419597,0.4167993143080563,0.0927198862512152,0.1737216684076659,0.012471622570961191,0.007588298149285085,3962,3111,851,/fn8Ym16AvhuhgFRtoeZ4sRU9ZRhvvpYN90SUH7zQ4M=,junyi,simplekt,full,2024
0.6376226984025151,0.612354521038496,0.7034022662964635,0.4991751374555345,0.12100169241375013,0.24917581785375173,0.021562489450439145,0.02176582628233404,1117,545,572,+DlgHAr1GtoQgtGqwoen6pt4/ayVRO+rMaCVZ7jGCHE=,junyi,simplekt,full,2025
0.5291906079307653,0.5294117647058824,0.7637767824569315,0.5242798119083093,0.14406290464103227,0.27486932117461216,0.036574970491603714,0.010420477827088255,238,111,127,+IgBffWedJpxG6Zo/kHbrgIRR4jwwTwa6nV03GLwX5A=,junyi,simplekt,full,2025
0.6315531258760864,0.65234375,0.7060453833129567,0.48238201234620476,0.14738195987592917,0.23269240583517403,0.035723854091713525,0.020667680611993946,256,174,82,+Lgj0Me9/8gtiruGKq8KxemAD15kU4yCfb6nteNDWjw=,junyi,simplekt,full,2025
0.658270880868724,0.6455830388692579,0.7192961751593164,0.4818119337940446,0.09909707702253698,0.23214273954635678,0.01395442170134496,0.01893585148968628,2830,1743,1087,+N+e7SzcUVowUo7D4udR8rBKRmR1H7yuu5Tleqlhv48=,junyi,simplekt,full,2025
0.6030334014996592,0.6312395509911631,0.6785739091356663,0.48207686411916006,0.08831106818372089,0.23239810291896312,0.012255540419892193,0.007519680266290643,4187,2720,1467,+ZVl8HEbTM1GOoCTt2wxAfzQswvAWL3L8e5mLuyy1dY=,junyi,simplekt,full,2025
0.6079146664306941,0.8295992426633008,0.51821943194037,0.377048558491697,0.08433609352905261,0.14216561546066667,0.012379517420916994,0.005873625200104949,3169,2659,510,+aXi8dpg0URdKkJtkicic7DrTHAWPSnR9bwD+QouANE=,junyi,simplekt,full,2025
0.6295811999211766,0.8024809160305344,0.5533277445725675,0.3943494433360332,0.08527979957391259,0.15551148345943927,0.01058092684699177,0.006352312037061898,3144,2559,585,+c+5BQh1a2P75VjWgg/aX+j7kru6tteMWrupq+MMQgw=,junyi,simplekt,full,2025
0.6356283919817928,0.6936579841449604,0.6344173824203729,0.45969992590092895,0.06490221650087584,0.21132402187331958,0.006370836549885279,0.014827336185771922,3532,1152,2380,+cLbiKkV7+VhNPr7OGG3B3kPpZ8er0mvFvqPbM/gm+E=,junyi,simplekt,full,2025
0.6262342784396653,0.6236263736263736,0.7291143656331194,0.4927837595312454,0.12410878900424903,0.24283583365774833,0.019978112376565205,0.013468082581125087,1092,679,413,+fQqnCkVTMs8GPkdZJWUcApXC/Ea9bVtxNIblqLRie4=,junyi,simplekt,full,2025
0.7478277837080909,0.6895973154362416,0.6187834854106363,0.45676430201486873,0.0940577513163272,0.2086336275951302,0.011222725530293796,0.04890265864626343,596,339,257,+g5YlvjiVYzjFfpMkHEGCty7PGcKRuuCVDY/g8dzoD0=,junyi,simplekt,full,2025
0.6995869199365482,0.6997389033942559,0.6900257852318009,0.4623324710122396,0.13928151221133708,0.21375131375228337,0.030274750447219074,0.027591996547086398,766,533,233,+gP/fH6yBDlDTCmjUykZq+rykF0MopXNzQLSxiEVEYY=,junyi,simplekt,full,2025
0.6144987287844431,0.6218858404288868,0.7105613885817273,0.49003670821812567,0.112232400841003,0.24013597540125642,0.0178334642914096,0.009405708733622823,3171,2016,1155,+kCFtC8nCf9I2/ee1BGgQRlVBoECQV9G/8z4fL7hzp4=,junyi,simplekt,full,2025
0.6261655011655012,0.6489563567362429,0.7312554461011328,0.48742486457667256,0.14412596124795174,0.23758299860758758,0.03042274223246146,0.014833147914223866,527,351,176,+lmw480dBLSwkBgaKdL9MeVNsUfCgHmD+L4wzqUFX9M=,junyi,simplekt,full,2025
0.5523025824749963,0.9628224582701063,0.19341289796329603,0.19324971787087167,0.03630453544860169,0.037345453457171496,0.0068011452214228555,0.0003454093627276708,2636,2552,84,+mwsRV33uKTS+1DrZGfM+z+Ccut/FGocokZm/j0OJ/k=,junyi,simplekt,full,2025
0.6222804034908762,0.7068004459308808,0.662413510010276,0.4570015223473619,0.09511578303046417,0.20885039142780634,0.014248528603288122,0.011134529196808648,1794,1275,519,+odAMeNn6DqBHYkdD0fKH59bzQMwJTqsCW9nqJ1etcI=,junyi,simplekt,full,2025
0.6840670768697461,0.8843830888697153,0.35383757245758973,0.3017856468218562,0.06649948040712894,0.09107457662768613,0.010389527266716058,0.005198698418035861,1159,1049,110,+owQ9eTzitOLHF3SZxKwWN9ZpsHjg3tK4A9fpS7E0oo=,junyi,simplekt,full,2025
0.6654925612032424,0.8578233785269329,0.47004412567671416,0.3416135210947882,0.07537155956597762,0.1166997977947793,0.01018306140895407,0.00515890703725152,2729,2378,351,+tVk3DLjXUKiZ3/hK6CJAl3Z8sfp093/2DwLqCsFgMA=,junyi,simplekt,full,2025
0.7467432822377528,0.7027417027417028,0.623314746145776,0.45601091095511953,0.07113228611981373,0.20794595091011797,0.008243604417018966,0.04928510235951443,693,359,334,+tX4n52MmDdJGGzRnY7I7jEoynqRl6k1jAnonznfs7Q=,junyi,simplekt,full,2025
0.6496985209769798,0.621,0.6713306787330207,0.4839663428970441,0.06896339293383062,0.23422342105713925,0.007708528194078041,0.018734683102171294,2000,1142,858,+xN/geZI+rXD8yB7YBDvLwAXgXO6aORg9eOFv6AfGHM=,junyi,simplekt,full,2025
0.5958469607236513,0.8039404132628544,0.5400203117506782,0.4017797871401559,0.07793747199182827,0.16142699735438895,0.01019529585103329,0.005802665462749957,2081,1676,405,+zUL0wWCfsBXNoDj5KsvASLlqd26KU9+nSN1zZ7GsQI=,junyi,simplekt,full,2025
0.6159627760713763,0.5774378585086042,0.6844236902684365,0.49305266035893164,0.06749778032217381,0.24310092588701998,0.009190667507705374,0.016231090474078943,1046,530,516,/0Y1OFJkQGPagfYO9uI6mM0Z9KK7vcmT/QPVos+v7Ec=,junyi,simplekt,full,2025
0.653199054354745,0.8643439584877687,0.4258264927461755,0.33703274832858193,0.06874330868345735,0.11359107344591725,0.008255518917238623,0.005570789096646598,4047,3534,513,/4h6DuvZuZzr028oR886m6kpiLYuUSmpr9v3ITNTgiY=,junyi,simplekt,full,2025
0.6382104320049862,0.7533206831119544,0.5502186055027322,0.42535961902430985,0.07964035173068686,0.180930805496506,0.011392639276377332,0.014244087210418683,527,398,129,/7bwpUc6iDiE/m0Qj8CJo8qYMkAC51PHzIxTMmkE0nA=,junyi,simplekt,full,2025
0.6984922073214934,0.6927152317880795,0.6497149747159668,0.46619535404790935,0.0785632504529585,0.21733810813585552,0.013335768880492493,0.037895512812474344,755,310,445,/OENQOL30zwAXAy3IN1FbzZFfjfOLaynYaW3w6bk2gw=,junyi,simplekt,full,2025
0.746954132823698,0.7044967880085653,0.5931728531536039,0.4462564728482559,0.09506251582401212,0.19914483955896617,0.013636923902845587,0.044741258922192495,467,168,299,/ZG3Gxrc7wG0FWxYWExavs4ATbc0nu47cDYJAuQYVvc=,junyi,simplekt,full,2025
0.7205020540075879,0.6637931034482759,0.61773803233855,0.46035910850096634,0.0738458170852592,0.21193050877980452,0.010003528780219612,0.04859032477881091,696,359,337,/acOsfJkQuYuDq5UjkRrojhkbUcIgia4SvjKpo1v0pI=,junyi,simplekt,full,2025
0.5684106742001827,0.8036126056879324,0.5796818338875039,0.3977155653988196,0.11702317163651721,0.15817767096050273,0.018347806962875968,0.0019476960095873132,2602,2159,443,/dE70lhbWnFlB1v+ZQBYpQu2XDmodq4HYiBDGZRw3+o=,junyi,simplekt,full,2025
0.5738206173558532,0.5344827586206896,0.760068511526573,0.5133446028006806,0.13080216488190766,0.26352268122458855,0.025715422992386917,0.013763566208142146,406,202,204,/dgnkSSQs7RfFOI233RPKNKg29VBS0L7s7IBSmtIWqI=,junyi,simplekt,full,2025
0.5846341504309044,0.9249402934152167,0.3372766464689641,0.27067407613899425,0.05671222202723868,0.07326445549369805,0.006623908441295138,0.0029829628869886674,2931,2711,220,/fQsOaxbPuYyM7ZO/JBLBRA6HJyOHY8zUN9oLVT5vYM=,junyi,simplekt,full,2025
0.629911079781635,0.7591222879684418,0.5906918868158396,0.422277876699545,0.08855735139436358,0.17831860514987613,0.011841284337602292,0.0060058949962738875,4056,3153,903,/fn8Ym16AvhuhgFRtoeZ4sRU9ZRhvvpYN90SUH7zQ4M=,junyi,simplekt,full,2025
0.5551459068786164,0.5327720986169573,1.2151284785500311,0.5973412276230047,0.28675429464423,0.3568165422181583,0.11952214557887991,0.005924630372451911,1663,686,977,+DlgHAr1GtoQgtGqwoen6pt4/ayVRO+rMaCVZ7jGCHE=,junyi,simplekt,t500,42
0.5844767441860464,0.5714285714285714,0.7694701793337985,0.5141403579138167,0.11748365197122466,0.2643403076357476,0.027286212920273414,0.012022805580195453,322,150,172,+IgBffWedJpxG6Zo/kHbrgIRR4jwwTwa6nV03GLwX5A=,junyi,simplekt,t500,42
0.7326565143824026,0.6942675159235668,0.6724731803604551,0.4569977554036371,0.12191197324164542,0.2088469484439625,0.018586840273353764,0.04631718858711181,314,197,117,+Lgj0Me9/8gtiruGKq8KxemAD15kU4yCfb6nteNDWjw=,junyi,simplekt,t500,42
0.6431152733671328,0.6020520337119825,1.1522120549452897,0.5515070732773185,0.25994405150826966,0.3041600518749135,0.08617344022435205,0.012848802729239266,2729,1737,992,+N+e7SzcUVowUo7D4udR8rBKRmR1H7yuu5Tleqlhv48=,junyi,simplekt,t500,42
0.5473469661015689,0.5492738589211619,1.0066986550552786,0.5643351121069098,0.25296614167738607,0.3184741187567185,0.09459466188520561,0.002397160942954489,3856,2525,1331,+ZVl8HEbTM1GOoCTt2wxAfzQswvAWL3L8e5mLuyy1dY=,junyi,simplekt,t500,42
0.5982938148188193,0.7435653002859867,0.9588821764319226,0.4533915485775712,0.19976237502298605,0.2055638963215681,0.08651425588388055,0.0021371995425527503,3147,2702,445,+aXi8dpg0URdKkJtkicic7DrTHAWPSnR9bwD+QouANE=,junyi,simplekt,t500,42
0.6244031039601069,0.718409236690186,1.0807361950384682,0.47591237869940983,0.21173389937046105,0.2264925921993305,0.07976930792929726,0.0061586712729020405,3118,2529,589,+c+5BQh1a2P75VjWgg/aX+j7kru6tteMWrupq+MMQgw=,junyi,simplekt,t500,42
0.6071321896094374,0.6930060524546066,0.7817508212730869,0.47726100339797173,0.14009821504013142,0.22777806536443876,0.025743929071505554,0.007393940473020941,2974,890,2084,+cLbiKkV7+VhNPr7OGG3B3kPpZ8er0mvFvqPbM/gm+E=,junyi,simplekt,t500,42
0.6425688032472456,0.6324535679374389,0.8827114509293911,0.5034758702195751,0.20117976360424103,0.25348795189335843,0.053737743436053906,0.014942703841740814,1023,705,318,+fQqnCkVTMs8GPkdZJWUcApXC/Ea9bVtxNIblqLRie4=,junyi,simplekt,t500,42
0.7248443747728098,0.6823338735818476,0.6975890842005933,0.4738188203394806,0.1330618764902786,0.22450427450789698,0.028602897043321127,0.03629204662137649,617,393,224,+g5YlvjiVYzjFfpMkHEGCty7PGcKRuuCVDY/g8dzoD0=,junyi,simplekt,t500,42
0.6653607541393063,0.6395348837209303,0.9420856933292558,0.5140755644473011,0.22246979120245663,0.26427368596181117,0.07413716755265497,0.020051867706780746,688,482,206,+gP/fH6yBDlDTCmjUykZq+rykF0MopXNzQLSxiEVEYY=,junyi,simplekt,t500,42
0.5757058898360826,0.5784817351598174,1.5106530579750652,0.57740681715828,0.29353786648458535,0.3333986325008554,0.1119502894504988,0.004059745069670393,3504,2302,1202,+kCFtC8nCf9I2/ee1BGgQRlVBoECQV9G/8z4fL7hzp4=,junyi,simplekt,t500,42
0.6407396622015142,0.6896067415730337,0.8136770356380736,0.48262755943528335,0.19700847892483087,0.23292936112645798,0.0530947247081139,0.02355581639094646,712,510,202,+lmw480dBLSwkBgaKdL9MeVNsUfCgHmD+L4wzqUFX9M=,junyi,simplekt,t500,42
0.5499281746791802,0.9471644945403311,0.30595229810276503,0.224684489039219,0.04761542765451224,0.05048311961481493,0.01197621540188354,0.0005418141835104725,2839,2724,115,+mwsRV33uKTS+1DrZGfM+z+Ccut/FGocokZm/j0OJ/k=,junyi,simplekt,t500,42
0.631045038019107,0.6147412441191845,1.0915931509325123,0.5344633998265552,0.25409153346894864,0.2856511257541602,0.08694582715897982,0.010816193658521042,1913,1338,575,+odAMeNn6DqBHYkdD0fKH59bzQMwJTqsCW9nqJ1etcI=,junyi,simplekt,t500,42
0.6566483480749219,0.8494623655913979,0.7347898271129528,0.3510048225972017,0.1127313904052828,0.12320438548649307,0.032540700764259294,0.00758019278963421,1116,992,124,+owQ9eTzitOLHF3SZxKwWN9ZpsHjg3tK4A9fpS7E0oo=,junyi,simplekt,t500,42
0.6427802991288575,0.7453287197231834,1.0396819413890341,0.46113138279656757,0.21501827304582355,0.2126421521998745,0.11595247160947955,0.0028726509589865903,2890,2567,323,+tVk3DLjXUKiZ3/hK6CJAl3Z8sfp093/2DwLqCsFgMA=,junyi,simplekt,t500,42
0.706074300003364,0.6572847682119205,0.7641378319559855,0.49728385062106256,0.16940670994700965,0.24729122808851128,0.04123867887158712,0.03857358488841606,604,347,257,+tX4n52MmDdJGGzRnY7I7jEoynqRl6k1jAnonznfs7Q=,junyi,simplekt,t500,42
0.66727274449982,0.6128875968992248,0.9351479436887061,0.5327095680024702,0.2164017269049213,0.2837794838413784,0.05920672956477763,0.021776862692844717,2064,1130,934,+xN/geZI+rXD8yB7YBDvLwAXgXO6aORg9eOFv6AfGHM=,junyi,simplekt,t500,42
0.5784285551783801,0.6986434108527132,0.9118509168121449,0.4883553191765107,0.21679350304789113,0.23849091776799164,0.08490571450341049,0.002690784031277048,2064,1662,402,+zUL0wWCfsBXNoDj5KsvASLlqd26KU9+nSN1zZ7GsQI=,junyi,simplekt,t500,42
0.5951911937827431,0.5766738660907127,0.8341097526124314,0.5314406194653665,0.1676934133354196,0.28242913201773245,0.043693114058369995,0.010777702065000012,926,497,429,/0Y1OFJkQGPagfYO9uI6mM0Z9KK7vcmT/QPVos+v7Ec=,junyi,simplekt,t500,42
0.645356104677803,0.8524223602484472,0.7517342874558838,0.34847357975144516,0.10654858099230471,0.12143383578478682,0.02465888895297748,0.0040707016960938,4025,3566,459,/4h6DuvZuZzr028oR886m6kpiLYuUSmpr9v3ITNTgiY=,junyi,simplekt,t500,42
0.633036698371229,0.7168316831683168,0.6060520448722307,0.44605612360353863,0.11762109817107125,0.19896606540421533,0.025133469847692828,0.018709615867768634,505,374,131,/7bwpUc6iDiE/m0Qj8CJo8qYMkAC51PHzIxTMmkE0nA=,junyi,simplekt,t500,42
0.6425003175140764,0.6404833836858006,0.7962361343725144,0.5057118928033892,0.1751273014634981,0.2557445185227867,0.03631142431427711,0.020316607210946507,993,395,598,/OENQOL30zwAXAy3IN1FbzZFfjfOLaynYaW3w6bk2gw=,junyi,simplekt,t500,42
0.7134894280292762,0.6707566462167689,0.7439087498779777,0.4866375242002297,0.1484603691176313,0.23681607995972917,0.029005895593406914,0.038107086967627164,489,217,272,/ZG3Gxrc7wG0FWxYWExavs4ATbc0nu47cDYJAuQYVvc=,junyi,simplekt,t500,42
0.709339289952867,0.6714905933429812,0.6915525741453248,0.47641022804145505,0.10712863018012464,0.22696670538251118,0.01980308015547306,0.03920828635319502,691,383,308,/acOsfJkQuYuDq5UjkRrojhkbUcIgia4SvjKpo1v0pI=,junyi,simplekt,t500,42
0.5982942362897377,0.6962127316680097,1.348189940162501,0.5206571611846025,0.2612693388034327,0.27108387949280915,0.14063061647083958,0.002377776676523917,2482,2091,391,/dE70lhbWnFlB1v+ZQBYpQu2XDmodq4HYiBDGZRw3+o=,junyi,simplekt,t500,42
0.609141685520362,0.5958646616541353,0.7856554528482846,0.5228006315940773,0.159980691612271,0.27332050039516614,0.037251277741968236,0.013711459469534093,532,272,260,/dgnkSSQs7RfFOI233RPKNKg29VBS0L7s7IBSmtIWqI=,junyi,simplekt,t500,42
0.6245679263658716,0.8532670997325181,0.5615075318996517,0.3389949501832124,0.1192117053359387,0.11491757624971867,0.04370769565902457,0.0017905494602443418,2617,2409,208,/fQsOaxbPuYyM7ZO/JBLBRA6HJyOHY8zUN9oLVT5vYM=,junyi,simplekt,t500,42
0.61855585408057,0.6405855628470469,0.9790147942324021,0.519089501080567,0.24915264053538078,0.26945391013207187,0.10631406859685798,0.005352870145727772,3962,3111,851,/fn8Ym16AvhuhgFRtoeZ4sRU9ZRhvvpYN90SUH7zQ4M=,junyi,simplekt,t500,42
0.5874008910480408,0.565844858689116,0.939443643854514,0.5532185233504243,0.22002518835360066,0.306050734578024,0.07212289283748839,0.008593212775750177,1663,686,977,+DlgHAr1GtoQgtGqwoen6pt4/ayVRO+rMaCVZ7jGCHE=,junyi,simplekt,t100,42
0.5623062015503877,0.5062111801242236,0.89555943377737,0.5546139086063968,0.24571909735222222,0.30759658761966463,0.07566218390732975,0.016873985434105607,322,150,172,+IgBffWedJpxG6Zo/kHbrgIRR4jwwTwa6nV03GLwX5A=,junyi,simplekt,t100,42
0.7041086381187904,0.6719745222929936,0.863405308699307,0.4978682934148741,0.19976904257059774,0.24787283758783918,0.05343297599043373,0.03909319770862168,314,197,117,+Lgj0Me9/8gtiruGKq8KxemAD15kU4yCfb6nteNDWjw=,junyi,simplekt,t100,42
0.6131530656303972,0.6427262733602052,1.3908492080851198,0.5408585203116296,0.25190644067198936,0.29252793899368545,0.0710367791973137,0.00960739421153381,2729,1737,992,+N+e7SzcUVowUo7D4udR8rBKRmR1H7yuu5Tleqlhv48=,junyi,simplekt,t100,42
0.5425491144155737,0.629408713692946,1.1952991912640538,0.5394783027053205,0.23088495992661476,0.29103683908981337,0.06732874383467466,0.002659649440388988,3856,2525,1331,+ZVl8HEbTM1GOoCTt2wxAfzQswvAWL3L8e5mLuyy1dY=,junyi,simplekt,t100,42
0.6043450960170992,0.7600889736256753,1.0401893065399819,0.4421552976580474,0.1916815281557582,0.19550130724707648,0.07761439152957102,0.003328280508760807,3147,2702,445,+aXi8dpg0URdKkJtkicic7DrTHAWPSnR9bwD+QouANE=,junyi,simplekt,t100,42
0.6167499451187952,0.7119948685054522,1.1477839811554955,0.481606412906524,0.22083397165162233,0.23194473695268927,0.0850712861838682,0.006251622684344372,3118,2529,589,+c+5BQh1a2P75VjWgg/aX+j7kru6tteMWrupq+MMQgw=,junyi,simplekt,t100,42
0.5933096465310876,0.6684599865501009,0.9555002187465222,0.5017773735747041,0.1956947896445444,0.2517805326315281,0.04833395946786703,0.00590786060243505,2974,890,2084,+cLbiKkV7+VhNPr7OGG3B3kPpZ8er0mvFvqPbM/gm+E=,junyi,simplekt,t100,42
0.6570074490387617,0.6236559139784946,1.530205177143684,0.5610386672252983,0.30352480434554463,0.3147643861219389,0.1166234681991533,0.015826501351489324,1023,705,318,+fQqnCkVTMs8GPkdZJWUcApXC/Ea9bVtxNIblqLRie4=,junyi,simplekt,t100,42
0.7146321792075608,0.6450567260940032,1.0794008643004585,0.5229936089310483,0.23586969525384535,0.2735223149827222,0.07552285166637063,0.03325914221153236,617,393,224,+g5YlvjiVYzjFfpMkHEGCty7PGcKRuuCVDY/g8dzoD0=,junyi,simplekt,t100,42
0.635318051806792,0.6584302325581395,1.1730987587646406,0.5297592078833482,0.23152654730496536,0.2806448183371925,0.08710163640578576,0.017198289385547624,688,482,206,+gP/fH6yBDlDTCmjUykZq+rykF0MopXNzQLSxiEVEYY=,junyi,simplekt,t100,42
0.590710927776035,0.526255707762557,1.621606923830939,0.6208798435743286,0.36518679873396,0.38549178015688274,0.16561504846497993,0.005175375281784257,3504,2302,1202,+kCFtC8nCf9I2/ee1BGgQRlVBoECQV9G/8z4fL7hzp4=,junyi,simplekt,t100,42
0.6220636769559309,0.5912921348314607,1.1557037940372672,0.5614801996594566,0.30610919225319383,0.3152600146096233,0.12401647788186848,0.011303426523437781,712,510,202,+lmw480dBLSwkBgaKdL9MeVNsUfCgHmD+L4wzqUFX9M=,junyi,simplekt,t100,42
0.5747510055544914,0.9503346248679112,0.22465487488059893,0.21223616346394758,0.04226535031858698,0.045044189081895475,0.006567308449270624,0.00039183201428889705,2839,2724,115,+mwsRV33uKTS+1DrZGfM+z+Ccut/FGocokZm/j0OJ/k=,junyi,simplekt,t100,42
0.5916046012868006,0.5169890224777836,2.348171995018482,0.6578702481569415,0.4184280618751938,0.4327932634100758,0.2264880842388676,0.0035299192259009324,1913,1338,575,+odAMeNn6DqBHYkdD0fKH59bzQMwJTqsCW9nqJ1etcI=,junyi,simplekt,t100,42
0.6508316532258064,0.8763440860215054,0.4770186613959055,0.32562703046247204,0.08294776614837174,0.1060329629678077,0.014460700533516679,0.007113307533959873,1116,992,124,+owQ9eTzitOLHF3SZxKwWN9ZpsHjg3tK4A9fpS7E0oo=,junyi,simplekt,t100,42
0.6768106992658667,0.8183391003460208,0.6031323497359048,0.3761141598659722,0.13584942460200683,0.14146186125168608,0.04706794750175026,0.005136126357631607,2890,2567,323,+tVk3DLjXUKiZ3/hK6CJAl3Z8sfp093/2DwLqCsFgMA=,junyi,simplekt,t100,42
0.7308447055921237,0.6605960264900662,1.0165102587494568,0.5071598757944048,0.2172049171668057,0.2572111396157961,0.05399313320368105,0.04042098533380154,604,347,257,+tX4n52MmDdJGGzRnY7I7jEoynqRl6k1jAnonznfs7Q=,junyi,simplekt,t100,42
0.6600727672395823,0.6187015503875969,0.9159520515693752,0.5253034224572484,0.187569836761192,0.2759436856452983,0.049975054710964396,0.021464837097633725,2064,1130,934,+xN/geZI+rXD8yB7YBDvLwAXgXO6aORg9eOFv6AfGHM=,junyi,simplekt,t100,42
0.5790212595266746,0.6787790697674418,1.0085735760774353,0.49504937709760416,0.22138069114861253,0.24507388576472589,0.09108898612328661,0.002447828518902226,2064,1662,402,+zUL0wWCfsBXNoDj5KsvASLlqd26KU9+nSN1zZ7GsQI=,junyi,simplekt,t100,42
0.5644355644355644,0.5291576673866091,1.0778305507861694,0.5766106985687813,0.2608899615065609,0.332479897703978,0.08865326289445404,0.004778598201044198,926,497,429,/0Y1OFJkQGPagfYO9uI6mM0Z9KK7vcmT/QPVos+v7Ec=,junyi,simplekt,t100,42
0.6373361583681268,0.8511801242236025,0.8226506994789233,0.36172674789596126,0.11959168741872998,0.1308462401433883,0.033926227749215575,0.0038425611497305977,4025,3566,459,/4h6DuvZuZzr028oR886m6kpiLYuUSmpr9v3ITNTgiY=,junyi,simplekt,t100,42
0.6362411723884558,0.689108910891089,0.8211213059193895,0.48900746012712315,0.19490699928638144,0.23912829605997993,0.061299046882624816,0.0130573922505739,505,374,131,/7bwpUc6iDiE/m0Qj8CJo8qYMkAC51PHzIxTMmkE0nA=,junyi,simplekt,t100,42
0.6559756149189281,0.6706948640483383,0.7966612116491922,0.5016474304377043,0.16418197150445338,0.25165014446475137,0.03472280321134338,0.02304024264431348,993,395,598,/OENQOL30zwAXAy3IN1FbzZFfjfOLaynYaW3w6bk2gw=,junyi,simplekt,t100,42
0.6365715641095148,0.6114519427402862,1.153220174922473,0.5469658434772707,0.23838463431330903,0.2991716339308022,0.0743314070536195,0.02018097270622947,489,217,272,/ZG3Gxrc7wG0FWxYWExavs4ATbc0nu47cDYJAuQYVvc=,junyi,simplekt,t100,42
0.7395858058390696,0.6859623733719248,0.8417826813152662,0.4844071655376655,0.16795823436548538,0.23465030202423526,0.03641270129603915,0.049376018082005396,691,383,308,/acOsfJkQuYuDq5UjkRrojhkbUcIgia4SvjKpo1v0pI=,junyi,simplekt,t100,42
0.5541126811899982,0.7163577759871071,0.6981819055453402,0.45009807898612464,0.19533996214787347,0.20258828070699972,0.07103862916747238,0.0014398099271257581,2482,2091,391,/dE70lhbWnFlB1v+ZQBYpQu2XDmodq4HYiBDGZRw3+o=,junyi,simplekt,t100,42
0.4952276583710407,0.4906015037593985,1.053064052348298,0.5921793566250262,0.2893765367058988,0.35067639041283,0.10700658203270381,0.006561762517815619,532,272,260,/dgnkSSQs7RfFOI233RPKNKg29VBS0L7s7IBSmtIWqI=,junyi,simplekt,t100,42
0.5949763706613022,0.8918609094382881,0.6216751595908068,0.30417166728374734,0.08829285111206012,0.0925204031781747,0.02034012740240047,0.0012605914785770121,2617,2409,208,/fQsOaxbPuYyM7ZO/JBLBRA6HJyOHY8zUN9oLVT5vYM=,junyi,simplekt,t100,42
0.623587467388566,0.7289247854618879,1.025577712245552,0.470488913136206,0.19105851849537536,0.22135981738408841,0.057718821551255683,0.004306477010712011,3962,3111,851,/fn8Ym16AvhuhgFRtoeZ4sRU9ZRhvvpYN90SUH7zQ4M=,junyi,simplekt,t100,42
0.5813566251182444,0.5411906193625977,1.1624415979410994,0.5755903123427619,0.27491548531182797,0.3313042076628382,0.09549059732446634,0.007360013950142144,1663,686,977,+DlgHAr1GtoQgtGqwoen6pt4/ayVRO+rMaCVZ7jGCHE=,junyi,simplekt,t50,42
0.5790891472868218,0.5372670807453416,0.8940323122632481,0.5521898669054958,0.22309397530434782,0.3049136491131091,0.06767033915272415,0.010068865458223778,322,150,172,+IgBffWedJpxG6Zo/kHbrgIRR4jwwTwa6nV03GLwX5A=,junyi,simplekt,t50,42
0.7625276584667448,0.7133757961783439,1.152628208042069,0.48025902180964386,0.21393594406369426,0.230648728029556,0.055085881340495677,0.05721709262013114,314,197,117,+Lgj0Me9/8gtiruGKq8KxemAD15kU4yCfb6nteNDWjw=,junyi,simplekt,t50,42
0.602257611844671,0.6185415903261268,0.8534488660578794,0.5129156759057902,0.17119854958336383,0.2630824905898937,0.039485133314225394,0.007886712521331654,2729,1737,992,+N+e7SzcUVowUo7D4udR8rBKRmR1H7yuu5Tleqlhv48=,junyi,simplekt,t50,42
0.5821498017570352,0.5344917012448133,1.3005328128432658,0.5945588759435796,0.31901296250486244,0.3535002569632929,0.13207002955660743,0.004335710545209412,3856,2525,1331,+ZVl8HEbTM1GOoCTt2wxAfzQswvAWL3L8e5mLuyy1dY=,junyi,simplekt,t50,42
0.6149764219595971,0.8064823641563393,0.590355664985672,0.3887568550193465,0.13120569690263734,0.15113189232453317,0.034285997379479315,0.004550353463489712,3147,2702,445,+aXi8dpg0URdKkJtkicic7DrTHAWPSnR9bwD+QouANE=,junyi,simplekt,t50,42
0.6287482855917201,0.7710070558050032,0.751774675686565,0.4311933340905686,0.16099130655025665,0.1859276913641407,0.04076335919178416,0.008166453139413957,3118,2529,589,+c+5BQh1a2P75VjWgg/aX+j7kru6tteMWrupq+MMQgw=,junyi,simplekt,t50,42
0.5683174642541353,0.6338264963012777,0.9487609393819664,0.5267181566202453,0.24097157140492065,0.2774320165134293,0.0741285681442832,0.006420798258892339,2974,890,2084,+cLbiKkV7+VhNPr7OGG3B3kPpZ8er0mvFvqPbM/gm+E=,junyi,simplekt,t50,42
0.663245461438958,0.6500488758553274,1.006987191571146,0.5187672311690653,0.21953409026517615,0.2691194401348185,0.07254258121912063,0.017457013812788004,1023,705,318,+fQqnCkVTMs8GPkdZJWUcApXC/Ea9bVtxNIblqLRie4=,junyi,simplekt,t50,42
0.6824620592511814,0.6580226904376013,0.6933344953689216,0.47841235328522363,0.15166588155413296,0.2288783797759056,0.0270472539266443,0.028576617578355706,617,393,224,+g5YlvjiVYzjFfpMkHEGCty7PGcKRuuCVDY/g8dzoD0=,junyi,simplekt,t50,42
0.6133525359545583,0.684593023255814,0.9877156273753636,0.5044947868987035,0.20705694126191865,0.2545149900079683,0.05439762925185574,0.009711517096190994,688,482,206,+gP/fH6yBDlDTCmjUykZq+rykF0MopXNzQLSxiEVEYY=,junyi,simplekt,t50,42
0.5838508003602453,0.5356735159817352,1.6987991574462002,0.6164912270364189,0.3555407905219853,0.38006143301286943,0.15974139432995013,0.0046663655948071606,3504,2302,1202,+kCFtC8nCf9I2/ee1BGgQRlVBoECQV9G/8z4fL7hzp4=,junyi,simplekt,t50,42
0.5146767617938265,0.6123595505617978,0.7922295089011744,0.5129534930476818,0.19443555559410114,0.2631212860298181,0.0655519839396512,0.006155151710238806,712,510,202,+lmw480dBLSwkBgaKdL9MeVNsUfCgHmD+L4wzqUFX9M=,junyi,simplekt,t50,42
0.5671455021387984,0.943994364212751,0.2402742333128831,0.22573847760434443,0.05244249863226491,0.050957860271127114,0.012304042327336577,0.00041531094314987846,2839,2724,115,+mwsRV33uKTS+1DrZGfM+z+Ccut/FGocokZm/j0OJ/k=,junyi,simplekt,t50,42
0.6020140378241373,0.5378985886042864,1.3432848504300487,0.6023922898349907,0.3441919833423,0.3628764708526435,0.1599602767971115,0.0060850839366104,1913,1338,575,+odAMeNn6DqBHYkdD0fKH59bzQMwJTqsCW9nqJ1etcI=,junyi,simplekt,t50,42
0.6745333636836629,0.8763440860215054,0.5161421282622929,0.3214614932230509,0.08211154259946236,0.10333749162519361,0.014520541173249635,0.009638406144275547,1116,992,124,+owQ9eTzitOLHF3SZxKwWN9ZpsHjg3tK4A9fpS7E0oo=,junyi,simplekt,t50,42
0.63643095685776,0.8525951557093425,0.7748946275639474,0.3564546507478887,0.11833454658316073,0.1270599180397993,0.03100810497880673,0.003264336180624039,2890,2567,323,+tVk3DLjXUKiZ3/hK6CJAl3Z8sfp093/2DwLqCsFgMA=,junyi,simplekt,t50,42
0.714349790870048,0.6208609271523179,0.955644443147812,0.5198094703005098,0.22357926172698672,0.2702018854140966,0.06419147987807879,0.037342872233339985,604,347,257,+tX4n52MmDdJGGzRnY7I7jEoynqRl6k1jAnonznfs7Q=,junyi,simplekt,t50,42
0.6605919918136856,0.5978682170542635,1.1818763197266517,0.5558613801469305,0.2637835545940547,0.30898187393885046,0.08292895997209317,0.021706131810025463,2064,1130,934,+xN/geZI+rXD8yB7YBDvLwAXgXO6aORg9eOFv6AfGHM=,junyi,simplekt,t50,42
0.5687843873292981,0.6632751937984496,0.7979803492584744,0.49531622544457965,0.22959262446882264,0.24533816318866564,0.09098995568482111,0.0027400653763769343,2064,1662,402,+zUL0wWCfsBXNoDj5KsvASLlqd26KU9+nSN1zZ7GsQI=,junyi,simplekt,t50,42
0.6082368335889462,0.5464362850971922,1.1652891653675976,0.5795957926303033,0.29232263458735963,0.33593128283474943,0.09912537129550716,0.010859404314067444,926,497,429,/0Y1OFJkQGPagfYO9uI6mM0Z9KK7vcmT/QPVos+v7Ec=,junyi,simplekt,t50,42
0.6032487900126711,0.720248447204969,0.8169500605519209,0.46000931429774755,0.22010582312300353,0.21160856924068389,0.11260833223394923,0.0019952076878511737,4025,3566,459,/4h6DuvZuZzr028oR886m6kpiLYuUSmpr9v3ITNTgiY=,junyi,simplekt,t50,42
0.6652447238437359,0.6237623762376238,0.8894045590659401,0.5287621528353038,0.26225498947623754,0.2795894142710252,0.10393631990397126,0.016295854006779433,505,374,131,/7bwpUc6iDiE/m0Qj8CJo8qYMkAC51PHzIxTMmkE0nA=,junyi,simplekt,t50,42
0.5637568265526438,0.6324269889224572,2.6965367426684543,0.578029108903128,0.32100591889772095,0.3341176507393442,0.10746270208646815,0.0133558780786746,993,395,598,/OENQOL30zwAXAy3IN1FbzZFfjfOLaynYaW3w6bk2gw=,junyi,simplekt,t50,42
0.6219334507996747,0.5685071574642127,0.9915411475351671,0.5461735209147689,0.24094458386086703,0.2983055149484355,0.0719991433189321,0.021197624499831348,489,217,272,/ZG3Gxrc7wG0FWxYWExavs4ATbc0nu47cDYJAuQYVvc=,junyi,simplekt,t50,42
0.6836238174358279,0.6193921852387844,1.1873121355751475,0.5485970096475314,0.26744502069950804,0.3009586789942137,0.08779978131125803,0.03355679384490527,691,383,308,/acOsfJkQuYuDq5UjkRrojhkbUcIgia4SvjKpo1v0pI=,junyi,simplekt,t50,42
0.4965807669209534,0.8106365834004835,0.609639376820133,0.40127144903266554,0.1426065895825947,0.16101877580877508,0.029622445344042122,0.0012893245929756839,2482,2091,391,/dE70lhbWnFlB1v+ZQBYpQu2XDmodq4HYiBDGZRw3+o=,junyi,simplekt,t50,42
0.6023967760180996,0.5939849624060151,1.1656848405462452,0.570644003493203,0.2765377525763158,0.3256345787227507,0.0967104441485339,0.01981999985776431,532,272,260,/dgnkSSQs7RfFOI233RPKNKg29VBS0L7s7IBSmtIWqI=,junyi,simplekt,t50,42
0.5719527333397196,0.8952999617883072,0.3641442838016456,0.3037428207301166,0.08567244675277033,0.09225970114508776,0.019924360566035526,0.0007623448038134546,2617,2409,208,/fQsOaxbPuYyM7ZO/JBLBRA6HJyOHY8zUN9oLVT5vYM=,junyi,simplekt,t50,42
0.6025295556761743,0.6875315497223624,1.0630165011104462,0.5040289208924859,0.2282709707041397,0.2540451530960438,0.08899253818860337,0.0034213986059667863,3962,3111,851,/fn8Ym16AvhuhgFRtoeZ4sRU9ZRhvvpYN90SUH7zQ4M=,junyi,simplekt,t50,42
0.7887276049426643,0.7469211822660099,0.5117887709926761,0.41293811254651186,0.07220174902602755,0.17051788479347568,0.010093086343609123,0.04467457145425691,1624,1158,466,0,xes3g5m,dkt,full,42
0.7460815552451837,0.7909638554216868,0.4987194507401589,0.39513702937048434,0.07023849231864229,0.156133271979731,0.00622715479150967,0.03058172900294384,1660,1269,391,1,xes3g5m,dkt,full,42
0.85914823777514,0.8257189094983194,0.4005645430674659,0.35496446006546695,0.041902610925521507,0.12599976790956846,0.0027589429059643416,0.06793729111397269,8033,5956,2077,10,xes3g5m,dkt,full,42
0.7358082003988036,0.7779605263157895,0.5135336174614205,0.4058674761361873,0.10058546719129051,0.16472840818515855,0.016849300837025773,0.02391450875870091,608,472,136,100,xes3g5m,dkt,full,42
0.7825584707600745,0.765084075173096,0.5067611713497507,0.4051119658974166,0.06494731102051243,0.16411570491326963,0.00661914077016305,0.04342481831152363,2022,1455,567,101,xes3g5m,dkt,full,42
0.9601638304324251,0.9207761890866647,0.17695553738857114,0.23657078140073884,0.02216235591620845,0.055965734612556155,0.0026962164581443666,0.09341407845295224,6854,5623,1231,102,xes3g5m,dkt,full,42
0.986472448057814,0.9386503067484663,0.12731027016536933,0.2024748792067281,0.03389143062120593,0.04099607670977914,0.00998999218312562,0.1538420740471782,489,369,120,103,xes3g5m,dkt,full,42
0.7499811751186815,0.8350118818603599,0.41198135878062647,0.35558389936538004,0.038235844734516994,0.12643990948788872,0.0027753709537459335,0.019482447627161937,8837,7302,1535,104,xes3g5m,dkt,full,42
0.8782389578281747,0.8257016248153619,0.3856230142249006,0.34823050880010376,0.08302202947493477,0.12126448725917913,0.01610031072974054,0.07707602574262792,677,513,164,105,xes3g5m,dkt,full,42
0.7330321326876312,0.9027709661598823,0.28490268748066333,0.282472019507364,0.026143002305079377,0.07979044180456864,0.001951776560038287,0.005852878432813186,8156,7402,754,106,xes3g5m,dkt,full,42
0.7481685241913942,0.7773109243697479,0.5219019931025838,0.4060453254058799,0.07048136680269565,0.16487280628396692,0.007606986862876189,0.03706403627089285,952,701,251,107,xes3g5m,dkt,full,42
0.7251603012650496,0.8183199918938089,0.42459751166149357,0.3646173858742226,0.03676729019150351,0.13294583808175175,0.0034390409477116223,0.01497047321774898,9869,8134,1735,108,xes3g5m,dkt,full,42
0.6796043705916797,0.7959828481155495,0.47293019885231313,0.3890392191523976,0.03515798267615187,0.15135151403870722,0.001978196653073569,0.010066362571758435,8862,7094,1768,109,xes3g5m,dkt,full,42
0.884776060179286,0.8791773778920309,0.28475593475700944,0.2999467243654043,0.042080168351115076,0.08996803745753582,0.00729823655181019,0.058708230469845815,3890,3224,666,11,xes3g5m,dkt,full,42
0.7385385385385385,0.8867924528301887,0.33764465558493345,0.3063628030717134,0.07304449400105095,0.09385816710595742,0.010833559924710547,0.027420196256970914,212,185,27,110,xes3g5m,dkt,full,42
0.6284765068818224,0.8194444444444444,0.48271761186843976,0.378362196074685,0.1096729044414436,0.14315795141845838,0.026055654994136698,0.009806165884637567,288,245,43,111,xes3g5m,dkt,full,42
0.7099616680850064,0.7778341364443317,0.49647149850422406,0.39864826940028336,0.04413891396991438,0.1589204426958409,0.002711412104822732,0.01877023498148456,3943,3051,892,112,xes3g5m,dkt,full,42
0.857062145623478,0.8350777037741833,0.3736504214356321,0.3442182392292858,0.06000541065639524,0.11848619621810981,0.008293461639210199,0.06838442957553593,3153,2416,737,114,xes3g5m,dkt,full,42
1.0,1.0,5.268267201279373e-07,6.770722547771513e-06,5.268037958758957e-07,4.584268381890157e-11,4.742722791649019e-13,0.18040184798599396,1122,857,265,115,xes3g5m,dkt,full,42
0.7150815051544104,0.6737430167597765,0.5962615717783559,0.452180565550431,0.0832327818654103,0.20446726386150763,0.013037263498487838,0.03353490844559181,895,589,306,116,xes3g5m,dkt,full,42
0.8531567436208991,0.859475507174666,0.34565965759264355,0.31998848153409243,0.05781414466913953,0.10239262831449422,0.008916017274673607,0.05680853577270918,2021,1646,375,117,xes3g5m,dkt,full,42
0.7145125085985302,0.7416817906836055,0.5582770872300536,0.4272114588318006,0.06978358656812529,0.18250963055719527,0.007040704508169094,0.02657701807745995,1653,1188,465,118,xes3g5m,dkt,full,42
0.7819213986985339,0.854648038688877,0.3734942943436397,0.3360999738095005,0.04751182894190782,0.11296319239474693,0.004075165102822787,0.029198611490742113,3722,3103,619,121,xes3g5m,dkt,full,42
0.8054088050314465,0.8356940509915014,0.39581074752189566,0.33734268254471,0.0962051824393578,0.11380008546646099,0.03002191868167457,0.0426353274464074,353,300,53,129,xes3g5m,dkt,full,42
0.7112680897007739,0.8451400329489291,0.4056921378195056,0.3493360532812643,0.051141106061134166,0.12203567812213036,0.0042331654089405625,0.011467804169824949,3035,2571,464,131,xes3g5m,dkt,full,42
0.6234676007005254,0.8757763975155279,0.39015923268460456,0.3263807554369095,0.06514800354977204,0.10652439751956773,0.010523991659247748,0.004572204350052225,644,571,73,137,xes3g5m,dkt,full,42
0.9287887664790251,0.9285599096919852,0.1971385916178715,0.2386934955354239,0.021423374410605527,0.05697458481091944,0.0021125761845987856,0.07383631793787765,6201,5256,945,139,xes3g5m,dkt,full,42
0.9522295727151546,0.9339178225595394,0.176094294035844,0.2250554796805925,0.023872992598163115,0.05064996893426158,0.0021884982531583663,0.0698048400092729,7642,6588,1054,14,xes3g5m,dkt,full,42
0.5462894721923012,0.9726261762189906,0.1520853824826593,0.1807907392122887,0.03182928409456087,0.03268529138492578,0.007458522360421272,0.0008513119232624118,1169,1138,31,143,xes3g5m,dkt,full,42
0.8798810862927848,0.9174147217235189,0.21877994217740204,0.2472670208035156,0.03609649188100909,0.061140979577046214,0.006122140345718738,0.02518212788848165,557,508,49,159,xes3g5m,dkt,full,42
0.7735254656911797,0.7426108374384236,0.5258329945061962,0.4155277134553179,0.07263711966709535,0.17266328064940478,0.008615386303709005,0.040813084559562535,1624,1158,466,0,xes3g5m,dkt,full,2024
0.741859288684124,0.7837349397590362,0.5012951962662338,0.3965431530828154,0.07336605348601848,0.15724647225686117,0.0071376869474277125,0.02975031068590156,1660,1269,391,1,xes3g5m,dkt,full,2024
0.8634397392788651,0.8263413419643969,0.38918990189813646,0.35076706489927945,0.039014545307966914,0.12303753381805534,0.0023540837749754587,0.07031127620157403,8033,5956,2077,10,xes3g5m,dkt,full,2024
0.6998535643070787,0.7467105263157895,0.5498197491946075,0.42339398799040245,0.10760182935337072,0.17926246906641705,0.02337393974900548,0.016152293682387787,608,472,136,100,xes3g5m,dkt,full,2024
0.7814336018230634,0.7695351137487636,0.4998736297724312,0.4042960647619258,0.0627287623413095,0.1634553079819793,0.005722775543280597,0.04387629339705516,2022,1455,567,101,xes3g5m,dkt,full,2024
0.9600104046381397,0.9191712868398015,0.1754197798245149,0.23686498688688867,0.024621173666810638,0.05610502201292594,0.002980813698426423,0.09382736421103757,6854,5623,1231,102,xes3g5m,dkt,full,2024
0.9905374887082204,0.9529652351738241,0.10555939354267253,0.18169205559227652,0.027218209278713545,0.0330120030653469,0.006268154167912024,0.15792962813163883,489,369,120,103,xes3g5m,dkt,full,2024
0.733171537493186,0.8278827656444495,0.4217825476229127,0.36108728808868895,0.04624785388560296,0.13038402961924386,0.004188499797055282,0.01705849033744885,8837,7302,1535,104,xes3g5m,dkt,full,2024
0.8753862977226263,0.8508124076809453,0.3952241213003777,0.3442840142969778,0.07277580323121524,0.1185314825004416,0.010473498324763198,0.07420157834586388,677,513,164,105,xes3g5m,dkt,full,2024
0.7375968176928309,0.9016674840608141,0.28385457182842283,0.2831429388223066,0.023471345568679643,0.08016992380493247,0.002231380032859953,0.005516286692437604,8156,7402,754,106,xes3g5m,dkt,full,2024
0.7381771061261374,0.7678571428571429,0.52174186923731,0.40955094466510356,0.06402752666241107,0.1677319762760787,0.007035299142271806,0.03337514323142247,952,701,251,107,xes3g5m,dkt,full,2024
0.7279873714702367,0.8203465396696727,0.42728190959204054,0.36425562187567007,0.04274559495801686,0.13268215806803113,0.0033753122126501146,0.015270186452938149,9869,8134,1735,108,xes3g5m,dkt,full,2024
0.668695352455137,0.7896637327916949,0.4802360428256604,0.3928390493048936,0.04070702933667878,0.1543225186587726,0.0035156195645030214,0.008740627837314843,8862,7094,1768,109,xes3g5m,dkt,full,2024
0.8862531110514981,0.8881748071979434,0.28036878386354597,0.2944196937504632,0.03794564835754033,0.08668295606811653,0.004779839680274226,0.05932594524813458,3890,3224,666,11,xes3g5m,dkt,full,2024
0.795995995995996,0.8584905660377359,0.3238429741582412,0.3175669470152634,0.05407556492279564,0.1008487658365951,0.021783894110206623,0.03237550231672612,212,185,27,110,xes3g5m,dkt,full,2024
0.6230659705742763,0.8159722222222222,0.46829499815262576,0.3788670729466359,0.09161746377746262,0.14354025896315153,0.03243390563785788,0.015490513527942043,288,245,43,111,xes3g5m,dkt,full,2024
0.7120904636133415,0.7773269084453461,0.4938822690963661,0.3981553951294189,0.038607865345227144,0.1585277186706637,0.0025864904225021295,0.01859008557040432,3943,3051,892,112,xes3g5m,dkt,full,2024
0.8553747854646095,0.8338090707262924,0.3755387177833864,0.34551751759623417,0.05832484717775816,0.11938235496586398,0.008664873305549096,0.0681061933312393,3153,2416,737,114,xes3g5m,dkt,full,2024
1.0,1.0,3.814719469802478e-07,3.73605858626468e-06,3.8146496780849315e-07,1.395813376000204e-11,1.5155350754477411e-13,0.18040184798599396,1122,857,265,115,xes3g5m,dkt,full,2024
0.7122851404285541,0.6614525139664804,0.5962611248879919,0.4547687043339716,0.08120600497506182,0.20681457444159926,0.015446061105002386,0.034590767828763615,895,589,306,116,xes3g5m,dkt,full,2024
0.8453641150263265,0.8565066798614547,0.35598156818478044,0.3258110306585239,0.06329081231941999,0.10615282769876959,0.009650795350039779,0.05377660982973884,2021,1646,375,117,xes3g5m,dkt,full,2024
0.7055808985916513,0.7386569872958257,0.5694319323997533,0.42986375073829497,0.06726225136615299,0.184782844198795,0.0081242335835219,0.02501134804840119,1653,1188,465,118,xes3g5m,dkt,full,2024
0.7731389238722024,0.8527673293927995,0.3779881757665971,0.3376857020224065,0.04787752748268603,0.11403163335036552,0.00352837821074026,0.02705239704269629,3722,3103,619,121,xes3g5m,dkt,full,2024
0.8539622641509435,0.8583569405099151,0.31578958592617695,0.311544387797539,0.068738471282311,0.09705990556814337,0.020844135163494534,0.050636719547071135,353,300,53,129,xes3g5m,dkt,full,2024
0.7448027736423504,0.8461285008237233,0.3894821915556637,0.3432019346598354,0.04173664765239157,0.11778756795425392,0.0036723137524730222,0.015232101030972669,3035,2571,464,131,xes3g5m,dkt,full,2024
0.6422402418252044,0.8680124223602484,0.381001020687905,0.3227430516993084,0.06364924243148071,0.10416307742018245,0.009817982701464226,0.006389012362952604,644,571,73,137,xes3g5m,dkt,full,2024
0.9242426896346226,0.9246895661990001,0.20592696097728497,0.24501314932003493,0.025448727091768757,0.06003144333972173,0.004140774239105882,0.07270538685185905,6201,5256,945,139,xes3g5m,dkt,full,2024
0.9489284035489748,0.9330018319811567,0.18329752161217833,0.22671639189096435,0.027530875918886248,0.05140032235205732,0.0027371797860949935,0.06964359558277444,7642,6588,1054,14,xes3g5m,dkt,full,2024
0.5871648052610692,0.9709153122326775,0.14398429118269884,0.17940492595339802,0.025285722992173423,0.03218612745634423,0.006705644631769165,0.0003189520282164276,1169,1138,31,143,xes3g5m,dkt,full,2024
0.8629680218544112,0.9281867145421903,0.22192779921106348,0.24553971597239058,0.03964071908440685,0.06028975211980223,0.007072265214128343,0.02659921746775989,557,508,49,159,xes3g5m,dkt,full,2024
0.7775271389211269,0.7509113001215066,0.5256807597138056,0.41562716822547036,0.08621915758169853,0.17274594296712342,0.011913736044844166,0.04159906413012766,1646,1179,467,0,xes3g5m,dkt,full,2025
0.7364897462484519,0.7890173410404624,0.4986277754671807,0.39787108144595584,0.05684256254065501,0.15830139745097443,0.004033608010762503,0.03162964042334978,1730,1304,426,1,xes3g5m,dkt,full,2025
0.8651713712176068,0.8306615776081425,0.3936905217104555,0.3509387834108147,0.03685102472603966,0.12315802970186271,0.0018566109735911472,0.07422955729074239,7860,5758,2102,10,xes3g5m,dkt,full,2025
0.736398570754399,0.7615499254843517,0.5591040687005304,0.4185280643156607,0.0937176884378233,0.1751657406198138,0.011686103162232614,0.033055621377881025,671,489,182,100,xes3g5m,dkt,full,2025
0.804254105932893,0.7768115942028986,0.4757012396543758,0.3935506863991542,0.044296417603660654,0.1548821427652454,0.004562180927490262,0.04897344217207063,2070,1501,569,101,xes3g5m,dkt,full,2025
0.9604059746634467,0.9222238435721581,0.1799911760796116,0.2373202943824106,0.023885100661934784,0.05632092212575403,0.0026920126043500896,0.09830519778002816,6853,5568,1285,102,xes3g5m,dkt,full,2025
0.9893123739421538,0.9571984435797666,0.11020000910836687,0.18101429034386124,0.026974727077763945,0.0327661733086917,0.006246167975884905,0.15492526010753557,514,391,123,103,xes3g5m,dkt,full,2025
0.7393267998171595,0.8240357741755171,0.415563149350322,0.3602325120846258,0.05448281658858127,0.12976746276280007,0.008048362687208573,0.01672842244656515,8945,7457,1488,104,xes3g5m,dkt,full,2025
0.8850019825535289,0.8249299719887955,0.3777377781358094,0.3475571958101248,0.07778608286697251,0.12079600435939741,0.012525296405416842,0.088533937606273,714,520,194,105,xes3g5m,dkt,full,2025
0.7181024792210056,0.903596770247125,0.28902345186464234,0.28292710771052515,0.02676337055273125,0.0800477482774431,0.0021920530641742326,0.005212060924890845,8174,7426,748,106,xes3g5m,dkt,full,2025
0.7388272762878523,0.7315573770491803,0.5640622147474672,0.429984892471257,0.10248986010098082,0.18488700775351843,0.01819767751748261,0.03718612710508443,976,698,278,107,xes3g5m,dkt,full,2025
0.7384548624501757,0.814557535487768,0.4306966256687279,0.36809767380839925,0.03769864829289574,0.1354958974631547,0.003021629185119735,0.01834614798096207,9933,8090,1843,108,xes3g5m,dkt,full,2025
0.6860038059560372,0.7903384817614196,0.4728462668559674,0.38995071947784976,0.03078202776115454,0.15206156362129267,0.002652595449038053,0.011061333948087556,9129,7295,1834,109,xes3g5m,dkt,full,2025
0.8801380547004012,0.8717339667458432,0.29722872511438997,0.30607990306942134,0.04311665528697518,0.09368490706298636,0.004973995243798756,0.06290002745760133,3789,3079,710,11,xes3g5m,dkt,full,2025
0.7976073187895848,0.8571428571428571,0.35841759177340055,0.32387749433425284,0.1018555739101124,0.10489663133623399,0.02938342670501393,0.04826819346143758,238,203,35,110,xes3g5m,dkt,full,2025
0.5381554307116105,0.7936507936507936,0.6098366030310237,0.4080192392060385,0.143531988655764,0.16647969956227446,0.0458713347879144,0.009885839478544642,315,267,48,111,xes3g5m,dkt,full,2025
0.7063366783999068,0.7848132574820678,0.4829215205206426,0.3948348348261133,0.05109075097689206,0.1558945467921642,0.005230209871175381,0.01697101635460951,4043,3180,863,112,xes3g5m,dkt,full,2025
0.8594702834967789,0.8481675392670157,0.3558491009943749,0.33574982227059946,0.05734177626098548,0.11272794315473914,0.007371396565281054,0.0724600778991447,3247,2491,756,114,xes3g5m,dkt,full,2025
1.0,1.0,6.86688992573162e-07,9.263064316771084e-06,6.866460845284535e-07,8.580436053663774e-11,1.0432907580189236e-12,0.1875,1160,870,290,115,xes3g5m,dkt,full,2025
0.6722856889272084,0.6670547147846333,0.5984603910018869,0.456264746742568,0.08748179643357452,0.20817751912005972,0.018623098953963177,0.024020074091414115,859,593,266,116,xes3g5m,dkt,full,2025
0.8633359925541817,0.847255369928401,0.36633328869126225,0.3334714718164495,0.05582560334751396,0.11120322251542906,0.006715517700719863,0.06580069863578576,2095,1635,460,117,xes3g5m,dkt,full,2025
0.728738252924441,0.7407624633431085,0.5514237565240548,0.4258701435569668,0.06737259629556683,0.18136537917323148,0.006300397417330343,0.03107230104912053,1705,1211,494,118,xes3g5m,dkt,full,2025
0.785901782476055,0.8608742004264393,0.3619162538145971,0.3301943327333642,0.040067034475679754,0.10902829736923163,0.004396951080167968,0.03345548558478301,3752,3129,623,121,xes3g5m,dkt,full,2025
0.8652343749999999,0.8636363636363636,0.3345261872727895,0.3151062815748548,0.050777044026869014,0.09929196868793168,0.0041541364639395275,0.05278296548653507,352,288,64,129,xes3g5m,dkt,full,2025
0.7368040193715775,0.8343801652892562,0.3991361645754425,0.3511236766568011,0.03642969988655946,0.1232878363089898,0.0050355959095452745,0.01449179743595364,3025,2549,476,131,xes3g5m,dkt,full,2025
0.6736073958355624,0.8560371517027864,0.3856317519759917,0.33470462883131863,0.07332081186812912,0.11202718856111077,0.013674127866594882,0.013572714821468943,646,563,83,137,xes3g5m,dkt,full,2025
0.9171889921678213,0.9198340248962655,0.22894687874718786,0.25257998961506434,0.028273394658223955,0.06379665115394602,0.0023792283699036773,0.07547416149751683,6025,5033,992,139,xes3g5m,dkt,full,2025
0.9491955799077025,0.9278128780750101,0.18507528804859763,0.23358698659844093,0.02773903673064312,0.05456288030814023,0.0033760656346072788,0.07032646621456361,7439,6380,1059,14,xes3g5m,dkt,full,2025
0.6665835084033613,0.9729950900163666,0.13059868898794488,0.1716494801574143,0.014216542024464112,0.029463544038310568,0.004190090235282763,0.0003541507288235737,1222,1190,32,143,xes3g5m,dkt,full,2025
0.8804888600475882,0.9190082644628099,0.24111914532295567,0.2567198376419523,0.03728558119109347,0.06590507503891034,0.0058148879806573985,0.040500595459907265,605,536,69,159,xes3g5m,dkt,full,2025
0.7729380239720698,0.7463054187192119,0.5107208283224931,0.4112858651321289,0.05767171627158309,0.16915606285748372,0.004648954346027868,0.039836475268826756,1624,1158,466,0,xes3g5m,dkt,t500,42
0.7529903522720631,0.7867469879518072,0.489703219150873,0.39436691804953966,0.07007232838007342,0.15552526605189232,0.00594849817408895,0.029963609140036443,1660,1269,391,1,xes3g5m,dkt,t500,42
0.8178379129504668,0.8100336113531682,0.43442111606130585,0.37085926894514415,0.030108205647855067,0.13753659736252677,0.0016607608785489125,0.05548057761597883,8033,5956,2077,10,xes3g5m,dkt,t500,42
0.7202299351944168,0.7779605263157895,0.47739472452153725,0.3944821850439996,0.051540639631352136,0.15561619431708837,0.0054906344011953455,0.022288854281068526,608,472,136,100,xes3g5m,dkt,t500,42
0.7370182488166452,0.7467853610286844,0.5301313526043672,0.41851851972208937,0.04344389191529281,0.17515775135036893,0.0039454641108436096,0.030271172340053384,2022,1455,567,101,xes3g5m,dkt,t500,42
0.9231391668748221,0.9121680770353079,0.23474348997411149,0.26386819062171674,0.03530102188535618,0.06962642202197863,0.0032899903102661583,0.08044905572872843,6854,5623,1231,102,xes3g5m,dkt,t500,42
0.8988482384823848,0.8302658486707567,0.36798997710147163,0.3391404135707188,0.08228836677861846,0.11501622011691817,0.012192224050886024,0.08163397524598953,489,369,120,103,xes3g5m,dkt,t500,42
0.7237035143644552,0.831730225189544,0.4144345337470613,0.3587713880376537,0.02111413171081724,0.12871690887446466,0.0009045466477140375,0.015317207070199347,8837,7302,1535,104,xes3g5m,dkt,t500,42
0.8903508771929824,0.8508124076809453,0.34452177581090443,0.33176838649870605,0.05908677058412722,0.11007026227995481,0.00835111269580856,0.08097124064773668,677,513,164,105,xes3g5m,dkt,t500,42
0.7014310599257352,0.907552721922511,0.3013425515907007,0.2857170383039769,0.03998124265477844,0.08163422597719619,0.0022386143912450055,0.00410473234726954,8156,7402,754,106,xes3g5m,dkt,t500,42
0.7391262340083319,0.7247899159663865,0.5530657347222677,0.43083751620609784,0.1399458628852202,0.1856209653706396,0.024169685242207434,0.03275895166545744,952,701,251,107,xes3g5m,dkt,t500,42
0.6315040081516443,0.8235890161110548,0.4502874936721622,0.374925750630705,0.01611202606913023,0.14056931848599757,0.0009128947916144702,0.005003826562388857,9869,8134,1735,108,xes3g5m,dkt,t500,42
0.6554961046681473,0.7988038817422703,0.4799463625229536,0.39067768757430527,0.029856880102327645,0.15262905556840647,0.0015347890758638082,0.008089542692184657,8862,7094,1768,109,xes3g5m,dkt,t500,42
0.867608691197401,0.8879177377892031,0.28637298973717107,0.29653005389317977,0.031304001343223496,0.08793007286189211,0.002218179325772439,0.055201019812777356,3890,3224,666,11,xes3g5m,dkt,t500,42
0.7887887887887889,0.8820754716981132,0.3166221535771898,0.3088766886243779,0.044237514992929855,0.0954048087755609,0.007425850098203059,0.02285806808511086,212,185,27,110,xes3g5m,dkt,t500,42
0.6347413383958235,0.8472222222222222,0.4123862642993379,0.3538037233651122,0.03590137563231918,0.12517707466701683,0.0044079163701483326,0.006868831518267943,288,245,43,111,xes3g5m,dkt,t500,42
0.6392688275401874,0.7032716205934567,0.5725671216762781,0.4400585689679412,0.12338948870541147,0.19365154412211227,0.026755335934975973,0.007926741293029808,3943,3051,892,112,xes3g5m,dkt,t500,42
0.8348818819808244,0.838883602917856,0.3784352715163889,0.3453494285486881,0.05309450094045492,0.11926622779890543,0.0043489779552408365,0.06337095717174102,3153,2416,737,114,xes3g5m,dkt,t500,42
0.9999515642544198,0.9937611408199644,0.0126790636983748,0.05882060335449339,0.007029250355914914,0.0034598633789866395,0.0012348944878403981,0.17817368399312405,1122,857,265,115,xes3g5m,dkt,t500,42
0.6613236126369054,0.6513966480446928,0.602492561788426,0.4587866724219821,0.0704588359627644,0.2104852107920351,0.007160210443337644,0.021063443898277922,895,589,306,116,xes3g5m,dkt,t500,42
0.7971454029971647,0.8525482434438397,0.3688311259042945,0.33408824748058846,0.029172402234238316,0.11161495710465091,0.0021591372786313808,0.0409701471547706,2021,1646,375,117,xes3g5m,dkt,t500,42
0.678125339415662,0.720508166969147,0.5820762879203014,0.4393825070263358,0.08587716872304117,0.193056987480748,0.008484584826618229,0.01708731840031499,1653,1188,465,118,xes3g5m,dkt,t500,42
0.7526449207265677,0.8514239656098872,0.3812250426950488,0.34123988304400527,0.017368470230037198,0.1164446577798864,0.0007091880465772405,0.022670129311297277,3722,3103,619,121,xes3g5m,dkt,t500,42
0.8476100628930816,0.8696883852691218,0.3320507532155951,0.3227620978095137,0.07280323073985553,0.10417537178239808,0.013918494744062874,0.037022661082369915,353,300,53,129,xes3g5m,dkt,t500,42
0.7174251264099571,0.8464579901153213,0.3878412894488866,0.3440247225046955,0.020466489100574067,0.11835300969443274,0.0014857991958419758,0.012278535477957825,3035,2571,464,131,xes3g5m,dkt,t500,42
0.6623083751169542,0.8850931677018633,0.33845424125683726,0.3114425169227342,0.026271713770324383,0.0969964413471676,0.0021389715990584647,0.005171554127876689,644,571,73,137,xes3g5m,dkt,t500,42
0.8959692324418354,0.9138848572810837,0.2453203151879328,0.26235982011514536,0.02903302594460036,0.06883267521085144,0.0028675479075846735,0.06297774970849662,6201,5256,945,139,xes3g5m,dkt,t500,42
0.909497055770425,0.9150745878042398,0.22895957868959818,0.25734035049634385,0.011281609346564145,0.0662240559935811,0.0005463493557343138,0.05292584569146576,7642,6588,1054,14,xes3g5m,dkt,t500,42
0.611004025171495,0.9734816082121471,0.13333764697867057,0.17450014812161144,0.013529952006833547,0.030450301694464332,0.004803030262902688,8.232612029588118e-05,1169,1138,31,143,xes3g5m,dkt,t500,42
0.866583641330548,0.926391382405745,0.2063731894468947,0.2398747621465366,0.021107064650345536,0.05753990151485751,0.0025319617517252017,0.02457494257239897,557,508,49,159,xes3g5m,dkt,t500,42
0.7161544619626854,0.7124384236453202,0.5443594295429321,0.4294828224123502,0.054012497565869615,0.18445549474727835,0.005615668137397872,0.02484316737252171,1624,1158,466,0,xes3g5m,dkt,t100,42
0.7364801815473851,0.7728915662650603,0.49933721446548074,0.40235696156849604,0.05671087375067801,0.16189112452263218,0.0056256731367053114,0.02426770599911864,1660,1269,391,1,xes3g5m,dkt,t100,42
0.779893347232942,0.7954686916469563,0.46696695903330787,0.38558241992809483,0.021212350111048946,0.14867380255760565,0.0006685037810315602,0.04353528294808151,8033,5956,2077,10,xes3g5m,dkt,t100,42
0.7046828265204386,0.7796052631578947,0.4868164896904828,0.39897677761278405,0.04901453529141452,0.15918246907428094,0.0051310564883885875,0.01959705738881518,608,472,136,100,xes3g5m,dkt,t100,42
0.7273174663781766,0.7472799208704253,0.563872836464295,0.42781107353528675,0.08958674581863287,0.18302231463941454,0.009641212450833323,0.027730483967660282,2022,1455,567,101,xes3g5m,dkt,t100,42
0.9148992482280549,0.890283046396265,0.2703661745585934,0.28582751364125264,0.031925207563777355,0.08169736755434046,0.00242084261826749,0.0672742539879941,6854,5623,1231,102,xes3g5m,dkt,t100,42
0.8077009936766033,0.7648261758691206,0.4572232350191399,0.38737552101325295,0.0708297356384176,0.15005979428028918,0.013627570441887532,0.04753052016283096,489,369,120,103,xes3g5m,dkt,t100,42
0.7137320817909867,0.8258458752970466,0.42639744486889514,0.3641619747545777,0.044832875159810104,0.13261394385715367,0.002788397218425876,0.013420824202035001,8837,7302,1535,104,xes3g5m,dkt,t100,42
0.823967099320116,0.6927621861152142,0.4846445683743856,0.4135902690233768,0.16038120835689357,0.1710569106308292,0.049758422195090614,0.06193029772649286,677,513,164,105,xes3g5m,dkt,t100,42
0.4190526325596996,0.9073075036782736,0.3563770880213795,0.313152845150717,0.08103843133799761,0.09806470442598894,0.014235248355923425,0.0005334482216320386,8156,7402,754,106,xes3g5m,dkt,t100,42
0.6939943506999108,0.7573529411764706,0.5418473200885794,0.42200511469737306,0.06299498890127453,0.178088316830743,0.005521117704977945,0.021527787839492857,952,701,251,107,xes3g5m,dkt,t100,42
0.5860800609956145,0.8238929982774343,0.5019866082153094,0.3874379427672115,0.08290725558685161,0.15010815949568904,0.007377126874720457,0.0018962779632465648,9869,8134,1735,108,xes3g5m,dkt,t100,42
0.6353396997909138,0.7951929587000677,0.48789100882514896,0.39526781951763873,0.039985046648220494,0.15623664914622862,0.0024642892779944063,0.005743547198238419,8862,7094,1768,109,xes3g5m,dkt,t100,42
0.8437094818143205,0.884318766066838,0.3175843296292649,0.30490436594539566,0.047937898062035494,0.09296667237256374,0.004832121031693793,0.05291084088560916,3890,3224,666,11,xes3g5m,dkt,t100,42
0.6946946946946947,0.8726415094339622,0.35724210560663644,0.32481151520317886,0.039804523002426616,0.10550252040858488,0.003577637991906422,0.007567777526737208,212,185,27,110,xes3g5m,dkt,t100,42
0.6127195064072141,0.8368055555555556,0.4370422503109846,0.3634421257908684,0.06807126591189042,0.1320901787993854,0.010860800183017955,0.005788385948569717,288,245,43,111,xes3g5m,dkt,t100,42
0.5666834589262066,0.7745371544509256,0.5340087161874296,0.41843405056893607,0.04071514479647791,0.17508705467552693,0.0023840996997758573,0.0018105056123695873,3943,3051,892,112,xes3g5m,dkt,t100,42
0.8098225197013127,0.8439581351094196,0.40578657318099076,0.3553009071616505,0.07134711583370339,0.1262387346298918,0.006665230156971152,0.058452763093810534,3153,2416,737,114,xes3g5m,dkt,t100,42
1.0,0.9928698752228164,0.02393726489763339,0.06524680196379912,0.02051193101676891,0.0042571451665032204,0.004119466905701743,0.1804018479859939,1122,857,265,115,xes3g5m,dkt,t100,42
0.5678340379728575,0.6480446927374302,0.659242282937465,0.4802327541551416,0.0953645644574192,0.2306234981634327,0.012353582911121302,0.006575653717184054,895,589,306,116,xes3g5m,dkt,t100,42
0.7863167274200081,0.8480950024740228,0.40764263369431536,0.34771853421728677,0.06671646040694248,0.12090817903821845,0.006268374163506052,0.0358086777087047,2021,1646,375,117,xes3g5m,dkt,t100,42
0.6738360305564608,0.7410768300060496,0.551270688546935,0.4285600659658033,0.02253640739216782,0.18366373014061368,0.0013029481545942672,0.019248177601274282,1653,1188,465,118,xes3g5m,dkt,t100,42
0.763719720922532,0.8444384739387426,0.38387195695896964,0.34339132615773676,0.021918983636589073,0.11791760288036916,0.0010998495471040797,0.021657807679109478,3722,3103,619,121,xes3g5m,dkt,t100,42
0.8147798742138365,0.8555240793201133,0.3600419455927548,0.3289515927079782,0.07492786907609392,0.10820915034511558,0.008445018370229753,0.027237628280124496,353,300,53,129,xes3g5m,dkt,t100,42
0.6715663099022251,0.8454695222405272,0.4156605786627234,0.3524785886435939,0.04384686494187818,0.12424115545217986,0.002401450562450365,0.007631550286116692,3035,2571,464,131,xes3g5m,dkt,t100,42
0.6266103687354557,0.8835403726708074,0.36615498248423883,0.32096835233318605,0.06171458434336674,0.10302068319948027,0.008119768158088795,0.005411290275412152,644,571,73,137,xes3g5m,dkt,t100,42
0.882935199278426,0.9235607160135462,0.2596757308480597,0.26130670812046297,0.043713234735352664,0.06828119570875282,0.00334707554211545,0.06357374775774899,6201,5256,945,139,xes3g5m,dkt,t100,42
0.8640484279968524,0.8823606385762889,0.28516495208552534,0.29364226682870526,0.020521670457066328,0.08622578086830053,0.0006689734277901605,0.033033831445980495,7642,6588,1054,14,xes3g5m,dkt,t100,42
0.550215431713816,0.9734816082121471,0.14072370484031593,0.1760741590543615,0.020063992643886544,0.031002109486700593,0.005267895031071116,0.00011522540457491487,1169,1138,31,143,xes3g5m,dkt,t100,42
0.8626466334565324,0.9210053859964094,0.21820665666929903,0.2423968772488462,0.02976336874589461,0.05875624609999222,0.003328110828790239,0.024464825027639085,557,508,49,159,xes3g5m,dkt,t100,42
0.7289503139199597,0.7142857142857143,0.5505738125643161,0.4313074707067427,0.08075711387315274,0.18602613428744771,0.011052436004381001,0.029455297232323333,1624,1158,466,0,xes3g5m,dkt,t50,42
0.6975043280751503,0.7325301204819277,0.530177601214209,0.42071772724081286,0.08747951751204817,0.177003406014675,0.014165117975944894,0.016725692778384666,1660,1269,391,1,xes3g5m,dkt,t50,42
0.767041153663214,0.7658409062616706,0.5136370823813186,0.4056944126183264,0.08065136366401089,0.16458795642972887,0.01065716845926469,0.03736612080297856,8033,5956,2077,10,xes3g5m,dkt,t50,42
0.6096865653040877,0.774671052631579,0.5334164633777749,0.4140082086197372,0.06994129840460521,0.17140279680452383,0.00695000810308502,0.009268639470650555,608,472,136,100,xes3g5m,dkt,t50,42
0.7359236834609114,0.7344213649851632,0.5318183389461001,0.4224761973915606,0.06256625252522258,0.17848613736243288,0.007404370927086618,0.030315889225527377,2022,1455,567,101,xes3g5m,dkt,t50,42
0.8754002686829494,0.861248905748468,0.3483274167370588,0.3228036851847091,0.07169084934651303,0.10420221916882877,0.009966515227501395,0.052415797475849624,6854,5623,1231,102,xes3g5m,dkt,t50,42
0.826196928635953,0.8057259713701431,0.4683277145340032,0.38464868268301833,0.12245805186094072,0.14795460908978134,0.017878239324410586,0.05455619964707361,489,369,120,103,xes3g5m,dkt,t50,42
0.7330670192540172,0.8060427746972955,0.43457531294380086,0.3717101956061883,0.06154627749315381,0.13816846951759076,0.010384985389849818,0.015256783353144938,8837,7302,1535,104,xes3g5m,dkt,t50,42
0.8675890267674606,0.8257016248153619,0.3658471713290655,0.3414302395448167,0.05984844655243722,0.11657460847563092,0.0072368375964036126,0.07459496009292428,677,513,164,105,xes3g5m,dkt,t50,42
0.7087028238837163,0.9058361942128494,0.2855437344996228,0.2829170759251812,0.007224163730995594,0.08004207185005477,0.0009426275506296775,0.004455822798286586,8156,7402,754,106,xes3g5m,dkt,t50,42
0.7021216134037318,0.7037815126050421,0.6035439142918931,0.45176345740622786,0.15508514652415967,0.20409022144762867,0.031107549718446655,0.021521236785232194,952,701,251,107,xes3g5m,dkt,t50,42
0.6115063323339822,0.8086938899584558,0.47608294228506937,0.3896074394480017,0.06724882184010536,0.1517939568732283,0.010221310723978373,0.003521404675105152,9869,8134,1735,108,xes3g5m,dkt,t50,42
0.5856913608083818,0.7844730309185286,0.5441232829795053,0.41252104296639697,0.09843483379146917,0.17017361089008395,0.012759918358798866,0.0022087637074006826,8862,7094,1768,109,xes3g5m,dkt,t50,42
0.8341413684155621,0.8727506426735219,0.36381660771108065,0.31805453439484704,0.06851109782840609,0.10115868684912295,0.006944830558237558,0.04669800811739881,3890,3224,666,11,xes3g5m,dkt,t50,42
0.6786786786786787,0.8726415094339622,0.40690881385417516,0.33151305726994834,0.0839432,0.10990090714046803,0.01193200966949441,0.012090446539956515,212,185,27,110,xes3g5m,dkt,t50,42
0.634076886568581,0.8298611111111112,0.4354678074939495,0.36327745762173397,0.06853735225694435,0.13197051121611073,0.01462474950703128,0.01049320915624789,288,245,43,111,xes3g5m,dkt,t50,42
0.6004871592494118,0.7737763124524474,0.5385262089735382,0.4182404183303347,0.0593979287040324,0.17492504752513335,0.003944860948547012,0.00393276381202835,3943,3051,892,112,xes3g5m,dkt,t50,42
0.8230066180236686,0.8341262289882652,0.4226839633406528,0.36378493168771214,0.08019866157691094,0.13233947652303338,0.009345583712778792,0.05523123763823074,3153,2416,737,114,xes3g5m,dkt,t50,42
0.9999427577552233,0.9919786096256684,0.036281804529969666,0.08439775812367199,0.028961356041176466,0.007122981576301843,0.005131358740863348,0.1784707725255067,1122,857,265,115,xes3g5m,dkt,t50,42
0.5333067012883251,0.587709497206704,0.6781086019322337,0.4915346432695879,0.10405024037988825,0.24160630553416104,0.020286367733443614,0.004137414176304135,895,589,306,116,xes3g5m,dkt,t50,42
0.688212231672742,0.8184067293419099,0.44735002472720403,0.37542331869324463,0.07826711059178627,0.14094266821864954,0.01570050201375179,0.025700852258330194,2021,1646,375,117,xes3g5m,dkt,t50,42
0.6174224322073784,0.705384150030248,0.584426791910596,0.44486229961717244,0.05481302376285538,0.19790246562067892,0.005847154476569853,0.009357532676474878,1653,1188,465,118,xes3g5m,dkt,t50,42
0.7494644038782625,0.830198817839871,0.43684165834322836,0.3605190679079201,0.07154777221278881,0.12997399832519552,0.010463898563563858,0.018828185545877226,3722,3103,619,121,xes3g5m,dkt,t50,42
0.7166666666666666,0.8215297450424929,0.45617878248717414,0.36618636861758813,0.10263854716713883,0.13409245656133612,0.01955504815704176,0.011036779539907322,353,300,53,129,xes3g5m,dkt,t50,42
0.5241981182687536,0.8467874794069192,0.4497506571766782,0.3653318021216391,0.05275856723228988,0.1334673256414445,0.004347578797264696,0.0003213003222799807,3035,2571,464,131,xes3g5m,dkt,t50,42
0.6060264376364465,0.8726708074534162,0.3631087341445442,0.32489504084826637,0.03843142712732918,0.10555678756779667,0.0064986764016408596,0.001764472974928271,644,571,73,137,xes3g5m,dkt,t50,42
0.8576319932674574,0.9169488792130301,0.2668159332483772,0.27049219307499733,0.04014673045750688,0.07316602651452164,0.004623559904330181,0.06049739817057681,6201,5256,945,139,xes3g5m,dkt,t50,42
0.8108572281959379,0.8759487045276105,0.3191246793842552,0.3091912901826123,0.024075977816409258,0.0955992539247884,0.0010667468125985578,0.024096982712949116,7642,6588,1054,14,xes3g5m,dkt,t50,42
0.5008078689268098,0.9734816082121471,0.15824081563796488,0.1856815030559024,0.03751699282292557,0.03447762057709909,0.008437005593111037,0.0002136959840929686,1169,1138,31,143,xes3g5m,dkt,t50,42
0.8834967057689218,0.9066427289048474,0.2686108424839773,0.27318451036597885,0.1208474686445243,0.07462977670389961,0.02277132391749832,0.028616589511344874,557,508,49,159,xes3g5m,dkt,t50,42
0.661413047506801,0.7204433497536946,0.8330583110152598,0.4718903530115318,0.17529382973232605,0.2226805052653481,0.03590271525402239,0.01768260638960768,1624,1158,466,0,xes3g5m,simplekt,full,42
0.6838842433879709,0.7590361445783133,1.083097209827512,0.45767125182614204,0.1944473150831434,0.20946297474810793,0.04389274260219922,0.012872553624763732,1660,1269,391,1,xes3g5m,simplekt,full,42
0.7841734507557103,0.789991285945475,0.6016683846277782,0.40653782312838593,0.11232424946593242,0.1652730016339668,0.014872578853596899,0.040116274495565214,8033,5956,2077,10,xes3g5m,simplekt,full,42
0.6799601196410767,0.7467105263157895,0.7375209475201854,0.44735352920353577,0.17833999629778863,0.20012518009085875,0.0456845061347265,0.018500009670224755,608,472,136,100,xes3g5m,simplekt,full,42
0.6495160518070026,0.6864490603363007,0.7916658432082683,0.4793103251072418,0.1671844599095475,0.22973838775440986,0.04179280111713149,0.013108057051813603,2022,1455,567,101,xes3g5m,simplekt,full,42
0.9548868932620215,0.9161073825503355,0.22614004908867344,0.25307424806060164,0.045293664182251656,0.06404657503143894,0.005441247849968999,0.08786502813680983,6854,5623,1231,102,xes3g5m,simplekt,full,42
0.992750677506775,0.9652351738241309,0.0931163655797494,0.1641088565721537,0.027782236894780068,0.026931716805419715,0.005843650451052422,0.1634523011678141,489,369,120,103,xes3g5m,simplekt,full,42
0.6745156161758369,0.8215457734525291,0.5358117846732624,0.3762488468090083,0.08545703075489348,0.1415631947251086,0.008898992848025058,0.01075996500086816,8837,7302,1535,104,xes3g5m,simplekt,full,42
0.8624542385774734,0.8478581979320532,0.5827753787646545,0.3613890001667127,0.11752763224086081,0.13060200944149628,0.019624531173699916,0.0713874195893686,677,513,164,105,xes3g5m,simplekt,full,42
0.6870119696662382,0.8913683178028445,0.417031121347637,0.3029386754578556,0.07758454504080728,0.09177184108815996,0.01099218090545309,0.0027310664673756433,8156,7402,754,106,xes3g5m,simplekt,full,42
0.6483680115486697,0.7542016806722689,0.9003743528359611,0.45808777024310116,0.16927279642195647,0.20984440524629622,0.03365739826544453,0.017448323692548052,952,701,251,107,xes3g5m,simplekt,full,42
0.6037877440480028,0.7713040834937683,0.7280117221814948,0.4311190602066665,0.15464573926007136,0.18586364407347936,0.043944190087891036,0.0029468905619060154,9869,8134,1735,108,xes3g5m,simplekt,full,42
0.6115325375341089,0.7514105168133605,0.7673935981663872,0.44104949564203044,0.16637594552386026,0.19452465760608945,0.038956640364243275,0.0040093496323714605,8862,7094,1768,109,xes3g5m,simplekt,full,42
0.8544689230173101,0.8712082262210797,0.44016680942102404,0.3288196283113366,0.08952060097899092,0.10812234796280557,0.012498223063786623,0.0447845632045879,3890,3224,666,11,xes3g5m,simplekt,full,42
0.730930930930931,0.8867924528301887,0.5508501175762892,0.3234653272445649,0.10218464105961211,0.10462981792943346,0.01760295494510053,0.024522183869502348,212,185,27,110,xes3g5m,simplekt,full,42
0.6327479829140958,0.8402777777777778,0.8474682409368457,0.3875513061793201,0.14909341640143078,0.1501960149212971,0.029338793838088257,0.005378817950879817,288,245,43,111,xes3g5m,simplekt,full,42
0.6527142097055585,0.7643925944712148,0.6256305352071966,0.4250308493543671,0.11921538944438104,0.18065122290289468,0.01594054160990594,0.010168526411849114,3943,3051,892,112,xes3g5m,simplekt,full,42
0.8302561732277803,0.8265144307009198,0.45320011443041197,0.36354844919738916,0.09861788822230769,0.13216747491382663,0.015599719785717331,0.061357808897136094,3153,2416,737,114,xes3g5m,simplekt,full,42
1.0,1.0,7.218049394005964e-06,9.278551672460164e-05,7.213739467975705e-06,8.609152113851331e-09,5.6360543433419405e-11,0.18040184798599396,1122,857,265,115,xes3g5m,simplekt,full,42
0.49648235072183944,0.6100558659217877,1.3388305396541569,0.5663860884348214,0.29905943787089606,0.3207932011724973,0.09841738449009083,0.002635391866511394,895,589,306,116,xes3g5m,simplekt,full,42
0.8199230457675172,0.8476001979218208,0.5053813696950114,0.35198834509473587,0.10122204025500686,0.12389579508253086,0.018666085169131888,0.04491510325299561,2021,1646,375,117,xes3g5m,simplekt,full,42
0.6386517504797075,0.7132486388384754,0.7961592017709717,0.4746743551652271,0.17769155150836619,0.22531574345152416,0.037151738944289255,0.013672474579511113,1653,1188,465,118,xes3g5m,simplekt,full,42
0.7437015718281906,0.8299301450832886,0.6069904090031207,0.37647837537142337,0.1171616833994481,0.14173596712230635,0.017909497214302687,0.013485235765798975,3722,3103,619,121,xes3g5m,simplekt,full,42
0.7678616352201256,0.8838526912181303,0.5902941230898262,0.33095345013086264,0.11287797411023864,0.10953018615352136,0.016818068083706426,0.03442566835018425,353,300,53,129,xes3g5m,simplekt,full,42
0.6595104212771095,0.8352553542009885,0.503101991196647,0.3647094160219154,0.08773709523078828,0.13301295813504657,0.011791520744628952,0.007887982739353847,3035,2571,464,131,xes3g5m,simplekt,full,42
0.6846436197010771,0.860248447204969,0.41613837213549726,0.32986042118032766,0.07987345055740633,0.10880789746126315,0.015171905177721977,0.006557262849636738,644,571,73,137,xes3g5m,simplekt,full,42
0.8614133104620166,0.8861473955813578,0.4468441724641583,0.3129091039957646,0.0802336415415442,0.09791210736343223,0.010306914781608171,0.04082946335138567,6201,5256,945,139,xes3g5m,simplekt,full,42
0.930066410781952,0.9258047631510076,0.22452774951877796,0.243523281202363,0.033035067837117536,0.05930358848756516,0.0017540705910554638,0.06052708784859913,7642,6588,1054,14,xes3g5m,simplekt,full,42
0.6628068484607971,0.9692044482463644,0.22116613720304393,0.18683174875912048,0.04156509873682724,0.034906102344391114,0.00967436020494359,0.00041746010494214843,1169,1138,31,143,xes3g5m,simplekt,full,42
0.864474529969468,0.9084380610412927,0.3419381394134576,0.2762532321410312,0.07510693217134454,0.07631584826836647,0.014103095542931194,0.017132221300853522,557,508,49,159,xes3g5m,simplekt,full,42
0.7073354236622266,0.7179802955665024,0.7558506867904287,0.4658232588261377,0.16679855204180746,0.21699130846340287,0.03749177755353182,0.024399129207123296,1624,1158,466,0,xes3g5m,simplekt,full,2024
0.698802246769815,0.7620481927710844,1.08659254074398,0.45361380930397116,0.18750065995064222,0.2057654879912595,0.041866762902043025,0.014964165241386617,1660,1269,391,1,xes3g5m,simplekt,full,2024
0.7820051263429814,0.7871280966015187,0.5929980674642004,0.40401061941122884,0.11128723882939859,0.1632245805970448,0.013152277919836069,0.04079075700743411,8033,5956,2077,10,xes3g5m,simplekt,full,2024
0.7172856430707877,0.7894736842105263,0.6576715271258258,0.4157841313192674,0.12711740994027904,0.1728764438569178,0.02187946877580259,0.022296509076375797,608,472,136,100,xes3g5m,simplekt,full,2024
0.6905307369224896,0.7289812067260139,0.7162652284011173,0.4573217646493428,0.14964359731304724,0.20914319642198892,0.02715570106171528,0.01913030961317121,2022,1455,567,101,xes3g5m,simplekt,full,2024
0.954124315055679,0.9165450831631164,0.2199148017483435,0.25110905678720996,0.038958068272976695,0.06305575840056224,0.004307172002030413,0.0876187011059874,6854,5623,1231,102,xes3g5m,simplekt,full,2024
0.9857497741644083,0.9591002044989775,0.13046247949478457,0.17784770868734737,0.029678253177305713,0.03162980748533957,0.00659463865351001,0.1600043910823391,489,369,120,103,xes3g5m,simplekt,full,2024
0.6911248268066309,0.8242616272490664,0.49748663909734897,0.37158253797462254,0.0768542532672389,0.1380735825276618,0.0071666422696966825,0.012560908040279423,8837,7302,1535,104,xes3g5m,simplekt,full,2024
0.8786430846764608,0.8360413589364845,0.5088641073697265,0.35717821039020226,0.10662019499092179,0.1275762739775476,0.01710168781387265,0.07152706341053579,677,513,164,105,xes3g5m,simplekt,full,2024
0.7131851775668917,0.8887935262383522,0.41652241189685174,0.3089314533868962,0.08151569366488194,0.09543864289174003,0.015179089263616337,0.002961904110172308,8156,7402,754,106,xes3g5m,simplekt,full,2024
0.6586720166409965,0.7216386554621849,0.8095067949468573,0.46305042225558923,0.16756803767648995,0.2144156935510795,0.03653849862602065,0.016190087078716244,952,701,251,107,xes3g5m,simplekt,full,2024
0.6132512051381436,0.7800182389299828,0.6904757664922919,0.4253619118768116,0.16011617202568373,0.18093275607549644,0.03930298887653364,0.0028356546439103165,9869,8134,1735,108,xes3g5m,simplekt,full,2024
0.6184704794823743,0.7547957571654255,0.7112102583546674,0.4353565113615095,0.1443374982770302,0.18953529198486416,0.03430245189895468,0.004277174088737313,8862,7094,1768,109,xes3g5m,simplekt,full,2024
0.8555764200925491,0.8763496143958869,0.42432849111502996,0.31931178453314407,0.08105615315088961,0.10196001574174102,0.010094120285487007,0.048882966729294326,3890,3224,666,11,xes3g5m,simplekt,full,2024
0.8418418418418419,0.8915094339622641,0.4366356305547739,0.31277814301184975,0.0951659565150791,0.09783016674594112,0.017261180992077855,0.02912850753104245,212,185,27,110,xes3g5m,simplekt,full,2024
0.6597057427622212,0.8402777777777778,0.6751866169973366,0.37592666609566466,0.1354181478608451,0.14132085828180135,0.026323871743079277,0.010350324164769048,288,245,43,111,xes3g5m,simplekt,full,2024
0.6473561193639371,0.7380167385239665,0.7247676336160556,0.4457733674828028,0.16379333362115567,0.19871389515695795,0.032562058496067484,0.008071996061637695,3943,3051,892,112,xes3g5m,simplekt,full,2024
0.8188321636848869,0.8065334601966381,0.449156931402242,0.37121094026544826,0.09001109686565054,0.13779756217275818,0.017692636034389333,0.058221087408290996,3153,2416,737,114,xes3g5m,simplekt,full,2024
1.0,1.0,8.150300663052864e-05,0.002120203199420025,7.914562759846438e-05,4.49526160683091e-06,4.41996353142978e-06,0.18040184798599396,1122,857,265,115,xes3g5m,simplekt,full,2024
0.5568594160924132,0.6301675977653631,1.094029356214226,0.5416382109848723,0.24723238634653183,0.29337195159889307,0.07268096103213995,0.004510031613676195,895,589,306,116,xes3g5m,simplekt,full,2024
0.8328278655326042,0.8703612073231074,0.5081467983797856,0.3315243030206409,0.08946469503820985,0.10990836349332173,0.009415966230455968,0.049812677994092655,2021,1646,375,117,xes3g5m,simplekt,full,2024
0.6417155425219941,0.7108287961282517,0.890315636390117,0.4817727741380848,0.1924234837948875,0.23210500590070604,0.04115001858747014,0.010494735468125557,1653,1188,465,118,xes3g5m,simplekt,full,2024
0.7522359673816105,0.8315421816227835,0.6160528327351645,0.3743175267003478,0.1154895032046979,0.14011361079506557,0.017730079615302815,0.015330048004566669,3722,3103,619,121,xes3g5m,simplekt,full,2024
0.8124528301886793,0.8895184135977338,0.5498152662998793,0.32140097693910935,0.09927551844406682,0.10329858797741391,0.012480784299442299,0.03642901098715545,353,300,53,129,xes3g5m,simplekt,full,2024
0.6723685269383977,0.8118616144975288,0.5107737212194344,0.3801270119399973,0.10919969697134596,0.14449654520643088,0.024222751595414593,0.00918098193164194,3035,2571,464,131,xes3g5m,simplekt,full,2024
0.681117002135163,0.8649068322981367,0.41481751531204275,0.32906059411138067,0.07891401727192154,0.1082808745969348,0.015002352719014612,0.0069620770239578605,644,571,73,137,xes3g5m,simplekt,full,2024
0.8228841012136292,0.8761490082244799,0.5438274297535334,0.32471124598178797,0.09251991297032473,0.10543739326704521,0.012680928505525114,0.03563902909792417,6201,5256,945,139,xes3g5m,simplekt,full,2024
0.9347909458747952,0.9278984559015965,0.21570592990033072,0.2379430778406709,0.0297564378048943,0.05661690829229157,0.0014415867364773554,0.06296551322629627,7642,6588,1054,14,xes3g5m,simplekt,full,2024
0.5317194852315891,0.9717707442258341,0.2879392818018433,0.17848413242337205,0.036659105133561666,0.03185658552692381,0.006490177749061341,0.00040762203273092643,1169,1138,31,143,xes3g5m,simplekt,full,2024
0.8408725695002411,0.9012567324955116,0.3572572046966452,0.2818301794840738,0.06617947654711676,0.07942825006802524,0.013498076710969469,0.012858418976604865,557,508,49,159,xes3g5m,simplekt,full,2024
0.7117071956962766,0.7314702308626975,0.6953313566499469,0.45033254144542006,0.1430775510329122,0.20279939788469098,0.024925453099656526,0.025643858604720807,1646,1179,467,0,xes3g5m,simplekt,full,2025
0.7099939874420347,0.7595375722543353,0.9757745724420136,0.4487353343202835,0.17459932663121353,0.20136340026753663,0.03512425256426376,0.018493103174607575,1730,1304,426,1,xes3g5m,simplekt,full,2025
0.7914923067364348,0.7870229007633588,0.6382174858057711,0.41013428026184034,0.12140980677731723,0.1682101278458978,0.017867753092030005,0.04484451211358067,7860,5758,2102,10,xes3g5m,simplekt,full,2025
0.7435335625519675,0.7615499254843517,0.5895075007629734,0.4209689261155418,0.11394328146273527,0.17721483675487248,0.01568187882551991,0.03564743361073907,671,489,182,100,xes3g5m,simplekt,full,2025
0.7252247769208342,0.7371980676328502,0.9128102555853491,0.4677891094106703,0.19141361500282209,0.21882665088322806,0.04124251928457306,0.020575033922854775,2070,1501,569,101,xes3g5m,simplekt,full,2025
0.9494797956080326,0.9178461987450751,0.24578858845053644,0.2546944466367196,0.0430835033629024,0.06486926114758479,0.0032468846764386007,0.08996128726055808,6853,5568,1285,102,xes3g5m,simplekt,full,2025
0.9867340361383153,0.9474708171206225,0.16813732215091767,0.20528353501458363,0.04385463899941119,0.04214132974808378,0.00799190948450941,0.1470234193280232,514,391,123,103,xes3g5m,simplekt,full,2025
0.7144797285800597,0.827054220234768,0.4637644121553662,0.3655854430937235,0.07726385873217137,0.13365271620203414,0.008838366162166569,0.013303956846527524,8945,7457,1488,104,xes3g5m,simplekt,full,2025
0.8362262093576527,0.8123249299719888,0.676337262480471,0.38743218103675015,0.13751919680400554,0.15010369490289313,0.029938978042536583,0.07653918626041102,714,520,194,105,xes3g5m,simplekt,full,2025
0.6789130472353964,0.8886713971127966,0.4245322240111704,0.3098039263940556,0.08514135123196567,0.09597847280917342,0.015427955873584977,0.002158632106257306,8174,7426,748,106,xes3g5m,simplekt,full,2025
0.7070922058914473,0.7448770491803278,0.8282235373968954,0.4503448269508807,0.16712574063553132,0.20281046316141868,0.031096865414919708,0.031325088623804884,976,698,278,107,xes3g5m,simplekt,full,2025
0.6006948752738956,0.7677438840229538,0.7512569755002085,0.4368247110599235,0.17147225079769948,0.19081582819258566,0.043145426960800023,0.0028915538975657247,9933,8090,1843,108,xes3g5m,simplekt,full,2025
0.6318820198474777,0.7558330594807755,0.6815018424839412,0.43022490995089124,0.14423576792664738,0.1850934731422525,0.030036474651947594,0.0050054962723242655,9129,7295,1834,109,xes3g5m,simplekt,full,2025
0.8380592747782571,0.8572182633940354,0.5151758296532214,0.3458153847611882,0.09869345355971457,0.11958828033752865,0.012477429955098948,0.04366081583545758,3789,3079,710,11,xes3g5m,simplekt,full,2025
0.8237860661505981,0.8949579831932774,0.5463275359236123,0.30629862549757525,0.09025402607606631,0.09381884798170384,0.013474787901070553,0.04469123421955329,238,203,35,110,xes3g5m,simplekt,full,2025
0.5136938202247191,0.8444444444444444,0.8859594619659389,0.39167426657162585,0.15450057510345702,0.15340873109442102,0.03144992803872346,0.006605035176463747,315,267,48,111,xes3g5m,simplekt,full,2025
0.6491037918042225,0.7499381647291615,0.6106835811917238,0.4279328575094581,0.12442572914928218,0.18312653053621017,0.023203885025841118,0.007363366941104612,4043,3180,863,112,xes3g5m,simplekt,full,2025
0.8453899647195512,0.8278410840776101,0.42717993505478724,0.3577007410205731,0.08963404041043918,0.12794982012666709,0.014775061997358441,0.06415778547788886,3247,2491,756,114,xes3g5m,simplekt,full,2025
1.0,1.0,3.0897002669270227e-05,0.0008864944740117574,3.0496135530531965e-05,7.858724524533824e-07,9.968165414816831e-10,0.1875,1160,870,290,115,xes3g5m,simplekt,full,2025
0.4890229367685656,0.6461001164144354,1.7434722258549575,0.5537735055426486,0.2885354190532698,0.3066650954409939,0.09392567715299005,0.001747423234849585,859,593,266,116,xes3g5m,simplekt,full,2025
0.8318481584895625,0.8400954653937948,0.5541730402121758,0.36250544368313,0.11097744163808806,0.13141019669990292,0.016036427532243297,0.05439109463659528,2095,1635,460,117,xes3g5m,simplekt,full,2025
0.6853739506614469,0.7178885630498534,0.7893935756456091,0.47129194182905526,0.16893019627402822,0.22211609443300162,0.035073170356041315,0.01803757129370733,1705,1211,494,118,xes3g5m,simplekt,full,2025
0.7486502028607235,0.8310234541577826,0.6329614287713592,0.37641838053847226,0.1197583274170533,0.14169079720720612,0.0207362987329509,0.016832142009202775,3752,3129,623,121,xes3g5m,simplekt,full,2025
0.6060655381944444,0.8409090909090909,0.9204035733919015,0.3864185387804107,0.14118470923238582,0.14931928711318776,0.023208782104697644,0.02292177328029055,352,288,64,129,xes3g5m,simplekt,full,2025
0.6768674319472787,0.836694214876033,0.5415786699716505,0.3691739821390202,0.10094900293291112,0.1362894290883816,0.011966568788923854,0.007783185505980274,3025,2549,476,131,xes3g5m,simplekt,full,2025
0.6921611847032891,0.848297213622291,0.469855012492798,0.3456804546116227,0.09060880539494767,0.11949497670049816,0.016384308698328704,0.008242221952136631,646,563,83,137,xes3g5m,simplekt,full,2025
0.8530351895233396,0.8854771784232365,0.44420964359375237,0.312451277821876,0.07747146605865651,0.09762580101252313,0.008218842090679026,0.04725046173977769,6025,5033,992,139,xes3g5m,simplekt,full,2025
0.9365431693115585,0.9237800779674687,0.216561447891904,0.2445086595588012,0.03168509085095274,0.05978448459924174,0.0016346342149076236,0.06305896514083181,7439,6380,1059,14,xes3g5m,simplekt,full,2025
0.6860556722689075,0.972176759410802,0.2723730732108196,0.17042401193724444,0.03075892359079345,0.029044343844786033,0.004852752488990519,0.001204836136916968,1222,1190,32,143,xes3g5m,simplekt,full,2025
0.8586145360155744,0.8528925619834711,0.3997774597168389,0.3367338099509862,0.09284331146174273,0.11338965876410687,0.03796494312056947,0.025010270110617218,605,536,69,159,xes3g5m,simplekt,full,2025
0.7331495029909494,0.7253694581280788,0.8554831232232153,0.4649039766373289,0.17897787288370753,0.21613570749320205,0.042138030485124434,0.030721206648546703,1624,1158,466,0,xes3g5m,simplekt,t500,42
0.6632928842212186,0.7578313253012048,1.0468525529683959,0.45458301862183753,0.18379809659818422,0.2066457208193419,0.03910413819130095,0.012149647459168328,1660,1269,391,1,xes3g5m,simplekt,t500,42
0.7079781905697148,0.7426864185235902,1.025590952943278,0.4675054047400633,0.19621508969859225,0.2185613034611704,0.04460317227510555,0.016683471696701226,8033,5956,2077,10,xes3g5m,simplekt,t500,42
0.715930333998006,0.7861842105263158,0.5025209545738986,0.3996646396026712,0.07159717371197123,0.15973182414873302,0.00792643404192001,0.02133253208490588,608,472,136,100,xes3g5m,simplekt,t500,42
0.6828918101541241,0.6968348170128585,0.8059342135071382,0.4828743548230104,0.17996510060999915,0.23316764254573852,0.04835564672895618,0.016460538126821758,2022,1455,567,101,xes3g5m,simplekt,t500,42
0.9340647592652493,0.9000583600817041,0.2734726135011483,0.2748050888977226,0.05082614317573069,0.07551783688408523,0.006362852948362773,0.07714962986371099,6854,5623,1231,102,xes3g5m,simplekt,t500,42
0.969873532068654,0.9488752556237219,0.1686892128173651,0.2089325081504031,0.03748661266941699,0.04365279296201825,0.006212065942191833,0.1474345872346945,489,369,120,103,xes3g5m,simplekt,t500,42
0.6644889133939477,0.7389385538078533,0.8785509651358884,0.46398533719216145,0.19275711325496664,0.21528239312932373,0.07903610483155757,0.006972413951632287,8837,7302,1535,104,xes3g5m,simplekt,t500,42
0.8449400941377836,0.8330871491875923,0.513579498560477,0.3654996910428881,0.10118756872812287,0.13359002415244667,0.012186404032626162,0.060688124984534256,677,513,164,105,xes3g5m,simplekt,t500,42
0.6191246433503884,0.8778813143697891,0.5795488770294192,0.3284231878888697,0.10548026294519362,0.10786179034308781,0.02513915580982416,0.0008810138642548479,8156,7402,754,106,xes3g5m,simplekt,t500,42
0.6569215292894045,0.726890756302521,1.1087480543845498,0.4824009208130254,0.21412196657287758,0.2327106484012548,0.05221845429119921,0.012554983038762246,952,701,251,107,xes3g5m,simplekt,t500,42
0.5851267919410394,0.6956125240652549,1.0050611178968174,0.49869111736442717,0.23180266838049315,0.24869283053818086,0.10619457781711959,0.00211265311056459,9869,8134,1735,108,xes3g5m,simplekt,t500,42
0.5944901816205652,0.6280749266531257,1.3604623571585037,0.5631041485549357,0.2983151651510039,0.3170862821197791,0.1604581068064154,0.0028949705814273344,8862,7094,1768,109,xes3g5m,simplekt,t500,42
0.8393980208496339,0.8760925449871465,0.48443586870314603,0.32648435993352376,0.08642532482472726,0.10659203728120269,0.008760952671156227,0.04318372656554937,3890,3224,666,11,xes3g5m,simplekt,t500,42
0.8244244244244244,0.8867924528301887,0.46621956679844706,0.3171795616747268,0.09640317307433713,0.10060287434417181,0.013576350917862016,0.02303936230990471,212,185,27,110,xes3g5m,simplekt,t500,42
0.5933554817275748,0.8368055555555556,0.7652550095136477,0.3798739520076329,0.1364651462968646,0.14430421941389737,0.02720209327934119,0.008499089479067279,288,245,43,111,xes3g5m,simplekt,t500,42
0.6294618907569818,0.6956632006086736,0.9051205998898011,0.4950469167182819,0.21551573394033408,0.24507144975227751,0.07651795173037161,0.005995971095447503,3943,3051,892,112,xes3g5m,simplekt,t500,42
0.8225949571827798,0.8087535680304472,0.5655306938102244,0.38871831466380286,0.12152253668778182,0.15110192815506726,0.018667478335520175,0.045262651722204644,3153,2416,737,114,xes3g5m,simplekt,t500,42
0.9999691772528125,0.9973262032085561,0.007610529333795058,0.04441085486455505,0.0031707508645650536,0.001972324029800573,0.0006642592552374705,0.17906833843284667,1122,857,265,115,xes3g5m,simplekt,t500,42
0.5675233307810956,0.6357541899441341,1.3448356542428004,0.557731150875551,0.28669432160970054,0.3110640366569667,0.08980532942098446,0.0021593821589524238,895,589,306,116,xes3g5m,simplekt,t500,42
0.772221142162819,0.8456209797130133,0.6421955419679646,0.3589234655007517,0.09856958639865375,0.12882605408706932,0.016467592305241856,0.03869860974778058,2021,1646,375,117,xes3g5m,simplekt,t500,42
0.623795300677021,0.6733212341197822,0.9098551600492454,0.5019908703455764,0.1999745809043354,0.25199483391030936,0.05865952653101021,0.008630251750448938,1653,1188,465,118,xes3g5m,simplekt,t500,42
0.7056988468608991,0.8213326168726491,0.7497552968343791,0.39723972770349064,0.1324374935862896,0.1577994012659434,0.03134800207054369,0.011534010771042259,3722,3103,619,121,xes3g5m,simplekt,t500,42
0.8076729559748428,0.8838526912181303,0.4308283990638006,0.3215940028898868,0.09079233150158823,0.10342270269474055,0.011647943447859644,0.03482153571526288,353,300,53,129,xes3g5m,simplekt,t500,42
0.6977427272361485,0.842833607907743,0.4016624742285117,0.35101723457191386,0.036911893894978766,0.12321309896651399,0.00352728705284784,0.009262657937732365,3035,2571,464,131,xes3g5m,simplekt,t500,42
0.6373581556030037,0.8757763975155279,0.4918434951393413,0.3310829371317381,0.09796105339105088,0.10961591125977845,0.013502082765196731,0.004221193866576981,644,571,73,137,xes3g5m,simplekt,t500,42
0.848737547615021,0.8935655539429125,0.3857856098771026,0.3010675178975955,0.07350004179363377,0.09064165033301898,0.008486412656371827,0.04641915323600433,6201,5256,945,139,xes3g5m,simplekt,t500,42
0.8859659734391436,0.9010730175346768,0.2797784017362127,0.276891445028074,0.05132269147237075,0.07666887232973493,0.007162268752886067,0.04915442389077716,7642,6588,1054,14,xes3g5m,simplekt,t500,42
0.541144622711038,0.9734816082121471,0.1810749742652537,0.1764498033293119,0.031204979219836337,0.031134533094952847,0.005259485098173189,3.204886891408714e-05,1169,1138,31,143,xes3g5m,simplekt,t500,42
0.7593604370882211,0.9084380610412927,0.38803078576560746,0.2795813418671203,0.06648948946482833,0.07816572672021961,0.008303226161459593,0.009743037629956678,557,508,49,159,xes3g5m,simplekt,t500,42
0.6272608167107712,0.6656403940886699,0.797765726692305,0.49000525935231865,0.18222095537327584,0.24010515419293305,0.044759641031144694,0.009767352700194559,1624,1158,466,0,xes3g5m,simplekt,t100,42
0.6922562220488977,0.7397590361445783,0.8324742396748505,0.4540688692380606,0.1748077981067951,0.20617853801113098,0.04289137278767909,0.0162450397370967,1660,1269,391,1,xes3g5m,simplekt,t100,42
0.7075091757788539,0.7134320926179509,0.8426674834138348,0.4715646292378118,0.18663800930715202,0.2223731995481949,0.05151806164583947,0.020210965223926815,8033,5956,2077,10,xes3g5m,simplekt,t100,42
0.6635717846460618,0.7648026315789473,0.598112067796109,0.4207933639254214,0.1203627181743421,0.17706705512367213,0.01956937088008921,0.01727590302820026,608,472,136,100,xes3g5m,simplekt,t100,42
0.6787965841803183,0.7096933728981206,0.6548013463952864,0.4566081328929796,0.1304387257120178,0.2084909870240129,0.023835330356563295,0.0171079171247065,2022,1455,567,101,xes3g5m,simplekt,t100,42
0.9136729976236339,0.8971403559964984,0.3761389237419295,0.29044195307984777,0.07114703967782618,0.08435652810883648,0.008233684243228949,0.07007097037175052,6854,5623,1231,102,xes3g5m,simplekt,t100,42
0.5719060523938573,0.7382413087934561,0.9904387703800218,0.4662286925425559,0.1903632329018406,0.21736919374994113,0.04347877540155655,0.011553624554837598,489,369,120,103,xes3g5m,simplekt,t100,42
0.6837922232720142,0.8095507525178228,0.6268776585951809,0.391201824923672,0.11894151840245563,0.1530388678236113,0.018566377904514493,0.008507991976979056,8837,7302,1535,104,xes3g5m,simplekt,t100,42
0.828293633813531,0.7740029542097489,0.5546705890337578,0.40557676645614865,0.1344092145240768,0.16449251348902533,0.03389916177183718,0.05148795728950291,677,513,164,105,xes3g5m,simplekt,t100,42
0.5909882052094315,0.8363168219715547,0.5200702520210589,0.3605874927569212,0.12757346182140633,0.13002333993272272,0.046943454998020516,0.0006469215014515913,8156,7402,754,106,xes3g5m,simplekt,t100,42
0.6623207597569778,0.7111344537815126,0.9279522420269635,0.4825536189543167,0.20403039325043054,0.23285799516590788,0.052638626900833534,0.012481992620042136,952,701,251,107,xes3g5m,simplekt,t100,42
0.4915508177508009,0.813557604620529,0.86087350676832,0.41537012451278554,0.1543242964113892,0.172532340337767,0.027361317573466184,0.00011408458679678953,9869,8134,1735,108,xes3g5m,simplekt,t100,42
0.5564737009288327,0.7602121417287294,0.6822934207315217,0.4329199832296579,0.14176558164387273,0.1874197118795673,0.02929224984537529,0.0014451921716083338,8862,7094,1768,109,xes3g5m,simplekt,t100,42
0.8056412491896362,0.8686375321336761,0.6385423939006729,0.34010861633735023,0.10655766346378209,0.11567387090690691,0.016113875339691497,0.041211264098204525,3890,3224,666,11,xes3g5m,simplekt,t100,42
0.7533533533533534,0.8632075471698113,0.4121547826583935,0.3407825166460936,0.10778745863962269,0.11613272365164505,0.0294966007247778,0.02297017397418514,212,185,27,110,xes3g5m,simplekt,t100,42
0.6500237304224015,0.8055555555555556,0.5316110527695181,0.3874597963123251,0.1324191496458333,0.15012509375838842,0.03613786362284107,0.012804209226113895,288,245,43,111,xes3g5m,simplekt,t100,42
0.6222360749177289,0.7156987065686026,0.8332897614323963,0.4758431503030586,0.19172495366318293,0.22642670369033926,0.058430094873005926,0.006749459780780931,3943,3051,892,112,xes3g5m,simplekt,t100,42
0.7986141687708358,0.8179511576276562,0.6350676103129067,0.3873492573992119,0.12921540188736153,0.1500394472077209,0.02346252056138899,0.05130779476416113,3153,2416,737,114,xes3g5m,simplekt,t100,42
0.9920389247264482,0.9803921568627451,0.10056189480583282,0.13433783094209964,0.018316230183999103,0.018046652822228147,0.002344651019457883,0.16435975414723228,1122,857,265,115,xes3g5m,simplekt,t100,42
0.5919360387052388,0.6312849162011173,1.104252711470421,0.5414144185215156,0.251728053046391,0.2931295725829909,0.07388299464022136,0.005655734424987775,895,589,306,116,xes3g5m,simplekt,t100,42
0.7515488051842851,0.8218703612073232,0.6305793583293974,0.37937092526219546,0.11405433522540132,0.14392229893429428,0.017178912946838928,0.02372112127878627,2021,1646,375,117,xes3g5m,simplekt,t100,42
0.6419825495094312,0.6944948578342408,0.8090556986713112,0.4813117116204592,0.17618740041040531,0.2316609637430161,0.041653260110050085,0.01243131017760501,1653,1188,465,118,xes3g5m,simplekt,t100,42
0.6908937465801244,0.8218699623858141,0.6097388249642366,0.384180289904901,0.11681798732178406,0.14759449515141376,0.01963434765715341,0.010360493561489222,3722,3103,619,121,xes3g5m,simplekt,t100,42
0.7796855345911948,0.8470254957507082,0.4565141373375844,0.3392204834617481,0.1078524411615581,0.11507053640002213,0.0243711562055529,0.03665999367232826,353,300,53,129,xes3g5m,simplekt,t100,42
0.6180780489276949,0.8184514003294893,0.5710132206783003,0.3818245267487825,0.10896281202243817,0.1457899692269317,0.019635506159721802,0.003404968499122241,3035,2571,464,131,xes3g5m,simplekt,t100,42
0.6489096274260492,0.8571428571428571,0.7102945536448018,0.3472077161031827,0.11497200636428583,0.12055319812158831,0.026544612253133877,0.006981334658218267,644,571,73,137,xes3g5m,simplekt,t100,42
0.8123164858705194,0.8909853249475891,0.5541309499547892,0.30422533435368165,0.07415698495886755,0.0925530540626094,0.007920355603034085,0.04429309088876113,6201,5256,945,139,xes3g5m,simplekt,t100,42
0.8464847966920477,0.8733315885893745,0.3756544034367532,0.31118676822730224,0.06622945989302664,0.09683720471975271,0.00926032856177159,0.030828540567982256,7642,6588,1054,14,xes3g5m,simplekt,t100,42
0.5011338511253473,0.941830624465355,0.27830825961825567,0.22812057207808606,0.062493391366552645,0.052038995405233254,0.026440630321371027,0.00045725954498636014,1169,1138,31,143,xes3g5m,simplekt,t100,42
0.8518399485778564,0.8994614003590664,0.37754013128035335,0.2818533034806001,0.07745640120484722,0.07944128468292726,0.02212755126235056,0.022377247049622018,557,508,49,159,xes3g5m,simplekt,t100,42
0.6999331020629025,0.7062807881773399,1.0776209890538935,0.4845542185718263,0.20599707423314556,0.2347927907357532,0.05436917436919955,0.023467320169345402,1624,1158,466,0,xes3g5m,simplekt,t50,42
0.7070543090296042,0.7379518072289156,0.8661360755629066,0.4546289362380474,0.18036330320710847,0.2066874696649386,0.045018630847694446,0.018068288143721765,1660,1269,391,1,xes3g5m,simplekt,t50,42
0.7466759122345766,0.7563799327772937,0.8809326888777231,0.4454147124782746,0.17008834712798285,0.198394266092104,0.03877580897417725,0.03156791648701226,8033,5956,2077,10,xes3g5m,simplekt,t50,42
0.6489282153539382,0.7680921052631579,0.7291784122325129,0.43951334798940495,0.1548651801993422,0.19317198306085576,0.033225176836353586,0.013210872172918015,608,472,136,100,xes3g5m,simplekt,t50,42
0.6796820548252392,0.6656775469831849,0.7016562899487477,0.4769380893660017,0.15912474615024724,0.22746994108809218,0.042571279659739475,0.016327601225314,2022,1455,567,101,xes3g5m,simplekt,t50,42
0.8931661666363041,0.9057484680478552,0.37509400123302705,0.28124491866848667,0.05777120335925827,0.07909870427684366,0.0037312416145625672,0.07128793697026352,6854,5623,1231,102,xes3g5m,simplekt,t50,42
0.8945347786811202,0.852760736196319,0.38395281346598437,0.33470187401118134,0.05507576651697343,0.1120253444665967,0.01053026832788725,0.08363282651607945,489,369,120,103,xes3g5m,simplekt,t50,42
0.6966259745890867,0.7588548149824601,0.7693382420743505,0.4397812130919279,0.16960687628382665,0.1934075153886077,0.06018983488988733,0.009628890131956691,8837,7302,1535,104,xes3g5m,simplekt,t50,42
0.8197237674131128,0.7991137370753324,0.5968730971446974,0.40067125259330366,0.13343065538787297,0.16053745265468694,0.03034735342739067,0.05266208662489283,677,513,164,105,xes3g5m,simplekt,t50,42
0.5596808913212216,0.8715056400196175,0.5117424936513636,0.3290585037287889,0.10033070857482834,0.10827949887622938,0.024776219089784227,0.00048321034623137444,8156,7402,754,106,xes3g5m,simplekt,t50,42
0.537030195906815,0.6081932773109243,1.1567023617682957,0.5501485760618625,0.28254421838414917,0.3026634557428949,0.11377922862494595,0.005176726795721397,952,701,251,107,xes3g5m,simplekt,t50,42
0.5326907937578698,0.6913567737359408,0.7862744139651311,0.48068259965691407,0.2098457743872429,0.23105576161292912,0.086541410799964,0.0005301949514316313,9869,8134,1735,108,xes3g5m,simplekt,t50,42
0.5022870005498241,0.7213947190250508,0.7607998551633891,0.4669343730383591,0.19428580832783798,0.21802770872472552,0.05863497258641912,0.0005291572715483889,8862,7094,1768,109,xes3g5m,simplekt,t50,42
0.8068933542723865,0.8719794344473007,0.8521615104508996,0.33807748440550406,0.10369864553605788,0.11429638546195385,0.0121445302295921,0.03922723476607937,3890,3224,666,11,xes3g5m,simplekt,t50,42
0.7533533533533534,0.8820754716981132,0.5218717659714657,0.32665468789125335,0.10950523791509448,0.10670328512133215,0.02278799218583041,0.026611432948207593,212,185,27,110,xes3g5m,simplekt,t50,42
0.6470811580446132,0.7847222222222222,0.6486714284706363,0.417449446050371,0.15350546950034727,0.17426404000776158,0.052600808195490324,0.006676739795741433,288,245,43,111,xes3g5m,simplekt,t50,42
0.5661778539124862,0.7621100684757799,0.982931919213392,0.4636989333007685,0.19646048709738778,0.21501670074427054,0.04195333800409615,0.0011068158897962763,3943,3051,892,112,xes3g5m,simplekt,t50,42
0.7893781955664183,0.7808436409768474,0.625590563067382,0.4144342824079747,0.14544146899699145,0.17175577443501291,0.02969845713779411,0.035442295533623575,3153,2416,737,114,xes3g5m,simplekt,t50,42
0.9960018493648313,0.983957219251337,0.06800748403882066,0.11152338290668891,0.012517705637024156,0.012437464934951953,0.002556065304564651,0.17041881650337667,1122,857,265,115,xes3g5m,simplekt,t50,42
0.5246235449471244,0.5709497206703911,1.3175612064974234,0.5794195904079659,0.3076575000246258,0.3357270617485349,0.11522005394204377,0.003977352332037746,895,589,306,116,xes3g5m,simplekt,t50,42
0.6545565006075335,0.7525977238990599,0.7492684436526463,0.43852751534850365,0.17071018910562552,0.19230638171773212,0.0504378106239665,0.009546292853797765,2021,1646,375,117,xes3g5m,simplekt,t50,42
0.5948951884435755,0.5765275257108288,0.8998883717987278,0.5415234781557744,0.25690945934833637,0.29324767739392743,0.09743141082165974,0.006740766758308202,1653,1188,465,118,xes3g5m,simplekt,t50,42
0.7232263112928912,0.8017195056421279,0.69597820578942,0.40200709741307095,0.140233224883571,0.1616097063704823,0.03730742950783068,0.013637352319150448,3722,3103,619,121,xes3g5m,simplekt,t50,42
0.7321698113207548,0.8385269121813032,0.9012045117636072,0.3879733677169965,0.15285405132917845,0.15052333405766777,0.03504037018526206,0.01119559706338663,353,300,53,129,xes3g5m,simplekt,t50,42
0.620450750412425,0.8303130148270181,0.7072363673629444,0.3862872067652075,0.12930259032985175,0.14921780611046617,0.0221269393168551,0.0021209219501198834,3035,2571,464,131,xes3g5m,simplekt,t50,42
0.5765659861334358,0.8354037267080745,0.5640052659343094,0.3670106739150677,0.12880157916071433,0.13469683476759214,0.03602862441883514,0.0021500172375796727,644,571,73,137,xes3g5m,simplekt,t50,42
0.8520322453351372,0.8830833736494114,0.52756922812591,0.31496673314418944,0.08910261883026666,0.09920404298752303,0.01573422968177608,0.045141363319014374,6201,5256,945,139,xes3g5m,simplekt,t50,42
0.8263217061899676,0.8730698769955509,0.5152829533854303,0.3259824834935495,0.08777668029342667,0.10626457954462228,0.012998545381756953,0.02485232703371866,7642,6588,1054,14,xes3g5m,simplekt,t50,42
0.48435285447020804,0.9555175363558597,0.26537084718883175,0.20836781955611589,0.04978223500325053,0.04341714822657007,0.017811738341841434,0.0003270381442785405,1169,1138,31,143,xes3g5m,simplekt,t50,42
0.8308894423911296,0.8725314183123878,0.33217003039000936,0.3056300769078352,0.08390454409335729,0.09340974391068926,0.02725361710127165,0.012825411235148906,557,508,49,159,xes3g5m,simplekt,t50,42
